{
"type": "FeatureCollection",
"name": "defences",
"crs": { "type": "name", "properties": { "name": "urn:ogc:def:crs:OGC:1.3:CRS84" } },
"features": [
{ "type": "Feature", "properties": { "name": "King's Dike: BMA northern boundary (closure to the river, approximate)", "crest_m": 2.5, "kind": "dike", "source": "Route: Royal Development Projects Board, 'Eastern King's Dike' project (km.rdpb.go.th/Project/View/6635); Think of Living, 'Where are the dike lines?', 12 Oct 2011 (route by road). Crest: JICA, Study on the BMA Subcenters Program, ch. 5.3 (Rom Klao Road dike designed at 2.47 m MSL); BMA flood walls: upstream +3.00-3.50, middle +2.80-3.00, downstream +2.50-2.80 m MSL (BMA, 'Flood Mitigation and Management in Bangkok', UNESCAP; Pattaya Mail, 10 Oct 2024).", "note": "Approximate: Bangkok's northern boundary stands in for the northern defence line." }, "geometry": { "type": "LineString", "coordinates": [ [ 100.50734963942628, 13.816190355239556 ], [ 100.506293750000054, 13.819339220000074 ], [ 100.507659165000064, 13.822805366000068 ], [ 100.510121712000057, 13.824187724000069 ], [ 100.509377275000077, 13.825611524000067 ], [ 100.511833291000073, 13.826076711000042 ], [ 100.51309916200006, 13.824733355000035 ], [ 100.513341636000064, 13.826261561000024 ], [ 100.535974270000054, 13.846042003000036 ], [ 100.543629472000077, 13.849628112000062 ], [ 100.550285182000039, 13.877585603000057 ], [ 100.558893117000082, 13.914457016000028 ], [ 100.567548358000067, 13.951203277000047 ], [ 100.574060669000062, 13.954633216000047 ], [ 100.591784818000065, 13.950337601000058 ], [ 100.605677143000037, 13.944099922000078 ], [ 100.604225150000048, 13.954255192000062 ], [ 100.606525949000059, 13.954378499000029 ], [ 100.612847032000047, 13.955198179000035 ], [ 100.622266325320709, 13.950393426237591 ] ] } },
{ "type": "Feature", "properties": { "name": "King's Dike: BMA northern boundary (closure to the river, approximate) (join)", "crest_m": 2.5, "kind": "dike", "source": "Route: Royal Development Projects Board, 'Eastern King's Dike' project (km.rdpb.go.th/Project/View/6635); Think of Living, 'Where are the dike lines?', 12 Oct 2011 (route by road). Crest: JICA, Study on the BMA Subcenters Program, ch. 5.3 (Rom Klao Road dike designed at 2.47 m MSL); BMA flood walls: upstream +3.00-3.50, middle +2.80-3.00, downstream +2.50-2.80 m MSL (BMA, 'Flood Mitigation and Management in Bangkok', UNESCAP; Pattaya Mail, 10 Oct 2024).", "note": "Approximate: Bangkok's northern boundary stands in for the northern defence line." }, "geometry": { "type": "LineString", "coordinates": [ [ 100.622266325320709, 13.950393426237595 ], [ 100.622266325320709, 13.950393426237595 ] ] } },
{ "type": "Feature", "properties": { "name": "King's Dike: Phahon Yothin Road", "crest_m": 2.5, "kind": "dike", "source": "Route: Royal Development Projects Board, 'Eastern King's Dike' project (km.rdpb.go.th/Project/View/6635); Think of Living, 'Where are the dike lines?', 12 Oct 2011 (route by road). Crest: JICA, Study on the BMA Subcenters Program, ch. 5.3 (Rom Klao Road dike designed at 2.47 m MSL); BMA flood walls: upstream +3.00-3.50, middle +2.80-3.00, downstream +2.50-2.80 m MSL (BMA, 'Flood Mitigation and Management in Bangkok', UNESCAP; Pattaya Mail, 10 Oct 2024).", "note": "Elevated road on an embankment." }, "geometry": { "type": "MultiLineString", "coordinates": [ [ [ 100.622011012586327, 13.952768832098641 ], [ 100.6220452, 13.9525823 ], [ 100.6222027, 13.9517309 ], [ 100.6222518, 13.9514363 ], [ 100.6223373, 13.951028 ], [ 100.6223631, 13.9508759 ], [ 100.6223898, 13.9506984 ], [ 100.6223997, 13.9506323 ], [ 100.6224568, 13.9502872 ], [ 100.6224783, 13.9501616 ] ], [ [ 100.619864125223501, 13.915 ], [ 100.6198851, 13.9150358 ], [ 100.6200059, 13.9152419 ], [ 100.620312, 13.9157647 ], [ 100.621419, 13.9176217 ], [ 100.6219862, 13.9185836 ], [ 100.6221746, 13.9189145 ], [ 100.6225017, 13.9194751 ], [ 100.622777, 13.9199398 ], [ 100.6228229, 13.9200172 ], [ 100.623021, 13.9203517 ], [ 100.6232479, 13.9207346 ], [ 100.623695, 13.9214836 ], [ 100.6237447, 13.9215669 ], [ 100.6243985, 13.9226797 ], [ 100.6248967, 13.9235277 ], [ 100.6249716, 13.9236534 ], [ 100.6252698, 13.9241741 ], [ 100.6254263, 13.9244465 ], [ 100.6257087, 13.9249378 ], [ 100.6257793, 13.9250482 ], [ 100.6259536, 13.9253366 ], [ 100.6262161, 13.9257709 ], [ 100.6263516, 13.9260613 ], [ 100.6264031, 13.9262946 ], [ 100.626443, 13.9265075 ], [ 100.626461, 13.9266611 ], [ 100.6264606, 13.9268232 ], [ 100.6264499, 13.9269733 ], [ 100.6264322, 13.9271167 ], [ 100.6264031, 13.9272776 ], [ 100.6262331, 13.9282063 ], [ 100.6260987, 13.9289407 ], [ 100.6259198, 13.9299878 ], [ 100.6255739, 13.9319322 ], [ 100.6251082, 13.9345164 ], [ 100.6250738, 13.9346819 ], [ 100.6250369, 13.9348891 ], [ 100.6249795, 13.9352102 ], [ 100.6247265, 13.9366246 ], [ 100.6247006, 13.936742 ], [ 100.6246824, 13.9368423 ], [ 100.6246505, 13.9370463 ], [ 100.624576, 13.9374476 ], [ 100.6244796, 13.9379711 ], [ 100.6243863, 13.9385363 ], [ 100.6243588, 13.9386668 ], [ 100.6243239, 13.938851 ], [ 100.6243027, 13.9389795 ], [ 100.6239989, 13.9407549 ], [ 100.6239223, 13.9411773 ], [ 100.623854, 13.941574 ], [ 100.6238169, 13.9417484 ], [ 100.6237448, 13.94215 ], [ 100.6236922, 13.9424612 ], [ 100.6236835, 13.9425267 ] ], [ [ 100.6224783, 13.9501616 ], [ 100.6225633, 13.9500329 ], [ 100.6227985, 13.9488021 ], [ 100.6229355, 13.948052 ], [ 100.6230212, 13.94756 ], [ 100.6230918, 13.9471542 ], [ 100.623107, 13.9470668 ], [ 100.6231435, 13.9468569 ], [ 100.6232099, 13.9464848 ], [ 100.6232561, 13.9462299 ], [ 100.6233637, 13.9455833 ], [ 100.6234079, 13.9453641 ], [ 100.6235756, 13.9444008 ], [ 100.6237141, 13.9435447 ], [ 100.6238362, 13.9427143 ], [ 100.6238373, 13.9425709 ] ], [ [ 100.6238373, 13.9425709 ], [ 100.623969, 13.941887 ], [ 100.6241785, 13.9408115 ], [ 100.6243221, 13.9399739 ], [ 100.6243789, 13.9396459 ], [ 100.6246082, 13.9383227 ], [ 100.6246242, 13.9382061 ], [ 100.6246814, 13.9378255 ], [ 100.6247519, 13.9374495 ], [ 100.6247876, 13.9372677 ], [ 100.6248691, 13.9368378 ], [ 100.6249741, 13.9362889 ], [ 100.6250607, 13.9358302 ], [ 100.6251018, 13.9355728 ], [ 100.6251976, 13.9350536 ], [ 100.6252549, 13.9347417 ], [ 100.6252708, 13.9346551 ], [ 100.6252921, 13.9345355 ], [ 100.6253699, 13.9341049 ], [ 100.6254778, 13.9335076 ], [ 100.625622, 13.932709 ], [ 100.6256797, 13.9323683 ], [ 100.6257898, 13.9318211 ], [ 100.6258481, 13.9314466 ], [ 100.6259766, 13.9307147 ], [ 100.6260435, 13.9303341 ], [ 100.626103, 13.9299951 ], [ 100.6262085, 13.9293515 ], [ 100.6262396, 13.929185 ], [ 100.6262891, 13.9288967 ], [ 100.626334, 13.9286551 ], [ 100.6264159, 13.9282371 ], [ 100.62662, 13.9270809 ], [ 100.6266308, 13.9270022 ], [ 100.6266491, 13.926819 ], [ 100.626647, 13.9267077 ], [ 100.6266456, 13.9266334 ], [ 100.626623, 13.9264349 ], [ 100.6265873, 13.9262596 ], [ 100.6265405, 13.9261149 ], [ 100.6265123, 13.9260261 ], [ 100.6264739, 13.9259048 ], [ 100.6264144, 13.9257671 ], [ 100.6263041, 13.9255489 ], [ 100.6261488, 13.9252766 ], [ 100.6254919, 13.9241706 ], [ 100.6250986, 13.9235363 ], [ 100.6250733, 13.9234867 ], [ 100.6250501, 13.9234411 ], [ 100.624416, 13.9223982 ], [ 100.6239497, 13.9215536 ], [ 100.6239072, 13.9214825 ], [ 100.6238534, 13.9213923 ], [ 100.6237939, 13.9212928 ], [ 100.6237192, 13.9211678 ], [ 100.6235901, 13.9209516 ], [ 100.6234054, 13.9206424 ], [ 100.6230982, 13.9201281 ], [ 100.6229362, 13.9198568 ], [ 100.6229256, 13.9198393 ], [ 100.6226508, 13.9193869 ], [ 100.6219633, 13.9182333 ], [ 100.6208691, 13.9163975 ], [ 100.6207874, 13.9162604 ], [ 100.6206686, 13.9160611 ], [ 100.6204421, 13.9156824 ], [ 100.620040180412218, 13.915 ] ], [ [ 100.6236835, 13.9425267 ], [ 100.6236226, 13.9427245 ], [ 100.6235041, 13.9431997 ], [ 100.6234882, 13.9433037 ], [ 100.6234599, 13.9434558 ], [ 100.6233742, 13.9439528 ], [ 100.6232973, 13.9443046 ], [ 100.623243, 13.9446162 ], [ 100.6230573, 13.9455229 ], [ 100.622888, 13.9464379 ], [ 100.6228244, 13.9468291 ], [ 100.6227126, 13.9474589 ], [ 100.6226746, 13.947696 ], [ 100.6226401, 13.9479111 ], [ 100.6225752, 13.948311 ], [ 100.622527, 13.9486173 ], [ 100.6224372, 13.9491402 ], [ 100.6223557, 13.9496151 ], [ 100.622352, 13.9496955 ], [ 100.6223541, 13.9497658 ], [ 100.6223624, 13.9498756 ] ], [ [ 100.6223624, 13.9498756 ], [ 100.6222503, 13.9504798 ], [ 100.6218112, 13.9527516 ], [ 100.621737711381869, 13.952908242208551 ] ], [ [ 100.6236835, 13.9425267 ], [ 100.6236709, 13.9428067 ], [ 100.6233724, 13.9444645 ], [ 100.6227514, 13.9479132 ], [ 100.6224418, 13.9496328 ], [ 100.6224223, 13.9497082 ], [ 100.6224008, 13.9497738 ], [ 100.6223624, 13.9498756 ] ], [ [ 100.6224783, 13.9501616 ], [ 100.6224826, 13.9499914 ], [ 100.6224931, 13.9498676 ], [ 100.6225042, 13.9497551 ], [ 100.6225231, 13.9496276 ], [ 100.6228322, 13.9479185 ], [ 100.6234548, 13.9444758 ], [ 100.6237529, 13.9428277 ], [ 100.6238373, 13.9425709 ] ] ] } },
{ "type": "Feature", "properties": { "name": "King's Dike: Phahon Yothin Road (join)", "crest_m": 2.5, "kind": "dike", "source": "Route: Royal Development Projects Board, 'Eastern King's Dike' project (km.rdpb.go.th/Project/View/6635); Think of Living, 'Where are the dike lines?', 12 Oct 2011 (route by road). Crest: JICA, Study on the BMA Subcenters Program, ch. 5.3 (Rom Klao Road dike designed at 2.47 m MSL); BMA flood walls: upstream +3.00-3.50, middle +2.80-3.00, downstream +2.50-2.80 m MSL (BMA, 'Flood Mitigation and Management in Bangkok', UNESCAP; Pattaya Mail, 10 Oct 2024).", "note": "Elevated road on an embankment." }, "geometry": { "type": "LineString", "coordinates": [ [ 100.6264144, 13.9257671 ], [ 100.6339242, 13.9223395 ] ] } },
{ "type": "Feature", "properties": { "name": "King's Dike: Sai Mai Road", "crest_m": 2.5, "kind": "dike", "source": "Route: Royal Development Projects Board, 'Eastern King's Dike' project (km.rdpb.go.th/Project/View/6635); Think of Living, 'Where are the dike lines?', 12 Oct 2011 (route by road). Crest: JICA, Study on the BMA Subcenters Program, ch. 5.3 (Rom Klao Road dike designed at 2.47 m MSL); BMA flood walls: upstream +3.00-3.50, middle +2.80-3.00, downstream +2.50-2.80 m MSL (BMA, 'Flood Mitigation and Management in Bangkok', UNESCAP; Pattaya Mail, 10 Oct 2024).", "note": "Elevated road on an embankment." }, "geometry": { "type": "MultiLineString", "coordinates": [ [ [ 100.6349196, 13.9222928 ], [ 100.6348367, 13.9222873 ], [ 100.6346811, 13.922279 ], [ 100.6346372, 13.9222799 ], [ 100.6340401, 13.922324 ], [ 100.6339242, 13.9223395 ] ], [ [ 100.6340993, 13.9226388 ], [ 100.6341788, 13.9226041 ], [ 100.6346625, 13.922403 ], [ 100.6347296, 13.9223724 ] ], [ [ 100.6347296, 13.9223724 ], [ 100.6347829, 13.9223475 ], [ 100.6349196, 13.9222928 ] ], [ [ 100.6347296, 13.9223724 ], [ 100.6350135, 13.9229117 ], [ 100.6350473, 13.9229509 ], [ 100.635098, 13.9230028 ], [ 100.6351706, 13.9230772 ], [ 100.6351959, 13.9231095 ], [ 100.6356786, 13.9240467 ], [ 100.6357071, 13.9241172 ], [ 100.6359377, 13.92469 ], [ 100.6359882, 13.9247887 ], [ 100.63713, 13.9266862 ], [ 100.6374795, 13.9272671 ], [ 100.6374954, 13.9273135 ], [ 100.6375439, 13.9274546 ], [ 100.6380481, 13.9282668 ], [ 100.638157, 13.9284725 ], [ 100.6392956, 13.9304445 ], [ 100.6398844, 13.931586 ] ], [ [ 100.6349196, 13.9222928 ], [ 100.6350897, 13.922282 ], [ 100.6356991, 13.9222435 ], [ 100.6358451, 13.9222353 ], [ 100.6364054, 13.9222057 ], [ 100.636529, 13.9221966 ], [ 100.6366557, 13.9221907 ], [ 100.6370183, 13.9221584 ], [ 100.6372071, 13.9221494 ], [ 100.6377383, 13.9221242 ], [ 100.6384491, 13.922097 ], [ 100.6385097, 13.9220955 ], [ 100.6387978, 13.9220853 ], [ 100.6391242, 13.9220727 ], [ 100.639219, 13.9220691 ], [ 100.6392793, 13.9220665 ], [ 100.639572, 13.9220542 ], [ 100.6396233, 13.922052 ], [ 100.6397555, 13.9220464 ], [ 100.6398998, 13.9220403 ], [ 100.640111, 13.9220319 ], [ 100.6407785, 13.9220054 ], [ 100.641089, 13.9219989 ], [ 100.6414312, 13.9219888 ], [ 100.6417189, 13.9219803 ], [ 100.6417673, 13.9219777 ], [ 100.6419747, 13.9219663 ], [ 100.6421159, 13.9219586 ], [ 100.6423214, 13.921946 ], [ 100.6425707, 13.9219341 ], [ 100.642708, 13.9219279 ], [ 100.6427856, 13.9219247 ], [ 100.6431204, 13.9219111 ], [ 100.6434826, 13.9218963 ], [ 100.6435535, 13.9218934 ], [ 100.6437163, 13.9218904 ], [ 100.644164, 13.9218822 ], [ 100.6442486, 13.9218781 ], [ 100.6443895, 13.9218715 ], [ 100.6445918, 13.9218582 ], [ 100.644967, 13.9218429 ], [ 100.6450534, 13.9218397 ], [ 100.6455328, 13.9218234 ], [ 100.6456018, 13.9218216 ], [ 100.6459187, 13.9218134 ], [ 100.6459561, 13.9218114 ], [ 100.6460075, 13.92181 ], [ 100.6463592, 13.9217872 ], [ 100.6467339, 13.9217648 ], [ 100.6469256, 13.9217523 ], [ 100.6471017, 13.921741 ], [ 100.6471332, 13.921737 ], [ 100.6475138, 13.9217283 ], [ 100.6475649, 13.921727 ], [ 100.6476438, 13.9217257 ], [ 100.6479785, 13.9217081 ], [ 100.6483667, 13.9216839 ], [ 100.6485156, 13.9216826 ], [ 100.6488371, 13.9216637 ], [ 100.6490029, 13.921657 ], [ 100.6491712, 13.9216462 ], [ 100.6494076, 13.9216311 ], [ 100.6496857, 13.9216133 ], [ 100.6497552, 13.9216112 ], [ 100.6501327, 13.9216 ], [ 100.6502802, 13.9215956 ], [ 100.6504527, 13.9215905 ], [ 100.6506977, 13.9215832 ], [ 100.6507311, 13.9215824 ], [ 100.65089, 13.9215785 ], [ 100.6510825, 13.9215714 ], [ 100.6513237, 13.9215624 ], [ 100.6514313, 13.9215585 ], [ 100.6515281, 13.9215549 ], [ 100.6517931, 13.9215403 ], [ 100.6518755, 13.921537 ], [ 100.6520458, 13.9215271 ], [ 100.652557, 13.9215055 ], [ 100.6526493, 13.9215008 ], [ 100.652699, 13.9214992 ], [ 100.6530065, 13.9214861 ], [ 100.6534168, 13.9214686 ], [ 100.6537732, 13.9214534 ], [ 100.6538479, 13.9214503 ], [ 100.6541276, 13.9214388 ], [ 100.6542494, 13.921433 ], [ 100.6544478, 13.9214246 ], [ 100.6548609, 13.9214033 ], [ 100.6549479, 13.9214006 ], [ 100.6552683, 13.9213905 ], [ 100.6554832, 13.9213821 ], [ 100.6556223, 13.9213748 ], [ 100.6556871, 13.9213739 ], [ 100.6558973, 13.9213699 ], [ 100.6560261, 13.9213637 ], [ 100.6561515, 13.921357 ], [ 100.6562548, 13.9213526 ], [ 100.6566404, 13.9213381 ], [ 100.6567685, 13.9213316 ], [ 100.6568762, 13.9213283 ], [ 100.6573549, 13.9213098 ], [ 100.6577546, 13.9212959 ], [ 100.6581408, 13.9212842 ], [ 100.6582416, 13.9212776 ], [ 100.6584146, 13.9212717 ], [ 100.658707, 13.9212686 ], [ 100.6587871, 13.9212661 ], [ 100.6589277, 13.9212607 ], [ 100.6590032, 13.9212562 ], [ 100.6591963, 13.9212458 ], [ 100.6592942, 13.9212432 ], [ 100.6593955, 13.9212406 ], [ 100.6596099, 13.921236 ], [ 100.6596998, 13.9212317 ], [ 100.6600424, 13.921217 ], [ 100.6601708, 13.9212134 ], [ 100.6602425, 13.9212112 ], [ 100.6603888, 13.921206 ], [ 100.6604763, 13.9212021 ], [ 100.6606988, 13.9211918 ], [ 100.6610861, 13.9211746 ], [ 100.6611374, 13.9211723 ], [ 100.6612112, 13.9211688 ], [ 100.6613972, 13.9211701 ], [ 100.6614873, 13.9211671 ], [ 100.6616023, 13.9211615 ], [ 100.6617377, 13.9211589 ], [ 100.6618902, 13.9211531 ], [ 100.6619216, 13.9211524 ], [ 100.6621776, 13.9211524 ], [ 100.6622703, 13.9211476 ], [ 100.6623578, 13.9211474 ], [ 100.6624302, 13.9211432 ], [ 100.6627544, 13.9211143 ], [ 100.6631301, 13.9211071 ], [ 100.6633466, 13.9211148 ], [ 100.6634283, 13.9211116 ], [ 100.6635491, 13.9211109 ], [ 100.6637523, 13.9211097 ], [ 100.6638773, 13.9211089 ], [ 100.6639815, 13.9211076 ], [ 100.6640232, 13.921109 ], [ 100.6640714, 13.9211115 ], [ 100.6649217, 13.9211311 ], [ 100.6651561, 13.9211355 ], [ 100.6653361, 13.9211389 ], [ 100.6654326, 13.9211402 ], [ 100.665556, 13.9211389 ], [ 100.6656633, 13.9211376 ], [ 100.6658698, 13.9211454 ], [ 100.6659194, 13.9211428 ], [ 100.6661233, 13.9211415 ], [ 100.6662024, 13.9211454 ], [ 100.6664076, 13.921148 ], [ 100.6664557, 13.9211509 ], [ 100.6668448, 13.9211571 ], [ 100.6670393, 13.9211591 ], [ 100.6671204, 13.9211591 ], [ 100.6673692, 13.9211612 ], [ 100.6674173, 13.9211628 ], [ 100.6674683, 13.9211644 ], [ 100.6677237, 13.9211675 ], [ 100.6679699, 13.9211721 ], [ 100.6679948, 13.9211726 ], [ 100.6684245, 13.9211877 ], [ 100.6687021, 13.9211919 ], [ 100.6687572, 13.921191 ], [ 100.668807, 13.9211918 ], [ 100.6689273, 13.9211944 ], [ 100.6691677, 13.9211949 ], [ 100.6693111, 13.9211979 ], [ 100.6693582, 13.921199 ], [ 100.6694266, 13.9212034 ], [ 100.6695042, 13.9212039 ], [ 100.6695469, 13.9212054 ], [ 100.6695806, 13.9212046 ], [ 100.6699551, 13.921213 ], [ 100.6701146, 13.9212133 ], [ 100.6701639, 13.9212126 ], [ 100.6702378, 13.9212171 ], [ 100.670569, 13.9212171 ], [ 100.6706147, 13.9212182 ], [ 100.6706816, 13.9212154 ], [ 100.6709003, 13.9212219 ], [ 100.6710007, 13.9212193 ], [ 100.6710856, 13.9212229 ], [ 100.6711562, 13.9212258 ], [ 100.6716173, 13.9212391 ], [ 100.6720465, 13.921255 ], [ 100.6721795, 13.9212606 ], [ 100.6725323, 13.9212751 ], [ 100.672881, 13.9212874 ], [ 100.6732095, 13.9212905 ], [ 100.6732475, 13.9212914 ], [ 100.6736227, 13.9213003 ], [ 100.6740849, 13.9213113 ], [ 100.6743255, 13.9213142 ], [ 100.6744489, 13.921316 ], [ 100.6747546, 13.9213203 ], [ 100.6750173, 13.9213241 ], [ 100.6751007, 13.9213253 ], [ 100.6755323, 13.9213315 ], [ 100.6755758, 13.9213321 ], [ 100.6758436, 13.9213368 ], [ 100.6759348, 13.9213384 ], [ 100.6763928, 13.9213472 ], [ 100.6768038, 13.9213524 ], [ 100.6768216, 13.9213521 ], [ 100.6773707, 13.9213615 ], [ 100.677396, 13.9213619 ], [ 100.6779243, 13.9213623 ], [ 100.6782886, 13.9213605 ], [ 100.6783742, 13.9213581 ], [ 100.6787927, 13.9213539 ], [ 100.6788692, 13.9213506 ], [ 100.6790086, 13.921338 ], [ 100.6792633, 13.9213392 ], [ 100.6793289, 13.9213374 ], [ 100.6794927, 13.9213416 ], [ 100.6798265, 13.9213442 ], [ 100.680264, 13.9213549 ], [ 100.6803684, 13.921359 ], [ 100.6805397, 13.9213614 ], [ 100.6807086, 13.9213651 ], [ 100.680904, 13.9213677 ], [ 100.6810416, 13.9213751 ], [ 100.6812054, 13.9213773 ], [ 100.6814414, 13.9213794 ], [ 100.6815823, 13.9213831 ], [ 100.6816193, 13.9213821 ], [ 100.681782, 13.9213884 ], [ 100.6819315, 13.9213922 ], [ 100.6821379, 13.9213998 ], [ 100.6822026, 13.9214013 ], [ 100.6822743, 13.9214063 ], [ 100.682301, 13.9214074 ], [ 100.6823956, 13.9214084 ], [ 100.6824935, 13.9214092 ], [ 100.6825469, 13.9214114 ], [ 100.6828489, 13.9214189 ], [ 100.6829672, 13.9214213 ], [ 100.6830576, 13.921422 ], [ 100.6832455, 13.9214282 ], [ 100.6837898, 13.9214345 ], [ 100.6838202, 13.9214348 ] ], [ [ 100.6836137, 13.9195063 ], [ 100.6835762, 13.9194452 ], [ 100.6835172, 13.91941 ], [ 100.6834878, 13.9193938 ], [ 100.6833965, 13.9193788 ], [ 100.6832244, 13.9193649 ] ], [ [ 100.6838202, 13.9214348 ], [ 100.6845295, 13.9214537 ], [ 100.6847529, 13.9214529 ], [ 100.6849074, 13.921458 ], [ 100.68497, 13.9214575 ], [ 100.685046, 13.9214592 ], [ 100.6852791, 13.9214666 ], [ 100.6853625, 13.9214689 ], [ 100.6854316, 13.9214724 ], [ 100.6857333, 13.9214826 ], [ 100.6858523, 13.9214867 ], [ 100.6863531, 13.9215004 ], [ 100.6866356, 13.9215106 ], [ 100.6867937, 13.9215093 ], [ 100.6869323, 13.9215153 ], [ 100.6871048, 13.9215265 ], [ 100.6871278, 13.9215271 ], [ 100.6871621, 13.9215265 ], [ 100.6875027, 13.9215348 ] ], [ [ 100.6842583, 13.9195559 ], [ 100.6842116, 13.9195283 ], [ 100.6841555, 13.9195297 ], [ 100.684043, 13.9195251 ], [ 100.6839664, 13.9195219 ], [ 100.6838229, 13.9195181 ], [ 100.6836137, 13.9195063 ] ], [ [ 100.6836137, 13.9195063 ], [ 100.683607, 13.9195708 ], [ 100.6836455, 13.9196142 ], [ 100.6836669, 13.919617 ], [ 100.6836929, 13.9196204 ], [ 100.6836815, 13.9196972 ], [ 100.6836492, 13.9204767 ], [ 100.6836544, 13.9205569 ], [ 100.6836552, 13.9205704 ], [ 100.6836587, 13.9206106 ], [ 100.6836547, 13.9208262 ], [ 100.68367, 13.9208765 ], [ 100.6836755, 13.9209051 ], [ 100.6837164, 13.9209126 ], [ 100.6837484, 13.9213018 ], [ 100.6837645, 13.9213824 ], [ 100.6838202, 13.9214348 ] ] ] } },
{ "type": "Feature", "properties": { "name": "King's Dike: Sai Mai Road (join)", "crest_m": 2.5, "kind": "dike", "source": "Route: Royal Development Projects Board, 'Eastern King's Dike' project (km.rdpb.go.th/Project/View/6635); Think of Living, 'Where are the dike lines?', 12 Oct 2011 (route by road). Crest: JICA, Study on the BMA Subcenters Program, ch. 5.3 (Rom Klao Road dike designed at 2.47 m MSL); BMA flood walls: upstream +3.00-3.50, middle +2.80-3.00, downstream +2.50-2.80 m MSL (BMA, 'Flood Mitigation and Management in Bangkok', UNESCAP; Pattaya Mail, 10 Oct 2024).", "note": "Elevated road on an embankment." }, "geometry": { "type": "LineString", "coordinates": [ [ 100.6875027, 13.9215348 ], [ 100.7, 13.921826756072496 ] ] } },
{ "type": "Feature", "properties": { "name": "King's Dike: Hathai Rat Road", "crest_m": 2.5, "kind": "dike", "source": "Route: Royal Development Projects Board, 'Eastern King's Dike' project (km.rdpb.go.th/Project/View/6635); Think of Living, 'Where are the dike lines?', 12 Oct 2011 (route by road). Crest: JICA, Study on the BMA Subcenters Program, ch. 5.3 (Rom Klao Road dike designed at 2.47 m MSL); BMA flood walls: upstream +3.00-3.50, middle +2.80-3.00, downstream +2.50-2.80 m MSL (BMA, 'Flood Mitigation and Management in Bangkok', UNESCAP; Pattaya Mail, 10 Oct 2024).", "note": "Elevated road on an embankment." }, "geometry": { "type": "MultiLineString", "coordinates": [ [ [ 100.7, 13.921826756072496 ], [ 100.7001369, 13.9218298 ], [ 100.7002881, 13.9218324 ], [ 100.7005857, 13.9218392 ] ], [ [ 100.7005857, 13.9218392 ], [ 100.7008921, 13.9218977 ], [ 100.702309, 13.9220111 ], [ 100.7037566, 13.9220604 ], [ 100.7069343, 13.9221288 ], [ 100.7079466, 13.9221624 ], [ 100.7084848, 13.9221295 ], [ 100.7086343, 13.9220936 ] ], [ [ 100.7086343, 13.9220936 ], [ 100.7085009, 13.9220423 ], [ 100.7079223, 13.9220469 ], [ 100.7069369, 13.922012 ], [ 100.7037593, 13.9219436 ], [ 100.7023027, 13.9218792 ], [ 100.7008934, 13.9218184 ], [ 100.7005857, 13.9218392 ] ], [ [ 100.7086343, 13.9220936 ], [ 100.7092162, 13.9220184 ], [ 100.7093198, 13.9220046 ], [ 100.7094296, 13.92199 ], [ 100.7097275, 13.9219504 ], [ 100.7099321, 13.9218967 ], [ 100.7099841, 13.9218831 ], [ 100.7103242, 13.9217939 ], [ 100.7103627, 13.9217838 ], [ 100.7106603, 13.9217005 ], [ 100.7108824, 13.9216163 ], [ 100.7111721, 13.9214972 ], [ 100.7113916, 13.9213922 ], [ 100.7115612, 13.9213028 ], [ 100.712183, 13.9209074 ], [ 100.7126163, 13.9206463 ], [ 100.7126844, 13.9206164 ], [ 100.7130374, 13.9203936 ], [ 100.7132056, 13.9202839 ], [ 100.7133666, 13.9201828 ], [ 100.7136499, 13.920025 ], [ 100.7138205, 13.9199256 ], [ 100.7145146, 13.9195212 ], [ 100.7151585, 13.919146 ], [ 100.7152935, 13.9190655 ], [ 100.7165104, 13.9183393 ], [ 100.7165654, 13.9183075 ], [ 100.7166062, 13.9182839 ], [ 100.7166499, 13.918256 ], [ 100.716961, 13.9180709 ], [ 100.7175011, 13.9177434 ], [ 100.717639, 13.9176671 ], [ 100.7176925, 13.9176388 ], [ 100.7180317, 13.9174199 ], [ 100.7182074, 13.9173107 ], [ 100.7182879, 13.9172606 ], [ 100.7183955, 13.9171937 ], [ 100.7186826, 13.9170152 ], [ 100.7190699, 13.9167743 ], [ 100.7192612, 13.9166573 ], [ 100.7193037, 13.9166313 ], [ 100.7193957, 13.9165751 ], [ 100.719626, 13.9164342 ], [ 100.7198984, 13.916219 ], [ 100.7200572, 13.9160935 ], [ 100.72012, 13.9160366 ], [ 100.7203093, 13.9158669 ], [ 100.7203687, 13.9158062 ], [ 100.7203915, 13.9157809 ], [ 100.7204464, 13.915732 ], [ 100.720529, 13.9156369 ], [ 100.720624, 13.9154886 ], [ 100.7206383, 13.9154664 ], [ 100.720997, 13.9149064 ], [ 100.7211366, 13.9146634 ], [ 100.721227, 13.9144808 ], [ 100.7212883, 13.9143673 ], [ 100.7214425, 13.914038 ], [ 100.7215047, 13.9138546 ], [ 100.721519, 13.9137948 ], [ 100.7215345, 13.9137067 ], [ 100.7215726, 13.9135212 ], [ 100.7216099, 13.9132606 ], [ 100.7216542, 13.9130017 ], [ 100.7216652, 13.9129315 ], [ 100.7216763, 13.9127771 ], [ 100.7216905, 13.9125796 ], [ 100.7217159, 13.9122283 ], [ 100.7217227, 13.9121335 ], [ 100.7217305, 13.9115594 ], [ 100.7217347, 13.91138 ], [ 100.7217322, 13.9112834 ], [ 100.7217341, 13.9111481 ], [ 100.7217422, 13.9108734 ], [ 100.7217449, 13.9108252 ], [ 100.7217518, 13.9107186 ], [ 100.7217524, 13.9106383 ], [ 100.7217531, 13.9105373 ], [ 100.7217523, 13.9104415 ], [ 100.7217504, 13.9101959 ], [ 100.7217559, 13.9100455 ], [ 100.7217587, 13.9097799 ], [ 100.7217587, 13.909664 ], [ 100.7217615, 13.9095951 ], [ 100.7217625, 13.9095288 ], [ 100.7217669, 13.9092475 ], [ 100.7217697, 13.9091655 ], [ 100.72177, 13.9085888 ], [ 100.7217729, 13.9080616 ], [ 100.7217703, 13.9080485 ], [ 100.7217701, 13.9080056 ], [ 100.7217695, 13.9078524 ], [ 100.7217703, 13.9078018 ], [ 100.7217704, 13.9077608 ], [ 100.7217705, 13.9075632 ], [ 100.7217757, 13.9074627 ], [ 100.7217817, 13.9071985 ], [ 100.7217841, 13.9071308 ], [ 100.7218071, 13.9068593 ] ], [ [ 100.7223204, 13.8794693 ], [ 100.7223504, 13.8794047 ], [ 100.7223553, 13.8792222 ], [ 100.722363, 13.8790051 ], [ 100.7223639, 13.8789395 ], [ 100.7223882, 13.8784021 ], [ 100.7224073, 13.8780139 ], [ 100.7224311, 13.8776138 ], [ 100.7224433, 13.8771442 ], [ 100.722444, 13.8765845 ], [ 100.7224567, 13.8761123 ], [ 100.7224678, 13.8757044 ], [ 100.722476, 13.8752241 ], [ 100.7224987, 13.8739444 ], [ 100.7225154, 13.8729624 ], [ 100.7225331, 13.8722543 ], [ 100.7225364, 13.8720537 ], [ 100.7225382, 13.8718069 ], [ 100.7225384, 13.8717727 ], [ 100.7225393, 13.8716894 ], [ 100.7225522, 13.8711951 ], [ 100.7225633, 13.8705699 ], [ 100.7225676, 13.8703079 ], [ 100.7225695, 13.8700616 ], [ 100.7225852, 13.8694487 ], [ 100.7226167, 13.8678999 ], [ 100.7226342, 13.8669586 ], [ 100.7226604, 13.8654447 ], [ 100.7226762, 13.8645361 ], [ 100.7226936, 13.8641511 ], [ 100.7226954, 13.8641075 ], [ 100.7226934, 13.8637844 ], [ 100.7226882, 13.8637321 ], [ 100.7226767, 13.8636149 ], [ 100.7226424, 13.8632651 ], [ 100.7226044, 13.862877 ], [ 100.722534, 13.8622087 ], [ 100.7225325, 13.8621653 ], [ 100.7225159, 13.8619823 ], [ 100.7225082, 13.8618577 ], [ 100.7224942, 13.8616472 ], [ 100.7224743, 13.8613457 ], [ 100.7224548, 13.8611602 ], [ 100.7224193, 13.860601 ], [ 100.722409, 13.8604628 ], [ 100.7224, 13.860344 ], [ 100.7223631, 13.859854 ], [ 100.7223499, 13.8594239 ], [ 100.7223125, 13.8588505 ], [ 100.722207, 13.8575069 ], [ 100.7221624, 13.8569318 ], [ 100.7221241, 13.8565047 ], [ 100.7220844, 13.8560099 ], [ 100.7220691, 13.8558217 ], [ 100.7220384, 13.8555056 ], [ 100.7219779, 13.8549672 ], [ 100.721967, 13.8548763 ], [ 100.721899, 13.8543406 ], [ 100.7218469, 13.8539647 ], [ 100.7217299, 13.8530796 ], [ 100.7216612, 13.8525941 ], [ 100.721548, 13.8517742 ], [ 100.7214846, 13.8513158 ], [ 100.7214124, 13.8507832 ], [ 100.721331, 13.8500959 ], [ 100.7212716, 13.8496491 ], [ 100.7212519, 13.8494502 ], [ 100.7211929, 13.8488208 ], [ 100.7211188, 13.8480395 ], [ 100.721078, 13.8476224 ], [ 100.7210681, 13.8475309 ], [ 100.7210648, 13.8474901 ], [ 100.7210218, 13.8469386 ], [ 100.7210143, 13.8468206 ], [ 100.7209957, 13.8465294 ], [ 100.7209684, 13.8461872 ], [ 100.7209514, 13.8459752 ], [ 100.7209384, 13.8458121 ], [ 100.720917, 13.8455449 ], [ 100.7209106, 13.8454644 ], [ 100.720894, 13.8452568 ], [ 100.7208018, 13.8441027 ], [ 100.7207629, 13.843631 ], [ 100.7207421, 13.8433793 ], [ 100.7207273, 13.843199 ], [ 100.7207037, 13.8429135 ], [ 100.7206825, 13.8426561 ], [ 100.7206616, 13.8424047 ], [ 100.7206366, 13.8421034 ], [ 100.7206214, 13.8418753 ], [ 100.7205938, 13.8415448 ], [ 100.7205896, 13.8414917 ], [ 100.7205369, 13.8408697 ], [ 100.7205008, 13.8404443 ], [ 100.7204819, 13.8402209 ], [ 100.7204725, 13.8401101 ], [ 100.7204659, 13.8400319 ], [ 100.7204593, 13.8399545 ], [ 100.7204372, 13.8396934 ], [ 100.7203727, 13.8389321 ], [ 100.7202775, 13.8378088 ], [ 100.7202313, 13.837257 ], [ 100.7202045, 13.8369097 ], [ 100.7201783, 13.8365176 ], [ 100.7201564, 13.8360199 ], [ 100.7201322, 13.8354916 ], [ 100.7201289, 13.8354229 ], [ 100.7201234, 13.8351646 ], [ 100.7201215, 13.8350151 ], [ 100.7201259, 13.8345183 ], [ 100.7201344, 13.8341733 ], [ 100.7201407, 13.8339167 ], [ 100.7201475, 13.8336368 ], [ 100.7201515, 13.8334766 ], [ 100.7201584, 13.8332343 ], [ 100.7201651, 13.833 ], [ 100.7201771, 13.8325429 ], [ 100.7201919, 13.8321392 ], [ 100.7202141, 13.8315361 ], [ 100.7202145, 13.8315073 ], [ 100.7202223, 13.8312672 ], [ 100.7202283, 13.831004 ], [ 100.720234, 13.8307708 ], [ 100.720236, 13.8305469 ], [ 100.7202356, 13.8304321 ], [ 100.7201797, 13.8303047 ] ], [ [ 100.7201797, 13.8303047 ], [ 100.720113, 13.8304269 ], [ 100.7201073, 13.8305313 ], [ 100.7200928, 13.831031 ], [ 100.7200864, 13.8312201 ], [ 100.7200822, 13.8314924 ], [ 100.7200674, 13.8320035 ], [ 100.7200651, 13.8320947 ], [ 100.7200613, 13.8322419 ], [ 100.7200276, 13.8336007 ], [ 100.7200273, 13.8336748 ], [ 100.7200222, 13.8339935 ], [ 100.7199979, 13.8347691 ], [ 100.7199956, 13.8348446 ], [ 100.7199901, 13.8353263 ], [ 100.7199941, 13.8359541 ], [ 100.720026, 13.8365014 ], [ 100.7201259, 13.8377053 ], [ 100.7201537, 13.8380455 ], [ 100.7201965, 13.8385459 ], [ 100.7202253, 13.8389309 ], [ 100.7202943, 13.8397764 ], [ 100.720339, 13.8403542 ], [ 100.7203694, 13.8407464 ], [ 100.7203988, 13.8411264 ], [ 100.720432, 13.8417172 ], [ 100.7204946, 13.8423056 ], [ 100.7205758, 13.8433854 ], [ 100.7205993, 13.8436454 ], [ 100.7206885, 13.8446301 ], [ 100.720757, 13.8455634 ], [ 100.7207743, 13.8457486 ], [ 100.7208049, 13.8462793 ], [ 100.7208154, 13.8465518 ], [ 100.7208258, 13.8466787 ], [ 100.7208458, 13.846923 ], [ 100.720867, 13.8471217 ], [ 100.7208823, 13.847265 ], [ 100.720907, 13.8475657 ], [ 100.7209589, 13.8481336 ], [ 100.7210052, 13.8485658 ], [ 100.7210458, 13.849046 ], [ 100.7211205, 13.8496725 ], [ 100.7211577, 13.849946 ], [ 100.7211837, 13.8501229 ], [ 100.7211992, 13.8502233 ], [ 100.7212372, 13.8505195 ], [ 100.7212905, 13.850951 ], [ 100.7213474, 13.8513916 ], [ 100.72138, 13.8516397 ], [ 100.7216266, 13.8534748 ], [ 100.7216693, 13.8537952 ], [ 100.7216811, 13.8538884 ], [ 100.7217399, 13.8542761 ], [ 100.7217455, 13.8543278 ], [ 100.7218682, 13.8553583 ], [ 100.7218803, 13.8554525 ], [ 100.7220238, 13.8570102 ], [ 100.722104, 13.8580135 ], [ 100.7221742, 13.8588439 ], [ 100.7221821, 13.8589598 ], [ 100.7222325, 13.8600568 ], [ 100.7222546, 13.8603575 ], [ 100.7222859, 13.8607812 ], [ 100.7223043, 13.8611215 ], [ 100.7223338, 13.8614835 ], [ 100.7223463, 13.8616557 ], [ 100.7223482, 13.8616819 ], [ 100.7223751, 13.8618651 ], [ 100.7223851, 13.861978 ], [ 100.7223986, 13.862088 ], [ 100.7224067, 13.8621763 ], [ 100.7224815, 13.8629863 ], [ 100.7225354, 13.8636967 ], [ 100.7225396, 13.8637642 ], [ 100.722546, 13.8640963 ], [ 100.7225241, 13.8647347 ], [ 100.7225142, 13.8651871 ], [ 100.7225029, 13.8656532 ], [ 100.7224856, 13.8664227 ], [ 100.72247, 13.8670966 ], [ 100.7224616, 13.8674836 ], [ 100.7224493, 13.8682156 ], [ 100.7224443, 13.8684943 ], [ 100.7224264, 13.8699681 ], [ 100.7224244, 13.870252 ], [ 100.7224183, 13.8705668 ], [ 100.7223983, 13.8711902 ], [ 100.7223982, 13.8716444 ], [ 100.7223955, 13.8718025 ], [ 100.7223596, 13.8738779 ], [ 100.7223349, 13.8751436 ], [ 100.7223236, 13.8756296 ], [ 100.7223221, 13.8761059 ], [ 100.7223052, 13.8765877 ], [ 100.7223024, 13.8772402 ], [ 100.7223017, 13.8774997 ], [ 100.7223155, 13.8777564 ], [ 100.7223097, 13.8779585 ], [ 100.7223094, 13.8780038 ], [ 100.7223117, 13.8782606 ], [ 100.722304, 13.8792202 ], [ 100.7222975, 13.8794042 ], [ 100.7223204, 13.8794693 ] ], [ [ 100.721918, 13.8169351 ], [ 100.7217639, 13.8172591 ], [ 100.7214159, 13.818043 ], [ 100.7213554, 13.8181799 ], [ 100.7210812, 13.8188109 ], [ 100.7210659, 13.8188527 ], [ 100.7209912, 13.8191031 ], [ 100.720934, 13.8192608 ], [ 100.7209, 13.8193928 ], [ 100.7208672, 13.8195101 ], [ 100.7208531, 13.8196042 ], [ 100.7208337, 13.8197704 ], [ 100.7208223, 13.8198675 ], [ 100.7208189, 13.8199138 ], [ 100.7207905, 13.820307 ], [ 100.720784, 13.8204467 ], [ 100.7207785, 13.8205307 ], [ 100.7207631, 13.8207638 ], [ 100.7207184, 13.8212255 ], [ 100.7206889, 13.8214807 ], [ 100.7206608, 13.8218194 ], [ 100.7206471, 13.8219746 ], [ 100.7206146, 13.8223845 ], [ 100.7205982, 13.8225943 ], [ 100.7205638, 13.8230837 ], [ 100.7205608, 13.8231399 ], [ 100.7205542, 13.8233143 ], [ 100.7205432, 13.8235068 ], [ 100.7205317, 13.8236989 ], [ 100.7205075, 13.8240365 ], [ 100.7204806, 13.824338 ], [ 100.7204738, 13.8244795 ], [ 100.720451, 13.8248007 ], [ 100.7204335, 13.8250251 ], [ 100.7204202, 13.8251877 ], [ 100.7203894, 13.825556 ], [ 100.7203824, 13.8256987 ], [ 100.7203665, 13.8259058 ], [ 100.7203396, 13.8262457 ], [ 100.7203309, 13.8263843 ], [ 100.7202853, 13.8270338 ], [ 100.720283, 13.8271051 ], [ 100.7202769, 13.8272764 ], [ 100.720271, 13.8276318 ], [ 100.7202649, 13.8277741 ], [ 100.7202583, 13.8280348 ], [ 100.7202431, 13.8284706 ], [ 100.7202439, 13.8285725 ], [ 100.720241, 13.828756 ], [ 100.7202379, 13.8289674 ], [ 100.7202272, 13.8292402 ], [ 100.7202002, 13.8298504 ], [ 100.7201797, 13.8303047 ] ], [ [ 100.7218134, 13.9064272 ], [ 100.7217638, 13.9065046 ], [ 100.7217598, 13.9066654 ], [ 100.7217629, 13.9066791 ], [ 100.7217574, 13.9067747 ], [ 100.7218071, 13.9068593 ] ], [ [ 100.7218071, 13.9068593 ], [ 100.7218373, 13.9068121 ], [ 100.7218487, 13.9067428 ], [ 100.7218495, 13.9067067 ], [ 100.7218509, 13.9065326 ], [ 100.7218353, 13.9064887 ], [ 100.7218134, 13.9064272 ] ], [ [ 100.7218134, 13.9064272 ], [ 100.7218346, 13.9056808 ], [ 100.7218385, 13.9055432 ], [ 100.721841, 13.905454 ], [ 100.721861, 13.9047495 ], [ 100.7218714, 13.9043828 ], [ 100.7218852, 13.9029867 ], [ 100.7218868, 13.9029311 ], [ 100.7218909, 13.9023065 ], [ 100.7218976, 13.9020085 ], [ 100.7218992, 13.901938 ], [ 100.7219022, 13.901804 ], [ 100.7219076, 13.9015602 ], [ 100.7219103, 13.9012759 ], [ 100.7219159, 13.9010232 ], [ 100.7219167, 13.9009897 ], [ 100.721923, 13.9007057 ], [ 100.7219243, 13.90065 ], [ 100.7219339, 13.9002216 ], [ 100.7219388, 13.9000003 ], [ 100.7219422, 13.8998507 ], [ 100.7219429, 13.899805 ], [ 100.7219455, 13.8996331 ], [ 100.7219635, 13.898604 ], [ 100.7219643, 13.898543 ], [ 100.7220012, 13.8971084 ], [ 100.7220067, 13.8968455 ], [ 100.7220077, 13.8967972 ], [ 100.7220094, 13.8966787 ], [ 100.7220149, 13.8963028 ], [ 100.7220197, 13.8961455 ], [ 100.7220224, 13.8960594 ], [ 100.7220273, 13.8959365 ], [ 100.7220271, 13.8954802 ], [ 100.7220272, 13.8954434 ], [ 100.72203, 13.8953044 ], [ 100.7220366, 13.8947517 ], [ 100.7220411, 13.8943378 ], [ 100.7220508, 13.8938575 ], [ 100.7220529, 13.8937573 ], [ 100.722056, 13.8935434 ], [ 100.7220626, 13.8932205 ], [ 100.722065, 13.8931045 ], [ 100.7220659, 13.8930574 ], [ 100.7220698, 13.892869 ], [ 100.7220649, 13.8926534 ], [ 100.7220669, 13.8925562 ], [ 100.722069, 13.8924602 ], [ 100.7220765, 13.8921045 ], [ 100.7220824, 13.8918294 ], [ 100.7220858, 13.8916759 ], [ 100.7220873, 13.8916063 ], [ 100.7220898, 13.8914897 ], [ 100.722093, 13.89134 ], [ 100.7221211, 13.8902186 ], [ 100.7221277, 13.8898104 ], [ 100.7221383, 13.8892666 ], [ 100.7221469, 13.8888214 ], [ 100.7221499, 13.8886676 ], [ 100.7221525, 13.8885309 ], [ 100.7221611, 13.8882756 ], [ 100.7221646, 13.8880974 ], [ 100.7221685, 13.8878942 ], [ 100.7221718, 13.8877262 ], [ 100.7221755, 13.887536 ], [ 100.722183, 13.8874535 ], [ 100.7221875, 13.8871656 ], [ 100.7221926, 13.8869796 ], [ 100.7221966, 13.8867976 ], [ 100.7221986, 13.8866716 ], [ 100.7221963, 13.8864798 ], [ 100.7221994, 13.8860863 ], [ 100.722204, 13.8859307 ], [ 100.7222075, 13.8858258 ], [ 100.7222111, 13.8856429 ], [ 100.7222371, 13.8842741 ], [ 100.7222463, 13.8836204 ], [ 100.7222692, 13.8824367 ], [ 100.7222741, 13.8821908 ], [ 100.7222759, 13.8821036 ], [ 100.7222805, 13.8818848 ], [ 100.722281, 13.8818589 ], [ 100.7222857, 13.8816309 ], [ 100.7222875, 13.8815502 ], [ 100.7222905, 13.8814105 ], [ 100.7222951, 13.8811895 ], [ 100.722296, 13.881033 ], [ 100.7223002, 13.8808404 ], [ 100.7223016, 13.8807738 ], [ 100.7223129, 13.880213 ], [ 100.7223169, 13.8798275 ], [ 100.7223194, 13.8797669 ], [ 100.7223187, 13.8797059 ], [ 100.7223204, 13.8794693 ] ], [ [ 100.7219387, 13.8164593 ], [ 100.7219658, 13.8166346 ], [ 100.72197, 13.8166918 ], [ 100.7219634, 13.8167607 ], [ 100.7219432, 13.8168313 ], [ 100.721918, 13.8169351 ] ], [ [ 100.721918, 13.8169351 ], [ 100.72197, 13.8168724 ], [ 100.7220274, 13.8168226 ], [ 100.722075, 13.8167966 ], [ 100.7221253, 13.8167875 ], [ 100.7223209, 13.8168028 ] ] ] } },
{ "type": "Feature", "properties": { "name": "King's Dike: Hathai Rat Road (join)", "crest_m": 2.5, "kind": "dike", "source": "Route: Royal Development Projects Board, 'Eastern King's Dike' project (km.rdpb.go.th/Project/View/6635); Think of Living, 'Where are the dike lines?', 12 Oct 2011 (route by road). Crest: JICA, Study on the BMA Subcenters Program, ch. 5.3 (Rom Klao Road dike designed at 2.47 m MSL); BMA flood walls: upstream +3.00-3.50, middle +2.80-3.00, downstream +2.50-2.80 m MSL (BMA, 'Flood Mitigation and Management in Bangkok', UNESCAP; Pattaya Mail, 10 Oct 2024).", "note": "Elevated road on an embankment." }, "geometry": { "type": "LineString", "coordinates": [ [ 100.7219387, 13.8164593 ], [ 100.7219387, 13.8164593 ] ] } },
{ "type": "Feature", "properties": { "name": "King's Dike: Suwinthawong Road (short link)", "crest_m": 2.5, "kind": "dike", "source": "Route: Royal Development Projects Board, 'Eastern King's Dike' project (km.rdpb.go.th/Project/View/6635); Think of Living, 'Where are the dike lines?', 12 Oct 2011 (route by road). Crest: JICA, Study on the BMA Subcenters Program, ch. 5.3 (Rom Klao Road dike designed at 2.47 m MSL); BMA flood walls: upstream +3.00-3.50, middle +2.80-3.00, downstream +2.50-2.80 m MSL (BMA, 'Flood Mitigation and Management in Bangkok', UNESCAP; Pattaya Mail, 10 Oct 2024).", "note": "Elevated road on an embankment." }, "geometry": { "type": "MultiLineString", "coordinates": [ [ [ 100.7174742, 13.8125382 ], [ 100.7176643, 13.8127131 ], [ 100.7179356, 13.8129552 ], [ 100.7180449, 13.8130487 ], [ 100.7181969, 13.8131794 ], [ 100.7184928, 13.8134408 ], [ 100.7185797, 13.8135132 ], [ 100.718933, 13.8138096 ], [ 100.7190344, 13.8138971 ], [ 100.7195049, 13.8143132 ], [ 100.7197619, 13.814542 ], [ 100.7199703, 13.8147299 ], [ 100.7200974, 13.8148359 ], [ 100.7202281, 13.8149385 ], [ 100.7203325, 13.8150173 ], [ 100.7204303, 13.8150973 ], [ 100.7205691, 13.8152223 ], [ 100.7209948, 13.8156066 ], [ 100.7211783, 13.8157703 ], [ 100.7213849, 13.8159585 ], [ 100.7217303, 13.8162682 ], [ 100.7219387, 13.8164593 ], [ 100.7223209, 13.8168028 ], [ 100.7225355, 13.817002 ], [ 100.7228868, 13.8173226 ], [ 100.7231076, 13.8175265 ], [ 100.7233096, 13.8177116 ], [ 100.7234278, 13.8178141 ], [ 100.7235344, 13.817897 ], [ 100.7236594, 13.817983 ], [ 100.7237978, 13.8180661 ], [ 100.7239924, 13.8181706 ], [ 100.7241253, 13.8182348 ], [ 100.7242486, 13.8182832 ], [ 100.7243702, 13.8183233 ], [ 100.7245438, 13.8183737 ], [ 100.7247462, 13.8184131 ], [ 100.7250746, 13.8184581 ], [ 100.7254051, 13.8184888 ], [ 100.7258405, 13.8185222 ], [ 100.7259301, 13.8185291 ], [ 100.7260691, 13.8185433 ], [ 100.7261371, 13.8185483 ], [ 100.7276008, 13.8186563 ], [ 100.728697, 13.8187325 ], [ 100.7307173, 13.8189207 ], [ 100.7316039, 13.8190206 ], [ 100.7316426, 13.8190242 ], [ 100.7317657, 13.8190386 ], [ 100.7319735, 13.8190596 ], [ 100.7322816, 13.8190925 ], [ 100.7328328, 13.8191516 ], [ 100.7330855, 13.8191757 ], [ 100.7334054, 13.8192102 ], [ 100.7338149, 13.8192474 ], [ 100.7342504, 13.8192902 ], [ 100.7349538, 13.8193511 ], [ 100.735723, 13.8194215 ], [ 100.7359605, 13.8194423 ], [ 100.7362769, 13.819476 ], [ 100.7366324, 13.8195105 ], [ 100.7367325, 13.819521 ], [ 100.7369057, 13.8195407 ] ], [ [ 100.74, 13.819629576290586 ], [ 100.7398598, 13.8196189 ], [ 100.739405, 13.819576 ], [ 100.7391202, 13.819549 ], [ 100.7389084, 13.8195331 ], [ 100.7379409, 13.8194374 ], [ 100.7375021, 13.8194014 ], [ 100.7371923, 13.819382 ], [ 100.7371531, 13.8193788 ], [ 100.7369169, 13.8193629 ], [ 100.7366508, 13.8193805 ] ], [ [ 100.7366508, 13.8193805 ], [ 100.736072, 13.8193183 ], [ 100.7356424, 13.8192721 ], [ 100.7355634, 13.8192648 ], [ 100.7350014, 13.8192131 ], [ 100.7347973, 13.8191877 ], [ 100.733914, 13.8191117 ], [ 100.7336144, 13.8190857 ], [ 100.7329613, 13.8190212 ], [ 100.7327823, 13.8190039 ], [ 100.7317246, 13.8188986 ], [ 100.7307346, 13.8187864 ], [ 100.7287052, 13.8186013 ], [ 100.7276117, 13.8185162 ], [ 100.7272086, 13.8184863 ], [ 100.7255785, 13.8183589 ], [ 100.7253505, 13.8183407 ], [ 100.7251681, 13.8183224 ], [ 100.7247537, 13.8182781 ], [ 100.7245469, 13.8182356 ], [ 100.7243265, 13.8181689 ], [ 100.7240685, 13.8180571 ], [ 100.7238203, 13.817919 ], [ 100.7236068, 13.8177713 ], [ 100.7234062, 13.8176102 ], [ 100.7232039, 13.8174267 ], [ 100.7221544, 13.8164713 ], [ 100.7214907, 13.8158703 ], [ 100.7213125, 13.8157057 ], [ 100.7206113, 13.8150619 ], [ 100.7205084, 13.8149695 ], [ 100.7204096, 13.8148547 ], [ 100.7203349, 13.814776 ], [ 100.7202485, 13.8146916 ], [ 100.7197756, 13.8142727 ], [ 100.7192837, 13.8138428 ], [ 100.7190373, 13.8136312 ], [ 100.7187853, 13.8134202 ], [ 100.7186713, 13.8133251 ], [ 100.7183109, 13.8130357 ], [ 100.718208, 13.8129545 ], [ 100.7179165, 13.8127203 ], [ 100.7176987, 13.8125365 ] ], [ [ 100.74, 13.819709846478112 ], [ 100.7374307, 13.8194714 ], [ 100.7371847, 13.819448 ], [ 100.7366508, 13.8193805 ] ], [ [ 100.7369057, 13.8195407 ], [ 100.7371956, 13.8195447 ], [ 100.7374177, 13.8195612 ], [ 100.74, 13.819793892795429 ] ], [ [ 100.7369057, 13.8195407 ], [ 100.7370249, 13.8195643 ], [ 100.7371501, 13.8195915 ], [ 100.7372676, 13.8196119 ], [ 100.7374454, 13.8196323 ], [ 100.7376266, 13.8196467 ], [ 100.737827, 13.8196635 ], [ 100.7385233, 13.8197257 ], [ 100.7393827, 13.8198018 ], [ 100.7399821, 13.8198546 ], [ 100.74, 13.819856060083303 ] ] ] } },
{ "type": "Feature", "properties": { "name": "King's Dike: Suwinthawong Road (short link) (join)", "crest_m": 2.5, "kind": "dike", "source": "Route: Royal Development Projects Board, 'Eastern King's Dike' project (km.rdpb.go.th/Project/View/6635); Think of Living, 'Where are the dike lines?', 12 Oct 2011 (route by road). Crest: JICA, Study on the BMA Subcenters Program, ch. 5.3 (Rom Klao Road dike designed at 2.47 m MSL); BMA flood walls: upstream +3.00-3.50, middle +2.80-3.00, downstream +2.50-2.80 m MSL (BMA, 'Flood Mitigation and Management in Bangkok', UNESCAP; Pattaya Mail, 10 Oct 2024).", "note": "Elevated road on an embankment." }, "geometry": { "type": "LineString", "coordinates": [ [ 100.733914, 13.8191117 ], [ 100.733914, 13.8191117 ] ] } },
{ "type": "Feature", "properties": { "name": "King's Dike: Rom Klao Road", "crest_m": 2.5, "kind": "dike", "source": "Route: Royal Development Projects Board, 'Eastern King's Dike' project (km.rdpb.go.th/Project/View/6635); Think of Living, 'Where are the dike lines?', 12 Oct 2011 (route by road). Crest: JICA, Study on the BMA Subcenters Program, ch. 5.3 (Rom Klao Road dike designed at 2.47 m MSL); BMA flood walls: upstream +3.00-3.50, middle +2.80-3.00, downstream +2.50-2.80 m MSL (BMA, 'Flood Mitigation and Management in Bangkok', UNESCAP; Pattaya Mail, 10 Oct 2024).", "note": "Elevated road on an embankment." }, "geometry": { "type": "MultiLineString", "coordinates": [ [ [ 100.7465185, 13.7226564 ], [ 100.746518, 13.7227078 ], [ 100.7465115, 13.7233477 ], [ 100.7464982, 13.7253153 ], [ 100.7464967, 13.725559 ], [ 100.7464889, 13.7261646 ], [ 100.7464325, 13.7283926 ], [ 100.746422, 13.7285566 ] ], [ [ 100.746422, 13.7285566 ], [ 100.7464344, 13.7291212 ], [ 100.7464278, 13.7299028 ], [ 100.7464271, 13.7299863 ], [ 100.7464279, 13.7301485 ], [ 100.7464392, 13.7307358 ], [ 100.7464423, 13.7308014 ], [ 100.7464394, 13.7313186 ], [ 100.7464388, 13.7314331 ], [ 100.7464369, 13.7317847 ], [ 100.7464366, 13.7318331 ], [ 100.7464545, 13.7326889 ], [ 100.7464581, 13.7342409 ], [ 100.7464523, 13.7346083 ], [ 100.7464463, 13.7350979 ], [ 100.746438, 13.7363164 ], [ 100.7464405, 13.7364638 ], [ 100.7464411, 13.7366124 ], [ 100.7464408, 13.7367127 ], [ 100.7464405, 13.7367915 ], [ 100.7464414, 13.7368584 ], [ 100.7464467, 13.7372462 ], [ 100.7464532, 13.7377482 ], [ 100.7464743, 13.7384841 ], [ 100.7465102, 13.7397882 ], [ 100.7465132, 13.7401393 ], [ 100.7465156, 13.7402773 ], [ 100.7465183, 13.7404291 ], [ 100.7465204, 13.7405767 ], [ 100.746531, 13.7413301 ], [ 100.746532, 13.7414027 ], [ 100.7465228, 13.7418519 ], [ 100.7465111, 13.7424218 ], [ 100.7465077, 13.7425584 ], [ 100.7464828, 13.7435747 ], [ 100.7464739, 13.7439401 ], [ 100.7464601, 13.7443871 ], [ 100.7464547, 13.744629 ], [ 100.7464557, 13.7447127 ], [ 100.7464713, 13.7450406 ], [ 100.7464881, 13.7452824 ], [ 100.7464963, 13.7453878 ], [ 100.7465206, 13.7457361 ], [ 100.746528, 13.7458578 ], [ 100.7465456, 13.7461636 ], [ 100.7465466, 13.7461973 ], [ 100.746554, 13.746437 ], [ 100.7465523, 13.7466946 ], [ 100.7465428, 13.7469512 ], [ 100.746521, 13.7474601 ], [ 100.7465052, 13.7478401 ], [ 100.746484, 13.7483637 ], [ 100.746472, 13.7486611 ], [ 100.7464644, 13.7487434 ], [ 100.7464582, 13.7489508 ], [ 100.7464542, 13.7490878 ], [ 100.7464458, 13.7493143 ], [ 100.7464362, 13.7495658 ], [ 100.7464105, 13.7501417 ], [ 100.7463884, 13.75092 ], [ 100.7463696, 13.7515842 ], [ 100.7463611, 13.7520068 ], [ 100.746347, 13.7530973 ], [ 100.7463383, 13.7535583 ], [ 100.7463315, 13.753959 ], [ 100.7463303, 13.7540304 ], [ 100.7463266, 13.7541027 ], [ 100.7463137, 13.7552312 ], [ 100.7463028, 13.7571383 ], [ 100.746302, 13.7572448 ], [ 100.7462971, 13.7575998 ], [ 100.7462867, 13.7583391 ], [ 100.7462799, 13.7590566 ], [ 100.7462791, 13.7591399 ], [ 100.7462789, 13.7591562 ], [ 100.7462761, 13.7591805 ], [ 100.7462757, 13.7597842 ], [ 100.7462755, 13.7601154 ], [ 100.7462755, 13.760144 ], [ 100.7462683, 13.7615916 ], [ 100.7462679, 13.7616695 ], [ 100.746268, 13.7617231 ], [ 100.7462679, 13.7617338 ], [ 100.7462673, 13.7617839 ], [ 100.746267, 13.7618136 ], [ 100.7462669, 13.7622245 ], [ 100.7462655, 13.7624012 ], [ 100.7462654, 13.7626354 ], [ 100.7462648, 13.7633719 ], [ 100.7462674, 13.7646541 ], [ 100.746265, 13.7653428 ], [ 100.7462649, 13.7653994 ], [ 100.7462628, 13.7664569 ], [ 100.746263, 13.7667408 ], [ 100.7462622, 13.7669601 ], [ 100.7462597, 13.7676122 ], [ 100.746257, 13.767908 ], [ 100.7462486, 13.7686217 ], [ 100.7462468, 13.7691346 ], [ 100.746246, 13.7693642 ], [ 100.746246, 13.7697265 ], [ 100.7462476, 13.770219 ], [ 100.7462465, 13.7711297 ], [ 100.7462472, 13.7712267 ], [ 100.7462619, 13.7720208 ], [ 100.7462886, 13.7738186 ], [ 100.7462911, 13.7739863 ], [ 100.7462957, 13.7741462 ], [ 100.7463069, 13.7745375 ], [ 100.7463165, 13.775174 ], [ 100.7463251, 13.7755235 ], [ 100.7463276, 13.7757394 ], [ 100.7463368, 13.7765204 ], [ 100.7463375, 13.7765501 ], [ 100.7463422, 13.7767601 ], [ 100.7463441, 13.7768485 ], [ 100.7463456, 13.7769135 ], [ 100.7463609, 13.7774888 ], [ 100.7463695, 13.7777841 ], [ 100.7464013, 13.7789125 ], [ 100.7464132, 13.7795248 ], [ 100.7464242, 13.7800949 ], [ 100.7464269, 13.7803471 ], [ 100.7464279, 13.780769 ], [ 100.746422, 13.7810243 ], [ 100.7464089, 13.7815778 ], [ 100.7463882, 13.7818741 ], [ 100.7463788, 13.782189 ], [ 100.7463616, 13.7825789 ], [ 100.7463402, 13.7830645 ], [ 100.7463347, 13.7831897 ], [ 100.7463107, 13.7835203 ], [ 100.7462957, 13.7839893 ], [ 100.7462753, 13.784458 ], [ 100.7462293, 13.7854634 ], [ 100.7462026, 13.7860483 ], [ 100.746195, 13.7862977 ], [ 100.7461916, 13.7863759 ], [ 100.7461774, 13.7865923 ], [ 100.7461666, 13.7867399 ], [ 100.7461355, 13.787276 ], [ 100.7461345, 13.7873349 ], [ 100.7461331, 13.7874592 ], [ 100.7461297, 13.7877323 ], [ 100.7461281, 13.7878597 ], [ 100.7461095, 13.7882428 ], [ 100.746117, 13.788962 ], [ 100.7461158, 13.7890669 ], [ 100.7461117, 13.7899624 ], [ 100.7460832, 13.7906686 ], [ 100.7460799, 13.7907381 ], [ 100.7460754, 13.7909616 ], [ 100.7460726, 13.7911838 ], [ 100.7460755, 13.7915926 ], [ 100.7460796, 13.7921595 ], [ 100.7460754, 13.7929685 ], [ 100.7460684, 13.793286 ], [ 100.7460617, 13.7935939 ], [ 100.7460639, 13.7943711 ], [ 100.7460629, 13.7945246 ], [ 100.746059, 13.7946088 ], [ 100.746055, 13.7947343 ], [ 100.746051, 13.7948602 ], [ 100.7460322, 13.7950542 ], [ 100.7459803, 13.7952881 ], [ 100.7459349, 13.795435 ], [ 100.7458882, 13.7955573 ], [ 100.745837, 13.7956755 ], [ 100.7457193, 13.795888 ], [ 100.7455997, 13.7961139 ], [ 100.7454198, 13.7964545 ], [ 100.7453116, 13.7966594 ], [ 100.7451988, 13.7968604 ], [ 100.7449951, 13.7972233 ], [ 100.7446351, 13.797883 ], [ 100.7444065, 13.798322 ], [ 100.7442689, 13.7985639 ], [ 100.7440514, 13.7989757 ], [ 100.7440104, 13.7990537 ], [ 100.7437832, 13.79946 ], [ 100.7436739, 13.7996766 ], [ 100.7434238, 13.8000997 ], [ 100.7429435, 13.8009613 ], [ 100.7426265, 13.8015462 ], [ 100.7425015, 13.8017599 ], [ 100.7419891, 13.8026566 ], [ 100.7418262, 13.8029666 ], [ 100.7415782, 13.8033974 ], [ 100.7414441, 13.8036533 ], [ 100.7413212, 13.8038879 ], [ 100.7411903, 13.8041291 ], [ 100.741127, 13.8042457 ], [ 100.7410691, 13.8043524 ], [ 100.74094, 13.8045903 ], [ 100.7395585, 13.807136 ], [ 100.7395305, 13.8071904 ], [ 100.7389679, 13.8082841 ], [ 100.7388781, 13.8084491 ], [ 100.7387364, 13.8087201 ], [ 100.7385841, 13.8089962 ], [ 100.7374375, 13.8111334 ], [ 100.7373423, 13.8113168 ], [ 100.7370907, 13.81176 ], [ 100.7368343, 13.8122337 ], [ 100.7367089, 13.8124535 ], [ 100.7363797, 13.8130435 ], [ 100.7363032, 13.8131962 ], [ 100.7362513, 13.8132819 ], [ 100.7360904, 13.8135298 ], [ 100.7359161, 13.8137963 ], [ 100.7358259, 13.8139415 ], [ 100.735749, 13.8140778 ], [ 100.7356609, 13.8142488 ], [ 100.7356046, 13.8143582 ], [ 100.7355416, 13.8144937 ], [ 100.7354866, 13.814646 ], [ 100.7354357, 13.8147949 ], [ 100.7353633, 13.8150553 ], [ 100.7353102, 13.8153158 ], [ 100.7352825, 13.8154343 ], [ 100.7352512, 13.8155431 ], [ 100.7351898, 13.8157501 ], [ 100.7351417, 13.8159123 ], [ 100.7350916, 13.8160424 ], [ 100.7350427, 13.8161653 ], [ 100.7349374, 13.8163683 ], [ 100.7348582, 13.8165367 ], [ 100.734794, 13.816665 ], [ 100.7346071, 13.8170395 ], [ 100.7345358, 13.8171902 ], [ 100.7344922, 13.8173078 ], [ 100.7344718, 13.8174015 ], [ 100.7344568, 13.8174733 ], [ 100.7344114, 13.8177868 ], [ 100.7343789, 13.8180247 ], [ 100.7343589, 13.8182313 ], [ 100.7343243, 13.8185756 ], [ 100.7342915, 13.8188641 ], [ 100.7341722, 13.818942 ], [ 100.7340608, 13.8190254 ], [ 100.733914, 13.8191117 ] ], [ [ 100.7347973, 13.8191877 ], [ 100.734567, 13.8190215 ], [ 100.7344881, 13.8189398 ], [ 100.7344273, 13.818833 ], [ 100.734431, 13.8187488 ], [ 100.7344448, 13.8185945 ], [ 100.7344711, 13.8182746 ], [ 100.7345037, 13.8180375 ], [ 100.7345336, 13.8177367 ], [ 100.7345506, 13.8175586 ], [ 100.7345731, 13.817431 ], [ 100.7345962, 13.8173219 ], [ 100.7346031, 13.8172986 ], [ 100.7346167, 13.8172524 ], [ 100.734807, 13.8168637 ], [ 100.7348921, 13.816691 ], [ 100.7349986, 13.8164947 ], [ 100.7351198, 13.8162608 ], [ 100.735127, 13.8162469 ], [ 100.735189, 13.8161223 ], [ 100.7352643, 13.8159215 ], [ 100.7352784, 13.815873 ], [ 100.7352951, 13.8158157 ], [ 100.7353305, 13.8156868 ], [ 100.7353703, 13.815482 ], [ 100.735377, 13.8154521 ], [ 100.7354331, 13.8151698 ], [ 100.7354571, 13.8150107 ], [ 100.7355092, 13.8148309 ], [ 100.7355697, 13.8146408 ], [ 100.7356182, 13.8145248 ], [ 100.7356985, 13.8143491 ], [ 100.7357441, 13.8142488 ], [ 100.7358155, 13.8141167 ], [ 100.7359578, 13.8138774 ], [ 100.7360991, 13.8136593 ], [ 100.7361862, 13.8135176 ], [ 100.7363338, 13.8132871 ], [ 100.736455, 13.8130766 ], [ 100.7367929, 13.8124983 ], [ 100.7369192, 13.8122851 ], [ 100.7371467, 13.8118865 ], [ 100.7374228, 13.8113998 ], [ 100.7375319, 13.8112075 ], [ 100.7378494, 13.8106253 ], [ 100.737941, 13.8104565 ], [ 100.7382098, 13.8099631 ], [ 100.7384002, 13.8096133 ], [ 100.7384883, 13.8094516 ], [ 100.7388305, 13.8088235 ], [ 100.7388806, 13.8087314 ], [ 100.7389611, 13.8085836 ], [ 100.7400628, 13.806561 ], [ 100.7402299, 13.8062543 ], [ 100.7404938, 13.8057696 ], [ 100.7409131, 13.8049999 ], [ 100.7411008, 13.8046554 ], [ 100.741241, 13.804398 ], [ 100.7412979, 13.8042935 ], [ 100.7417368, 13.8034758 ], [ 100.7420141, 13.8029786 ], [ 100.7421405, 13.8027466 ], [ 100.7425029, 13.8020811 ], [ 100.7426294, 13.8018368 ], [ 100.7428574, 13.8014119 ], [ 100.7429886, 13.8011628 ], [ 100.7430615, 13.8010229 ], [ 100.7431533, 13.8008576 ], [ 100.7432024, 13.800769 ], [ 100.7433201, 13.8005467 ], [ 100.7435437, 13.8001244 ], [ 100.7435559, 13.8001015 ], [ 100.7437706, 13.7997263 ], [ 100.7438235, 13.799631 ], [ 100.7442539, 13.7988555 ], [ 100.7443096, 13.7987552 ], [ 100.7447869, 13.7978563 ], [ 100.745035, 13.7973954 ], [ 100.7453235, 13.7968594 ], [ 100.7459357, 13.7957392 ], [ 100.7460183, 13.7955482 ], [ 100.7460765, 13.7953655 ], [ 100.7460861, 13.7953165 ], [ 100.7461395, 13.7950867 ], [ 100.7461631, 13.7948709 ], [ 100.7461677, 13.7945814 ], [ 100.7461672, 13.7944819 ], [ 100.7461684, 13.7935972 ], [ 100.7461706, 13.793416 ], [ 100.7461805, 13.7926952 ], [ 100.7461848, 13.7922226 ], [ 100.7462312, 13.790572 ], [ 100.7462415, 13.7898343 ], [ 100.7462468, 13.7894567 ], [ 100.7462512, 13.7892875 ], [ 100.7462543, 13.7890673 ], [ 100.7462561, 13.7889622 ], [ 100.7462828, 13.7877746 ], [ 100.7462854, 13.7872864 ], [ 100.7462959, 13.7868595 ], [ 100.7463033, 13.786562 ], [ 100.7463288, 13.7861063 ], [ 100.7463396, 13.7858842 ], [ 100.7463525, 13.7855251 ], [ 100.7464591, 13.7827458 ], [ 100.7464639, 13.7826629 ], [ 100.7465165, 13.7817487 ], [ 100.7465194, 13.781308 ], [ 100.7465138, 13.7812356 ], [ 100.7465164, 13.779986 ], [ 100.7465132, 13.7794098 ], [ 100.7465074, 13.7783358 ], [ 100.7464996, 13.7778743 ], [ 100.7464779, 13.776721 ], [ 100.746472, 13.776234 ], [ 100.7464631, 13.7758726 ], [ 100.7464498, 13.7753144 ], [ 100.7464448, 13.7750452 ], [ 100.7464434, 13.7749716 ], [ 100.7464197, 13.7741655 ], [ 100.7464193, 13.7741463 ], [ 100.7464162, 13.7739922 ], [ 100.7464147, 13.7738156 ], [ 100.7464116, 13.7734578 ], [ 100.7464064, 13.7728364 ], [ 100.7463834, 13.7719556 ], [ 100.7463755, 13.7711325 ], [ 100.7463758, 13.7710447 ], [ 100.7463755, 13.7707167 ], [ 100.7463714, 13.7702247 ], [ 100.7463685, 13.7693628 ], [ 100.7463661, 13.7690681 ], [ 100.7463659, 13.7686643 ], [ 100.7463658, 13.7685054 ], [ 100.746367, 13.7684402 ], [ 100.7463744, 13.7674551 ], [ 100.7463723, 13.7673825 ], [ 100.7463631, 13.76656 ], [ 100.7463664, 13.7664022 ], [ 100.746367, 13.7662494 ], [ 100.7463648, 13.7660967 ], [ 100.7463648, 13.7658195 ], [ 100.7463629, 13.7656658 ], [ 100.7463625, 13.7655313 ], [ 100.7463752, 13.7644994 ], [ 100.7463754, 13.7640895 ], [ 100.7463753, 13.7637332 ], [ 100.7463647, 13.7633238 ], [ 100.7463707, 13.7628851 ], [ 100.7463741, 13.7624172 ], [ 100.7463745, 13.7619721 ], [ 100.7463733, 13.7609729 ], [ 100.7463737, 13.7603773 ], [ 100.746374, 13.7603407 ], [ 100.7463798, 13.7597286 ], [ 100.7463867, 13.7590006 ], [ 100.7463937, 13.7583042 ], [ 100.7463969, 13.7579813 ], [ 100.7464167, 13.7565083 ], [ 100.7464327, 13.7550898 ], [ 100.7464346, 13.7549353 ], [ 100.7464353, 13.7543919 ], [ 100.7464369, 13.7542709 ], [ 100.7464402, 13.7540077 ], [ 100.7464425, 13.7538224 ], [ 100.7464443, 13.753674 ], [ 100.7464485, 13.7533405 ], [ 100.7464514, 13.7531077 ], [ 100.7464539, 13.7529076 ], [ 100.7464573, 13.7526591 ], [ 100.7464624, 13.7522402 ], [ 100.7464657, 13.7519705 ], [ 100.7464688, 13.7517256 ], [ 100.746472, 13.7516123 ], [ 100.7464799, 13.7514027 ], [ 100.7464875, 13.7512145 ], [ 100.7465114, 13.7505752 ], [ 100.7465267, 13.7500498 ], [ 100.7465383, 13.7497761 ], [ 100.7465534, 13.7494186 ], [ 100.7465764, 13.7488762 ], [ 100.7465838, 13.7487014 ], [ 100.7466226, 13.7478401 ], [ 100.7466397, 13.7473613 ], [ 100.7466554, 13.7470214 ], [ 100.7466657, 13.7466764 ], [ 100.7466719, 13.7464512 ], [ 100.746664, 13.7462079 ], [ 100.746639, 13.7458393 ], [ 100.7466329, 13.7457416 ], [ 100.7466169, 13.7455204 ], [ 100.7466059, 13.7453261 ], [ 100.7465838, 13.7450488 ], [ 100.7465684, 13.7447834 ], [ 100.7465644, 13.744562 ], [ 100.7465693, 13.7443157 ], [ 100.7465981, 13.7436539 ], [ 100.7466041, 13.7433205 ], [ 100.7466213, 13.7427999 ], [ 100.7466354, 13.7419145 ], [ 100.7466436, 13.7414532 ], [ 100.7466464, 13.7412014 ], [ 100.7466448, 13.7409175 ], [ 100.7466433, 13.7406596 ], [ 100.7466418, 13.7403734 ], [ 100.7466289, 13.7400019 ], [ 100.7466174, 13.7394238 ], [ 100.7466163, 13.7393671 ], [ 100.7466138, 13.7392432 ], [ 100.7466118, 13.739149 ], [ 100.7466114, 13.739132 ], [ 100.7466102, 13.7390907 ], [ 100.7466007, 13.7387638 ], [ 100.7465927, 13.7384876 ], [ 100.7465846, 13.7382532 ], [ 100.746583, 13.7382131 ], [ 100.7465806, 13.738151 ], [ 100.7465498, 13.7373548 ], [ 100.7465471, 13.7372016 ], [ 100.746543, 13.7369679 ], [ 100.7465532, 13.736441 ], [ 100.7465632, 13.7356908 ], [ 100.7465695, 13.7347968 ], [ 100.7465808, 13.7347387 ], [ 100.7465802, 13.7344932 ], [ 100.7465791, 13.7340759 ], [ 100.7465786, 13.7336776 ], [ 100.746577, 13.7324284 ], [ 100.7465784, 13.7323397 ], [ 100.7465605, 13.7319246 ], [ 100.7465663, 13.7312763 ], [ 100.7465805, 13.7307928 ], [ 100.7465792, 13.730725 ], [ 100.7466015, 13.7295738 ], [ 100.7466075, 13.7284068 ] ], [ [ 100.7480624, 13.714845 ], [ 100.7477858, 13.7149157 ], [ 100.7476464, 13.7149677 ], [ 100.7475177, 13.7150275 ], [ 100.7474292, 13.7150767 ], [ 100.747358, 13.715121 ], [ 100.7472065, 13.7152456 ], [ 100.7470778, 13.7153576 ], [ 100.7469619, 13.715474 ], [ 100.746857, 13.7156148 ], [ 100.7467566, 13.7157679 ], [ 100.7466508, 13.7159852 ], [ 100.7465652, 13.7162599 ], [ 100.7465225, 13.7164405 ], [ 100.7465004, 13.7165698 ], [ 100.7464976, 13.7166302 ], [ 100.746492, 13.7169386 ], [ 100.7464486, 13.7187923 ], [ 100.7464461, 13.7192558 ], [ 100.7464427, 13.719877 ], [ 100.7464391, 13.7205448 ], [ 100.7463684, 13.7269069 ], [ 100.7463622, 13.7271792 ], [ 100.7463679, 13.7277479 ], [ 100.7463976, 13.7281868 ], [ 100.746422, 13.7285566 ] ], [ [ 100.7466075, 13.7284068 ], [ 100.7466118, 13.7278277 ], [ 100.7465706, 13.7261593 ], [ 100.7465678, 13.7255588 ], [ 100.7465759, 13.7253105 ], [ 100.7466058, 13.7233529 ], [ 100.7466052, 13.7227669 ], [ 100.7466041, 13.7227116 ], [ 100.7466029, 13.722653 ] ], [ [ 100.7466075, 13.7284068 ], [ 100.7466325, 13.7283605 ], [ 100.7466459, 13.7283233 ], [ 100.7466874, 13.7278229 ], [ 100.7466972, 13.7269018 ], [ 100.746728, 13.7261097 ], [ 100.746736, 13.7252146 ], [ 100.7467369, 13.7236353 ], [ 100.7467042, 13.7221413 ], [ 100.7467028, 13.7205726 ], [ 100.7466944, 13.7200064 ], [ 100.746735, 13.7173912 ], [ 100.7467494, 13.716629 ], [ 100.7467903, 13.7163799 ], [ 100.7468495, 13.7161614 ], [ 100.746956, 13.7158931 ], [ 100.7470369, 13.7157671 ], [ 100.7471381, 13.7156437 ], [ 100.7472342, 13.7155308 ], [ 100.7473466, 13.7154294 ], [ 100.7474487, 13.7153517 ], [ 100.7475334, 13.7152923 ], [ 100.747621, 13.7152385 ], [ 100.7477046, 13.7151912 ], [ 100.747789, 13.7151495 ], [ 100.7478733, 13.7151144 ], [ 100.7479474, 13.7150877 ], [ 100.7480308, 13.7150636 ], [ 100.7481131, 13.715044 ] ] ] } },
{ "type": "Feature", "properties": { "name": "King's Dike: Rom Klao Road (join)", "crest_m": 2.5, "kind": "dike", "source": "Route: Royal Development Projects Board, 'Eastern King's Dike' project (km.rdpb.go.th/Project/View/6635); Think of Living, 'Where are the dike lines?', 12 Oct 2011 (route by road). Crest: JICA, Study on the BMA Subcenters Program, ch. 5.3 (Rom Klao Road dike designed at 2.47 m MSL); BMA flood walls: upstream +3.00-3.50, middle +2.80-3.00, downstream +2.50-2.80 m MSL (BMA, 'Flood Mitigation and Management in Bangkok', UNESCAP; Pattaya Mail, 10 Oct 2024).", "note": "Elevated road on an embankment." }, "geometry": { "type": "LineString", "coordinates": [ [ 100.7464486, 13.7187923 ], [ 100.7464486, 13.7187923 ] ] } },
{ "type": "Feature", "properties": { "name": "King's Dike: King Kaew Road", "crest_m": 2.5, "kind": "dike", "source": "Route: Royal Development Projects Board, 'Eastern King's Dike' project (km.rdpb.go.th/Project/View/6635); Think of Living, 'Where are the dike lines?', 12 Oct 2011 (route by road). Crest: JICA, Study on the BMA Subcenters Program, ch. 5.3 (Rom Klao Road dike designed at 2.47 m MSL); BMA flood walls: upstream +3.00-3.50, middle +2.80-3.00, downstream +2.50-2.80 m MSL (BMA, 'Flood Mitigation and Management in Bangkok', UNESCAP; Pattaya Mail, 10 Oct 2024).", "note": "Elevated road on an embankment." }, "geometry": { "type": "MultiLineString", "coordinates": [ [ [ 100.699177, 13.5985634 ], [ 100.6992091, 13.5987122 ], [ 100.6992251, 13.5987969 ], [ 100.699236, 13.5988766 ], [ 100.6992458, 13.5989632 ], [ 100.6993513, 13.6004165 ], [ 100.6994317, 13.6016465 ], [ 100.6995548, 13.6032867 ], [ 100.6995865, 13.6036459 ], [ 100.6996142, 13.603922 ], [ 100.6996541, 13.6042298 ], [ 100.6997062, 13.6046206 ], [ 100.6997847, 13.6050743 ], [ 100.699858586740774, 13.605421280838913 ] ], [ [ 100.699858586740774, 13.605421280838913 ], [ 100.6998594, 13.6054251 ], [ 100.699927, 13.6057483 ], [ 100.7002169, 13.6068901 ], [ 100.7005107, 13.6079218 ], [ 100.7011262, 13.6097694 ], [ 100.7018321, 13.6119487 ], [ 100.7018443, 13.6119971 ], [ 100.7018635, 13.6120662 ], [ 100.7018873, 13.6121528 ], [ 100.7019268, 13.6123061 ], [ 100.7019553, 13.6124585 ] ], [ [ 100.7014591, 13.6104536 ], [ 100.7012893, 13.6099202 ], [ 100.700801, 13.608394 ], [ 100.7007269, 13.6081861 ], [ 100.7006623, 13.6080055 ], [ 100.7005883, 13.6077873 ], [ 100.7004852, 13.6075056 ], [ 100.7003953, 13.6072563 ], [ 100.7003041, 13.6069213 ], [ 100.7000746, 13.6060025 ], [ 100.6999776, 13.6056189 ], [ 100.6999313, 13.6054056 ], [ 100.699880927665816, 13.60518298069533 ] ], [ [ 100.699880927665816, 13.60518298069533 ], [ 100.6998779, 13.6051696 ], [ 100.699827, 13.6048811 ], [ 100.6997854, 13.6045858 ], [ 100.6997337, 13.6041976 ], [ 100.6997019, 13.6039302 ], [ 100.699666, 13.6036271 ], [ 100.6996268, 13.6031791 ], [ 100.6993654, 13.5991551 ] ], [ [ 100.6999746, 13.6041515 ], [ 100.6999742, 13.6041588 ], [ 100.6999461, 13.6046696 ], [ 100.6999235, 13.6048661 ], [ 100.6998903, 13.60511 ], [ 100.699880927665816, 13.60518298069533 ] ], [ [ 100.699880927665816, 13.60518298069533 ], [ 100.6998645, 13.6053109 ], [ 100.699858586740774, 13.605421280838913 ] ], [ [ 100.699858586740774, 13.605421280838913 ], [ 100.6998549, 13.6054901 ], [ 100.6998552, 13.6056235 ], [ 100.6998636, 13.6057509 ], [ 100.6998775, 13.6058619 ], [ 100.6998809, 13.6058776 ], [ 100.6999161, 13.6060485 ], [ 100.7002767, 13.6074317 ], [ 100.700369, 13.607738 ], [ 100.7004048, 13.6078485 ], [ 100.7005443, 13.6082627 ], [ 100.7012613, 13.6104409 ], [ 100.7012898, 13.6105318 ], [ 100.7013558, 13.6107305 ], [ 100.701482, 13.6111249 ], [ 100.701574, 13.6114048 ], [ 100.7016153, 13.6115427 ], [ 100.7016861, 13.6117745 ], [ 100.7017399, 13.6119503 ], [ 100.7017698, 13.6120443 ], [ 100.7018076, 13.6121445 ], [ 100.7018644, 13.6123014 ], [ 100.7018852, 13.6123496 ], [ 100.7019288, 13.6124076 ], [ 100.7019553, 13.6124585 ] ], [ [ 100.7019553, 13.6124585 ], [ 100.7019808, 13.6125179 ], [ 100.7023307, 13.6136091 ], [ 100.7024207, 13.6138896 ], [ 100.7024346, 13.6139387 ], [ 100.7025329, 13.614239 ], [ 100.7025409, 13.6142647 ], [ 100.7028713, 13.6153317 ], [ 100.7032045, 13.616283 ], [ 100.7033095, 13.6166103 ], [ 100.7033578, 13.616761 ], [ 100.7035619, 13.61743 ], [ 100.7035868, 13.6174991 ], [ 100.7037014, 13.6178176 ], [ 100.7037815, 13.6180826 ], [ 100.7038399, 13.618251 ], [ 100.7039302, 13.6185114 ], [ 100.704036, 13.6188387 ], [ 100.7041329, 13.6191566 ], [ 100.7042067, 13.6193666 ], [ 100.7042434, 13.6194802 ], [ 100.7042783, 13.6195882 ], [ 100.7044159, 13.620014 ], [ 100.7045912, 13.620524 ], [ 100.704617, 13.6206058 ], [ 100.7047503, 13.6210292 ], [ 100.7047758, 13.6211102 ], [ 100.7048508, 13.6213484 ], [ 100.7050026, 13.6218302 ], [ 100.7053057, 13.6227927 ], [ 100.7056503, 13.623887 ], [ 100.705764, 13.624248 ], [ 100.7058554, 13.6245382 ], [ 100.7061054, 13.6253321 ], [ 100.7062112, 13.6256681 ], [ 100.7062498, 13.6257927 ], [ 100.7062883, 13.6259173 ], [ 100.7066484, 13.6270809 ], [ 100.7068321, 13.6276596 ], [ 100.7068579, 13.6277409 ], [ 100.7069388, 13.6279948 ], [ 100.7070144, 13.6282322 ], [ 100.7071082, 13.6285265 ], [ 100.7072197, 13.6288769 ], [ 100.7074458, 13.6295967 ], [ 100.7075852, 13.6300405 ], [ 100.7076624, 13.6302864 ], [ 100.7077707, 13.630629 ], [ 100.7078125, 13.6307642 ], [ 100.7079696, 13.6312774 ], [ 100.7080465, 13.6315434 ], [ 100.7080495, 13.6315551 ], [ 100.7080533, 13.6315667 ], [ 100.7081943, 13.6319955 ], [ 100.7082257, 13.6320919 ], [ 100.7083024, 13.6322241 ], [ 100.7084151, 13.6324444 ], [ 100.7086956, 13.633038 ], [ 100.709319, 13.6342117 ], [ 100.7098594, 13.6352582 ], [ 100.710361, 13.6362422 ], [ 100.7106721, 13.636847 ], [ 100.710829, 13.6372028 ], [ 100.711133, 13.6378292 ], [ 100.7114486, 13.6384663 ], [ 100.7116029, 13.6387428 ], [ 100.7116895, 13.6389049 ], [ 100.7117461, 13.6390426 ], [ 100.7118144, 13.6392154 ], [ 100.7118979, 13.6394535 ], [ 100.7119891, 13.6397507 ], [ 100.7121676, 13.640348 ], [ 100.7122229, 13.6405356 ], [ 100.7123005, 13.6408104 ], [ 100.7123599, 13.6410256 ], [ 100.7124471, 13.6413341 ], [ 100.7125025, 13.6415249 ], [ 100.7125472, 13.6416815 ], [ 100.7126613, 13.6420813 ], [ 100.7128577, 13.6427456 ], [ 100.7130346, 13.6434147 ], [ 100.7132046, 13.6440184 ], [ 100.7135222, 13.6451692 ], [ 100.7139446, 13.6467237 ], [ 100.7140461, 13.6470972 ], [ 100.7142734, 13.6479341 ], [ 100.7145053, 13.6487877 ], [ 100.714728, 13.6496072 ], [ 100.7148559, 13.6500781 ], [ 100.7151762, 13.6512569 ], [ 100.7152697, 13.6516011 ], [ 100.7153713, 13.6519555 ], [ 100.7155247, 13.6524906 ], [ 100.7156657, 13.6529824 ], [ 100.7157095, 13.6531353 ], [ 100.7157248, 13.6531886 ], [ 100.715934, 13.6539184 ], [ 100.7162483, 13.6550687 ], [ 100.7164084, 13.6556311 ], [ 100.7165111, 13.6559743 ], [ 100.7166747, 13.6565464 ], [ 100.7169304, 13.6574706 ], [ 100.7170843, 13.6579562 ], [ 100.7171272, 13.6581104 ], [ 100.7171875, 13.6583065 ], [ 100.7172933, 13.6586506 ], [ 100.7173762, 13.6589354 ], [ 100.7174175, 13.6590574 ], [ 100.7175023, 13.6593356 ], [ 100.7176569, 13.6598538 ], [ 100.7179091, 13.6606507 ], [ 100.7181221, 13.6613871 ], [ 100.7182214, 13.6617441 ], [ 100.7183246, 13.6620951 ], [ 100.7184365, 13.6624865 ], [ 100.7185284, 13.6628075 ], [ 100.7186347, 13.6631792 ], [ 100.7187311, 13.6635198 ], [ 100.7189786, 13.6643949 ], [ 100.7190478, 13.6646394 ], [ 100.7191433, 13.6649572 ], [ 100.7196295, 13.6667825 ], [ 100.7197533, 13.6672047 ], [ 100.719811, 13.6674317 ], [ 100.7198854, 13.6677218 ], [ 100.7199677, 13.6680271 ], [ 100.7201185, 13.6685864 ], [ 100.7202638, 13.6691254 ], [ 100.7204723, 13.6698143 ], [ 100.7205159, 13.6700028 ], [ 100.720921, 13.6714607 ], [ 100.7211435, 13.6722858 ], [ 100.7212761, 13.6727684 ], [ 100.7214139, 13.6732581 ], [ 100.72155, 13.6737321 ], [ 100.7217275, 13.6745105 ], [ 100.7218322, 13.6749693 ], [ 100.7218441, 13.6750218 ], [ 100.7219387, 13.6754133 ], [ 100.7221128, 13.6761609 ], [ 100.722167, 13.6763724 ], [ 100.7222507, 13.6766115 ], [ 100.7223489, 13.6768378 ], [ 100.7224579, 13.6770642 ], [ 100.7228453, 13.6777873 ], [ 100.7231545, 13.678419 ], [ 100.7232139, 13.6785416 ], [ 100.7232854, 13.6786817 ], [ 100.7234632, 13.6790299 ], [ 100.7235301, 13.6791581 ], [ 100.7236397, 13.6793505 ], [ 100.7236637, 13.6793925 ], [ 100.7238622, 13.6797814 ], [ 100.7239993, 13.6800425 ], [ 100.7244731, 13.680975 ], [ 100.7244855, 13.6809992 ], [ 100.724506, 13.6810362 ], [ 100.7245178, 13.6810591 ], [ 100.7245824, 13.6811867 ], [ 100.7246872, 13.6813915 ], [ 100.7247679, 13.6815536 ], [ 100.7249193, 13.6818511 ], [ 100.7249586, 13.6819283 ], [ 100.7252337, 13.6824691 ], [ 100.7254515, 13.6828729 ], [ 100.7254773, 13.6829254 ], [ 100.7260964, 13.6840977 ], [ 100.7266934, 13.685243 ], [ 100.7267544, 13.685362 ], [ 100.7277002, 13.6872081 ], [ 100.7277798, 13.6873683 ], [ 100.7278724, 13.6876199 ], [ 100.7280948, 13.6881518 ], [ 100.7282074, 13.6884212 ], [ 100.7282342, 13.6884909 ], [ 100.7282922, 13.6886422 ], [ 100.7284712, 13.6890448 ], [ 100.7285518, 13.6892309 ], [ 100.7286818, 13.6895673 ], [ 100.7287303, 13.6897112 ], [ 100.728853, 13.6900108 ], [ 100.7289704, 13.6903027 ], [ 100.72921, 13.6908989 ], [ 100.7292642, 13.6910338 ], [ 100.7293296, 13.6911965 ], [ 100.729795, 13.6923036 ], [ 100.7299118, 13.6925813 ], [ 100.7303571, 13.6936404 ], [ 100.7305988, 13.6942329 ], [ 100.7307489, 13.6946008 ], [ 100.7309191, 13.695018 ], [ 100.7309751, 13.6951502 ], [ 100.7311391, 13.6955586 ], [ 100.7311854, 13.6956722 ], [ 100.7312825, 13.6959107 ], [ 100.7313567, 13.696093 ], [ 100.7313965, 13.6961908 ], [ 100.7315131, 13.6964772 ], [ 100.7317133, 13.6969692 ], [ 100.7319987, 13.6976704 ], [ 100.7320488, 13.6977936 ], [ 100.7322254, 13.6982154 ], [ 100.7325708, 13.6990615 ], [ 100.7328436, 13.6997188 ], [ 100.7331182, 13.7003616 ], [ 100.733156, 13.7004504 ], [ 100.7335405, 13.7013527 ], [ 100.7336472, 13.701603 ], [ 100.7339026, 13.7022015 ], [ 100.734004, 13.7024393 ], [ 100.7340834, 13.7026253 ], [ 100.7342391, 13.7029664 ], [ 100.7345082, 13.7035558 ], [ 100.7351499, 13.7049374 ], [ 100.7357434, 13.7062153 ], [ 100.7359029, 13.7065718 ], [ 100.7359214, 13.7066131 ], [ 100.7360793, 13.7069414 ], [ 100.7363085, 13.707405 ], [ 100.7366633, 13.7081228 ], [ 100.7369963, 13.7088301 ], [ 100.7372794, 13.7094315 ], [ 100.7375395, 13.7099385 ], [ 100.7377211, 13.7102925 ], [ 100.7379205, 13.7106811 ], [ 100.7379536, 13.7107482 ], [ 100.738127, 13.7111004 ], [ 100.7383463, 13.7115474 ] ], [ [ 100.7405733, 13.7158052 ], [ 100.7405138, 13.7156761 ], [ 100.7403263, 13.7152422 ], [ 100.740128, 13.7148189 ], [ 100.7400629, 13.7146809 ], [ 100.739728, 13.7140277 ], [ 100.7394328, 13.713405 ], [ 100.7393836, 13.7133011 ], [ 100.7392558, 13.7130499 ], [ 100.7388814, 13.7122989 ], [ 100.7388733, 13.7122795 ], [ 100.7380976, 13.7106751 ], [ 100.7374883, 13.709415 ], [ 100.7373338, 13.7090955 ], [ 100.7369275, 13.7082552 ], [ 100.7368891, 13.7081724 ], [ 100.7367001, 13.7077851 ], [ 100.7365666, 13.7075114 ], [ 100.7362485, 13.7068594 ], [ 100.7362248, 13.7068109 ], [ 100.7360418, 13.7064319 ], [ 100.7358809, 13.70606 ], [ 100.735756, 13.7058046 ], [ 100.7353593, 13.7049456 ], [ 100.7351791, 13.7045555 ], [ 100.7350186, 13.7042058 ], [ 100.7349481, 13.7040488 ], [ 100.7346302, 13.7033326 ], [ 100.7344199, 13.7028924 ], [ 100.7343922, 13.7028219 ], [ 100.7343218, 13.7026418 ], [ 100.7340402, 13.7020258 ], [ 100.7338726, 13.7016593 ], [ 100.7337099, 13.7013033 ], [ 100.7335531, 13.7009663 ], [ 100.7331068, 13.6998825 ], [ 100.7330287, 13.6997051 ], [ 100.7327481, 13.6990008 ], [ 100.7325592, 13.6985315 ], [ 100.7324972, 13.6983774 ], [ 100.7322985, 13.6978839 ], [ 100.7321921, 13.6976196 ], [ 100.7318387, 13.6967713 ], [ 100.73175, 13.6965583 ], [ 100.7312342, 13.6952829 ], [ 100.7308577, 13.6943518 ], [ 100.7305565, 13.6936268 ], [ 100.7304044, 13.6932802 ], [ 100.730239, 13.6928627 ], [ 100.7300573, 13.6924174 ], [ 100.7299037, 13.6920409 ], [ 100.7297641, 13.6916986 ], [ 100.7297455, 13.6916531 ], [ 100.7294642, 13.6909566 ], [ 100.729286, 13.6905613 ], [ 100.7289785, 13.6898086 ], [ 100.7287632, 13.6892734 ], [ 100.7286661, 13.6890321 ], [ 100.7286286, 13.6889391 ], [ 100.7285636, 13.6887775 ], [ 100.728383, 13.6883485 ], [ 100.7280573, 13.6875751 ], [ 100.7277902, 13.6870268 ], [ 100.7275472, 13.6865482 ], [ 100.72732, 13.6861322 ], [ 100.7271807, 13.6858604 ], [ 100.7268365, 13.6851886 ], [ 100.7266854, 13.6849128 ], [ 100.7264269, 13.6844282 ], [ 100.7262093, 13.6840203 ], [ 100.7258934, 13.6834002 ], [ 100.7258383, 13.6832921 ], [ 100.7255891, 13.6828141 ], [ 100.7255748, 13.6827921 ], [ 100.7255215, 13.6826867 ], [ 100.725431, 13.6825076 ], [ 100.7252453, 13.6821534 ], [ 100.7250969, 13.6818468 ], [ 100.724676, 13.6809851 ], [ 100.7246236, 13.6808763 ], [ 100.724417, 13.6804485 ], [ 100.7242397, 13.6801096 ], [ 100.7240205, 13.6797057 ], [ 100.7238192, 13.6793264 ], [ 100.7237925, 13.6792749 ], [ 100.723675, 13.679063 ], [ 100.7234827, 13.6786977 ], [ 100.723338, 13.6783938 ], [ 100.7229359, 13.6775826 ], [ 100.7227925, 13.6772975 ], [ 100.7227676, 13.6772511 ], [ 100.7225806, 13.6769027 ], [ 100.7224479, 13.6766309 ], [ 100.7223825, 13.6764721 ], [ 100.7223333, 13.6763184 ], [ 100.7222837, 13.6761178 ], [ 100.7222046, 13.6757551 ], [ 100.7221606, 13.6755581 ], [ 100.7220726, 13.6751774 ], [ 100.7220118, 13.674886 ], [ 100.7219441, 13.6746108 ], [ 100.7218666, 13.6742917 ], [ 100.7218388, 13.6741898 ], [ 100.7217642, 13.6739078 ], [ 100.7217261, 13.6737732 ], [ 100.7214627, 13.6727292 ], [ 100.7214457, 13.6726704 ], [ 100.7213339, 13.6722771 ], [ 100.7212351, 13.6719424 ], [ 100.7211249, 13.6715236 ], [ 100.7208949, 13.6706606 ], [ 100.7207894, 13.6702583 ], [ 100.7207451, 13.670102 ], [ 100.7206781, 13.6698207 ], [ 100.7204795, 13.669067 ], [ 100.7203969, 13.668784 ], [ 100.7202171, 13.6681598 ], [ 100.7201536, 13.667943 ], [ 100.7201236, 13.6678349 ], [ 100.7200422, 13.6675282 ], [ 100.719889, 13.6669591 ], [ 100.7198608, 13.6668458 ], [ 100.7195726, 13.6657686 ], [ 100.7195193, 13.6655745 ], [ 100.7193333, 13.6648967 ], [ 100.7192249, 13.6645371 ], [ 100.7191427, 13.6642646 ], [ 100.7190095, 13.6638228 ], [ 100.7188519, 13.6633003 ], [ 100.7187085, 13.6627682 ], [ 100.7186017, 13.6623838 ], [ 100.7185152, 13.662067 ], [ 100.7183396, 13.6614396 ], [ 100.718164, 13.6608735 ], [ 100.7180271, 13.6604156 ], [ 100.7179619, 13.6601973 ], [ 100.7179179, 13.66005 ], [ 100.7178538, 13.6598593 ], [ 100.7176295, 13.6591037 ], [ 100.7175616, 13.6588657 ], [ 100.7173533, 13.6581663 ], [ 100.7173212, 13.6580539 ], [ 100.7172539, 13.6578242 ], [ 100.7170987, 13.6573095 ], [ 100.7169473, 13.6568029 ], [ 100.7167603, 13.656177 ], [ 100.7165838, 13.6555864 ], [ 100.7164497, 13.6551153 ], [ 100.7162601, 13.6544639 ], [ 100.7161465, 13.6540735 ], [ 100.715995, 13.6535192 ], [ 100.715975, 13.6534462 ], [ 100.7158476, 13.652998 ], [ 100.7155477, 13.6519339 ], [ 100.7154998, 13.6517755 ], [ 100.7154374, 13.6515462 ], [ 100.7153305, 13.6511538 ], [ 100.7153091, 13.6510751 ], [ 100.7150876, 13.6502617 ], [ 100.7150229, 13.6500199 ], [ 100.7148949, 13.6495418 ], [ 100.7148165, 13.6492489 ], [ 100.7146531, 13.6486382 ], [ 100.7144665, 13.647941 ], [ 100.714369, 13.6475766 ], [ 100.714272, 13.6472142 ], [ 100.7142201, 13.6470202 ], [ 100.714121, 13.64665 ], [ 100.7137117, 13.6451205 ], [ 100.7136772, 13.644999 ], [ 100.7135701, 13.6446426 ], [ 100.7135096, 13.6444085 ], [ 100.713476, 13.6442901 ], [ 100.713404, 13.6440368 ], [ 100.7133697, 13.6439159 ], [ 100.7133506, 13.6438487 ], [ 100.7132414, 13.6434641 ], [ 100.713112, 13.6430081 ], [ 100.7129485, 13.6424325 ], [ 100.7127403, 13.6416985 ], [ 100.7122431, 13.6399847 ], [ 100.7120547, 13.6393703 ], [ 100.7120064, 13.6392241 ], [ 100.7118418, 13.6388351 ], [ 100.7111902, 13.637572 ], [ 100.7111252, 13.637446 ], [ 100.7110693, 13.6373484 ], [ 100.7110517, 13.6373214 ], [ 100.7107808, 13.6368391 ], [ 100.7104495, 13.6361992 ], [ 100.7099922, 13.6353091 ], [ 100.7087809, 13.6329956 ], [ 100.7085103, 13.6323831 ], [ 100.7083983, 13.6321616 ], [ 100.7083846, 13.6320776 ], [ 100.7083418, 13.6319263 ], [ 100.708207, 13.6314913 ], [ 100.7081299, 13.6312281 ], [ 100.7079351, 13.6306211 ], [ 100.707717, 13.6298998 ], [ 100.7075055, 13.6292075 ], [ 100.70741, 13.6288811 ], [ 100.7073767, 13.6287858 ], [ 100.7073127, 13.6285994 ], [ 100.7072435, 13.628363 ], [ 100.7072023, 13.6282262 ], [ 100.7071847, 13.6281675 ], [ 100.7071144, 13.6279351 ], [ 100.7070244, 13.6276653 ], [ 100.7069083, 13.627269 ], [ 100.7064529, 13.6258144 ], [ 100.7062488, 13.6251116 ], [ 100.7059959, 13.6243543 ], [ 100.7058305, 13.6238442 ], [ 100.7056086, 13.6231596 ], [ 100.705533, 13.622913 ], [ 100.7053803, 13.6224519 ], [ 100.7053721, 13.6224299 ], [ 100.7051059, 13.6216087 ], [ 100.7049695, 13.6212024 ], [ 100.7048388, 13.6207665 ], [ 100.7047852, 13.6206059 ], [ 100.7047493, 13.6204981 ], [ 100.7046229, 13.6200962 ], [ 100.7045797, 13.6199589 ], [ 100.7044993, 13.6197035 ], [ 100.7043201, 13.6191337 ], [ 100.7041748, 13.6186719 ], [ 100.7041593, 13.6186227 ], [ 100.703955, 13.6180065 ], [ 100.7038338, 13.6176408 ], [ 100.7035153, 13.6167003 ], [ 100.7034739, 13.6165673 ], [ 100.7034306, 13.6164279 ], [ 100.7031552, 13.6156286 ], [ 100.7030965, 13.615454 ], [ 100.7029214, 13.614933 ], [ 100.7028313, 13.614651 ], [ 100.7026677, 13.6141597 ], [ 100.7025769, 13.6138374 ], [ 100.7024669, 13.6135069 ], [ 100.7023411, 13.6131326 ], [ 100.7021281, 13.6124593 ], [ 100.7019507, 13.6119039 ], [ 100.7018275, 13.6115223 ], [ 100.7015544, 13.6105626 ] ], [ [ 100.7015544, 13.6105626 ], [ 100.70151, 13.6103958 ], [ 100.701175, 13.6093113 ], [ 100.7008403, 13.6082857 ], [ 100.7006631, 13.6078007 ], [ 100.7006256, 13.6076998 ], [ 100.7005994, 13.6076355 ], [ 100.70058, 13.6075849 ], [ 100.7005598, 13.6075333 ], [ 100.7005398, 13.6074723 ], [ 100.7005099, 13.6073682 ], [ 100.7001023, 13.6059158 ], [ 100.7000859, 13.6058316 ], [ 100.7000621, 13.6056941 ], [ 100.7000453, 13.6055766 ], [ 100.7000378, 13.6054683 ], [ 100.7000303, 13.6053166 ], [ 100.7000309, 13.6051668 ], [ 100.7000378, 13.604989 ], [ 100.700043, 13.6049169 ], [ 100.7000529, 13.6047795 ], [ 100.7001126, 13.6043427 ], [ 100.7001094, 13.6041262 ], [ 100.7001093, 13.6041214 ] ], [ [ 100.7015544, 13.6105626 ], [ 100.7014889, 13.6104987 ], [ 100.7014591, 13.6104536 ] ], [ [ 100.7014591, 13.6104536 ], [ 100.7014078, 13.6103963 ], [ 100.7013649, 13.6103207 ], [ 100.7013338, 13.610242 ], [ 100.7012932, 13.6101199 ], [ 100.7005355, 13.6078428 ] ], [ [ 100.7383463, 13.7115474 ], [ 100.7384678, 13.7117075 ], [ 100.7387651, 13.7123294 ], [ 100.7397045, 13.7142943 ], [ 100.7406345, 13.7162805 ], [ 100.7407933, 13.7165901 ], [ 100.740888043239181, 13.716697920866915 ] ], [ [ 100.740888043239181, 13.716697920866915 ], [ 100.7409295, 13.7167451 ], [ 100.7410669, 13.716878 ], [ 100.7412377, 13.7169889 ], [ 100.7413316, 13.7170351 ], [ 100.7414379, 13.7170891 ], [ 100.7415949, 13.7171363 ], [ 100.7417557, 13.7171682 ], [ 100.7427188, 13.7172144 ], [ 100.7445411, 13.7173366 ], [ 100.7450059, 13.7173821 ], [ 100.7454216, 13.7174131 ], [ 100.7455538, 13.7174396 ], [ 100.7456552, 13.7174721 ], [ 100.7457488, 13.7175087 ], [ 100.7458639, 13.7175651 ], [ 100.7459492, 13.7176159 ], [ 100.7460292, 13.7176812 ], [ 100.7460927, 13.7177364 ], [ 100.7461487, 13.7177974 ], [ 100.7461855, 13.7178406 ], [ 100.7462097, 13.7179131 ], [ 100.7463405, 13.7181573 ], [ 100.7463816, 13.718308 ], [ 100.7464153, 13.7186682 ], [ 100.7464273, 13.7187385 ], [ 100.7464486, 13.7187923 ] ], [ [ 100.7383463, 13.7115474 ], [ 100.7383857, 13.7117469 ], [ 100.7384171, 13.7118131 ], [ 100.7384937, 13.7119776 ], [ 100.7386773, 13.7123716 ], [ 100.7387118, 13.7124435 ], [ 100.7389557, 13.7129514 ], [ 100.7392585, 13.7136063 ], [ 100.7404868, 13.716172 ], [ 100.7406167, 13.7164455 ], [ 100.7406815, 13.716611 ], [ 100.7407006, 13.7167498 ], [ 100.7407131, 13.716914 ], [ 100.7406978, 13.7171706 ], [ 100.7406328, 13.7175902 ], [ 100.7406111, 13.7177307 ], [ 100.7405958, 13.7178212 ], [ 100.7405442, 13.7181277 ], [ 100.740498, 13.7184019 ], [ 100.7403739, 13.7191391 ], [ 100.7403241, 13.7194346 ], [ 100.7402757, 13.7197217 ], [ 100.7402489, 13.7199645 ], [ 100.7402116, 13.7203024 ], [ 100.7401981, 13.7203883 ], [ 100.7401618, 13.7206194 ], [ 100.7400751, 13.721171 ], [ 100.7400115, 13.7215758 ], [ 100.7399793, 13.7217806 ], [ 100.7399812, 13.7218926 ], [ 100.7399757, 13.722 ], [ 100.739982, 13.7222798 ], [ 100.7400374, 13.72241 ], [ 100.7401847, 13.722509 ] ], [ [ 100.7467028, 13.7205726 ], [ 100.7467158, 13.7204877 ], [ 100.7467977, 13.7200567 ], [ 100.7468692, 13.7198614 ], [ 100.746937, 13.7196984 ], [ 100.7470642, 13.7194827 ], [ 100.747193, 13.7193065 ], [ 100.7477846, 13.7187021 ], [ 100.7478931, 13.7185572 ], [ 100.7479812, 13.7183958 ], [ 100.7480304, 13.718213 ], [ 100.7480406, 13.7180599 ], [ 100.7480202, 13.7178903 ], [ 100.7479592, 13.7176893 ], [ 100.7478778, 13.717556 ], [ 100.7477631, 13.7174013 ], [ 100.7476082, 13.7172677 ], [ 100.7474034, 13.7171736 ], [ 100.7472235, 13.7171344 ], [ 100.7470098, 13.7171021 ], [ 100.7444934, 13.7169286 ], [ 100.743651, 13.7168731 ], [ 100.7423931, 13.7167989 ], [ 100.7423279, 13.716795 ], [ 100.7421158, 13.7167628 ], [ 100.7419551, 13.7167475 ], [ 100.7418324, 13.7167228 ], [ 100.7416778, 13.7166767 ], [ 100.7415327, 13.716628 ], [ 100.7414066, 13.7165687 ], [ 100.7412805, 13.7164989 ], [ 100.7411205, 13.7163908 ], [ 100.7409997, 13.7163011 ], [ 100.7408834, 13.7161884 ], [ 100.7407832, 13.7160428 ], [ 100.7405733, 13.7158052 ] ], [ [ 100.7406063, 13.7224156 ], [ 100.7404976, 13.7223327 ], [ 100.7403658, 13.7222557 ], [ 100.7402788, 13.7221867 ], [ 100.7402098, 13.7221103 ], [ 100.7401639, 13.722 ], [ 100.7401504, 13.7219091 ], [ 100.740216, 13.721392 ], [ 100.740443, 13.7200492 ], [ 100.7405111, 13.7197717 ], [ 100.740557, 13.7193927 ], [ 100.7405954, 13.7191229 ], [ 100.7407174, 13.7183369 ], [ 100.7407423, 13.7181766 ], [ 100.7408005, 13.7178362 ], [ 100.7408902, 13.7172262 ], [ 100.7409031, 13.7167917 ], [ 100.740888043239181, 13.716697920866915 ] ], [ [ 100.740888043239181, 13.716697920866915 ], [ 100.7408742, 13.7166117 ], [ 100.7408638, 13.7165276 ], [ 100.7408335, 13.7164022 ], [ 100.7407197, 13.716121 ], [ 100.7405733, 13.7158052 ] ] ] } },
{ "type": "Feature", "properties": { "name": "King's Dike: King Kaew Road (join)", "crest_m": 2.5, "kind": "dike", "source": "Route: Royal Development Projects Board, 'Eastern King's Dike' project (km.rdpb.go.th/Project/View/6635); Think of Living, 'Where are the dike lines?', 12 Oct 2011 (route by road). Crest: JICA, Study on the BMA Subcenters Program, ch. 5.3 (Rom Klao Road dike designed at 2.47 m MSL); BMA flood walls: upstream +3.00-3.50, middle +2.80-3.00, downstream +2.50-2.80 m MSL (BMA, 'Flood Mitigation and Management in Bangkok', UNESCAP; Pattaya Mail, 10 Oct 2024).", "note": "Elevated road on an embankment." }, "geometry": { "type": "LineString", "coordinates": [ [ 100.699177, 13.5985634 ], [ 100.699177, 13.5985634 ] ] } },
{ "type": "Feature", "properties": { "name": "King's Dike: Tamru-Bang Phli Road", "crest_m": 2.5, "kind": "dike", "source": "Route: Royal Development Projects Board, 'Eastern King's Dike' project (km.rdpb.go.th/Project/View/6635); Think of Living, 'Where are the dike lines?', 12 Oct 2011 (route by road). Crest: JICA, Study on the BMA Subcenters Program, ch. 5.3 (Rom Klao Road dike designed at 2.47 m MSL); BMA flood walls: upstream +3.00-3.50, middle +2.80-3.00, downstream +2.50-2.80 m MSL (BMA, 'Flood Mitigation and Management in Bangkok', UNESCAP; Pattaya Mail, 10 Oct 2024).", "note": "Elevated road on an embankment." }, "geometry": { "type": "MultiLineString", "coordinates": [ [ [ 100.6821955, 13.5157343 ], [ 100.6822634, 13.5159418 ], [ 100.6822749, 13.5159879 ], [ 100.6822809, 13.516036 ], [ 100.6822833, 13.5160755 ], [ 100.6822865, 13.516123 ], [ 100.6824883, 13.5167268 ], [ 100.6828257, 13.51769 ], [ 100.6832799, 13.5190288 ], [ 100.6833476, 13.5192215 ], [ 100.6834126, 13.5194273 ], [ 100.6834648, 13.5196363 ], [ 100.6835022, 13.5198158 ], [ 100.6835313, 13.5199755 ], [ 100.6835574, 13.5201458 ], [ 100.6836267, 13.5206883 ], [ 100.6836684, 13.5209572 ], [ 100.6837055, 13.5211688 ], [ 100.6837549, 13.5213961 ], [ 100.6837862, 13.5215109 ], [ 100.6839202, 13.5220366 ], [ 100.6839731, 13.5222401 ], [ 100.6841961, 13.5234316 ], [ 100.6843999, 13.5241631 ], [ 100.6845045, 13.524536 ], [ 100.6846091, 13.524892 ], [ 100.6846393, 13.5249834 ], [ 100.6846686, 13.5250718 ], [ 100.684698, 13.52515 ], [ 100.6848165, 13.525519 ], [ 100.6850222, 13.5260264 ], [ 100.685285, 13.5267031 ], [ 100.6853771, 13.5269462 ], [ 100.6855145, 13.5273085 ], [ 100.6855479, 13.5273968 ], [ 100.6856124, 13.5275757 ], [ 100.6857589, 13.5279822 ], [ 100.6858081, 13.5281194 ], [ 100.6859897, 13.5286253 ], [ 100.6860441, 13.5287769 ], [ 100.6860804, 13.5288727 ], [ 100.6863257, 13.5294035 ], [ 100.6866536, 13.5302101 ], [ 100.6867622, 13.5304771 ], [ 100.6868442, 13.5306788 ], [ 100.6868568, 13.5307099 ], [ 100.6869628, 13.5309808 ], [ 100.6872028, 13.531594 ], [ 100.6874388, 13.5321494 ], [ 100.6876051, 13.5325693 ], [ 100.6876596, 13.5326958 ], [ 100.6877124, 13.5328183 ], [ 100.6877889, 13.5330634 ], [ 100.6879609, 13.5337603 ], [ 100.6880876, 13.5342736 ], [ 100.6881051, 13.5343442 ], [ 100.6881941, 13.5347049 ], [ 100.6885698, 13.5367735 ], [ 100.6886808, 13.5373848 ], [ 100.6887679, 13.5378154 ], [ 100.6888808, 13.5383683 ], [ 100.6889198, 13.538619 ], [ 100.6889555, 13.5388585 ], [ 100.6889895, 13.5390866 ], [ 100.689066, 13.5396005 ], [ 100.6891201, 13.5399463 ], [ 100.6891868, 13.540373 ], [ 100.6892153, 13.5405554 ], [ 100.6892693, 13.5408715 ], [ 100.6896229, 13.5429582 ], [ 100.6897836, 13.5439064 ], [ 100.689799, 13.5439946 ], [ 100.6899376, 13.5447433 ], [ 100.689945, 13.5447823 ], [ 100.6901954, 13.5461053 ], [ 100.6902589, 13.5464987 ], [ 100.6903326, 13.5469036 ], [ 100.6903802, 13.5471347 ], [ 100.690393, 13.5472016 ], [ 100.6905193, 13.5478615 ], [ 100.6906258, 13.5483965 ], [ 100.6907455, 13.5490346 ], [ 100.6908342, 13.549494 ], [ 100.6909412, 13.5500491 ], [ 100.6910211, 13.5504633 ], [ 100.6913101, 13.5519615 ], [ 100.6914839, 13.5528622 ], [ 100.691599, 13.5535222 ], [ 100.6917122, 13.5541718 ], [ 100.6921427, 13.5566779 ], [ 100.6921719, 13.5568337 ], [ 100.6922671, 13.5573405 ], [ 100.6923504, 13.5577838 ], [ 100.6924149, 13.5581273 ], [ 100.692445, 13.5582874 ], [ 100.6924905, 13.5585295 ], [ 100.692513, 13.5586476 ], [ 100.6925907, 13.5590628 ], [ 100.6926981, 13.5596349 ], [ 100.6927422, 13.5598699 ], [ 100.6927948, 13.5601498 ], [ 100.6928899, 13.5606562 ], [ 100.6929154, 13.560792 ], [ 100.6929718, 13.5610947 ], [ 100.6930045, 13.5612663 ], [ 100.6931267, 13.561889 ], [ 100.6931557, 13.5620382 ], [ 100.6932139, 13.5623518 ], [ 100.6932788, 13.5626841 ], [ 100.6932994, 13.5627978 ], [ 100.6933547, 13.5631034 ], [ 100.6935289, 13.5640648 ], [ 100.6946647, 13.5703355 ], [ 100.6947178, 13.5706285 ], [ 100.6947739, 13.5709386 ], [ 100.6952291, 13.5734515 ], [ 100.6953532, 13.5742861 ], [ 100.6955683, 13.5755663 ], [ 100.6956093, 13.5758263 ], [ 100.6956198, 13.5758963 ], [ 100.6958672, 13.5771746 ], [ 100.695957, 13.577581 ], [ 100.6962779, 13.5793134 ], [ 100.6963981, 13.5800145 ], [ 100.6964254, 13.5802146 ], [ 100.6966379, 13.581397 ], [ 100.6968208, 13.5824146 ], [ 100.696954, 13.5831124 ], [ 100.6972258, 13.584531 ], [ 100.6972925, 13.5848713 ], [ 100.6975197, 13.5860298 ], [ 100.6975647, 13.5862594 ], [ 100.6976281, 13.5865823 ], [ 100.6976513, 13.5867007 ], [ 100.6976878, 13.5868869 ], [ 100.6977265, 13.5871431 ], [ 100.6977554, 13.5874299 ], [ 100.6977964, 13.5878365 ], [ 100.6978155, 13.5880784 ], [ 100.6979156, 13.5891845 ], [ 100.6980118, 13.5899462 ], [ 100.6980175, 13.5900061 ], [ 100.6980466, 13.5903342 ], [ 100.6981269, 13.5911293 ], [ 100.6981891, 13.5917685 ], [ 100.6982361, 13.5922584 ], [ 100.698288, 13.5927997 ], [ 100.6983906, 13.5938488 ], [ 100.6984333, 13.5942727 ], [ 100.6984419, 13.5943493 ], [ 100.6984652, 13.59455 ], [ 100.6984953, 13.5948098 ], [ 100.6985136, 13.5949677 ], [ 100.698555, 13.5952484 ], [ 100.6985977, 13.595512 ], [ 100.6986428, 13.5957707 ], [ 100.6986963, 13.5960606 ], [ 100.6987461, 13.5963035 ], [ 100.6988332, 13.5967806 ], [ 100.6990288, 13.5977437 ], [ 100.699099, 13.5981125 ], [ 100.6991397, 13.5983302 ], [ 100.699177, 13.5985634 ], [ 100.6991765, 13.598759 ], [ 100.6991786, 13.598884 ], [ 100.699183, 13.5990067 ], [ 100.6992171, 13.5993774 ], [ 100.6993232, 13.6009321 ], [ 100.6994966, 13.6029551 ], [ 100.6995042, 13.6030103 ], [ 100.6995139, 13.6030585 ], [ 100.6995257, 13.6031018 ], [ 100.699545, 13.6031592 ], [ 100.6995664, 13.6032057 ], [ 100.699593, 13.6032571 ], [ 100.6996268, 13.6033134 ], [ 100.6997808, 13.6035389 ], [ 100.6998753, 13.6036974 ], [ 100.6999019, 13.6037583 ], [ 100.6999232, 13.6038158 ], [ 100.6999488, 13.603888 ], [ 100.6999703, 13.603993 ], [ 100.6999746, 13.6041515 ] ], [ [ 100.6993554, 13.598692 ], [ 100.69934, 13.5984801 ], [ 100.6993314, 13.5983962 ], [ 100.6993232, 13.5983288 ], [ 100.6992937, 13.5980405 ], [ 100.6992635, 13.5977452 ], [ 100.6990856, 13.5961911 ], [ 100.699041, 13.5957793 ], [ 100.6990335, 13.5957097 ], [ 100.6990013, 13.5953562 ], [ 100.698989, 13.5952693 ], [ 100.6989389, 13.5948008 ], [ 100.6989303, 13.5947231 ], [ 100.698905, 13.5944943 ], [ 100.6989045, 13.5944894 ], [ 100.6988357, 13.5938167 ], [ 100.6987919, 13.5933874 ], [ 100.6987467, 13.5929452 ], [ 100.6987316, 13.5927976 ], [ 100.6986751, 13.5922451 ], [ 100.6986719, 13.5922134 ], [ 100.6986344, 13.591868 ], [ 100.6986217, 13.5917509 ], [ 100.6986193, 13.5917281 ], [ 100.6985469, 13.5909348 ], [ 100.6985041, 13.5906141 ], [ 100.6984888, 13.5904659 ], [ 100.6984519, 13.5901089 ], [ 100.6984346, 13.5899423 ], [ 100.6984171, 13.5897745 ], [ 100.6983856, 13.5894734 ], [ 100.6983705, 13.5893291 ], [ 100.6983341, 13.5889033 ], [ 100.6982866, 13.5884232 ], [ 100.6982428, 13.5879787 ], [ 100.6982355, 13.5878521 ], [ 100.6981543, 13.5873816 ], [ 100.6981295, 13.5872238 ], [ 100.6980679, 13.5868339 ], [ 100.6980343, 13.5866335 ], [ 100.6980072, 13.5864791 ], [ 100.6979545, 13.5861958 ], [ 100.6979536, 13.5861909 ], [ 100.6978882, 13.5858555 ], [ 100.6978036, 13.5854206 ], [ 100.6976588, 13.5846443 ], [ 100.6976348, 13.584495 ], [ 100.6974651, 13.5835763 ], [ 100.6974568, 13.5835291 ], [ 100.6973158, 13.5827324 ], [ 100.6972517, 13.5823706 ], [ 100.6971759, 13.5819665 ], [ 100.697127, 13.5817058 ], [ 100.6971025, 13.581573 ], [ 100.6970327, 13.5811396 ], [ 100.6969105, 13.5805315 ], [ 100.6968386, 13.580148 ], [ 100.6967787, 13.5798834 ], [ 100.6966354, 13.5790824 ], [ 100.6965487, 13.5784943 ], [ 100.6965019, 13.5781764 ], [ 100.6964914, 13.5781096 ], [ 100.6963956, 13.5774994 ], [ 100.6963054, 13.5770807 ], [ 100.6962177, 13.5766375 ], [ 100.6961695, 13.5763682 ], [ 100.69607, 13.5758316 ], [ 100.6960691, 13.5758267 ], [ 100.6960012, 13.5754489 ], [ 100.6957499, 13.5740516 ], [ 100.695567, 13.5729989 ], [ 100.6953742, 13.571974 ], [ 100.6953586, 13.5718914 ], [ 100.6952682, 13.5714105 ], [ 100.6952277, 13.5711956 ], [ 100.6950616, 13.5703128 ], [ 100.6948845, 13.5693344 ], [ 100.6947807, 13.568761 ], [ 100.6946604, 13.5680965 ], [ 100.6944268, 13.566793 ], [ 100.6944043, 13.5666901 ], [ 100.6942637, 13.5658867 ], [ 100.6940357, 13.5646022 ], [ 100.6939986, 13.5643935 ], [ 100.6939709, 13.5642377 ], [ 100.6939265, 13.5639872 ], [ 100.6938398, 13.5634988 ], [ 100.693807, 13.5633138 ], [ 100.6937447, 13.562963 ], [ 100.6937384, 13.5629285 ], [ 100.6936514, 13.5624525 ], [ 100.6935798, 13.5620606 ], [ 100.6935009, 13.5616251 ], [ 100.6934602, 13.5614005 ], [ 100.6934462, 13.5613235 ], [ 100.6934421, 13.5612945 ], [ 100.6934209, 13.5611696 ], [ 100.6933979, 13.5610427 ], [ 100.6933371, 13.5607211 ], [ 100.6929581, 13.5586784 ], [ 100.6928655, 13.5581754 ], [ 100.6925766, 13.5566054 ], [ 100.6923741, 13.5555002 ], [ 100.692278, 13.5549755 ], [ 100.6922602, 13.5548785 ], [ 100.6922041, 13.5545719 ], [ 100.69219, 13.5544952 ], [ 100.6920874, 13.553935 ], [ 100.6920536, 13.5537502 ], [ 100.6920008, 13.5534623 ], [ 100.6919415, 13.5531384 ], [ 100.6919001, 13.5529125 ], [ 100.6918919, 13.5528657 ], [ 100.6918354, 13.5525415 ], [ 100.6917912, 13.5522883 ], [ 100.6917375, 13.5519802 ], [ 100.6916927, 13.5517233 ], [ 100.691585, 13.551106 ], [ 100.6915057, 13.5506921 ], [ 100.6913764, 13.5500177 ], [ 100.691278, 13.5494759 ], [ 100.6911968, 13.5490292 ], [ 100.691088, 13.5484302 ], [ 100.6910161, 13.5480341 ], [ 100.6909145, 13.5474635 ], [ 100.6908479, 13.5470718 ], [ 100.6908058, 13.5468202 ], [ 100.6907661, 13.5466149 ], [ 100.6907334, 13.5464463 ], [ 100.6907269, 13.5464125 ], [ 100.6906693, 13.5460811 ], [ 100.6906648, 13.5460566 ], [ 100.6906541, 13.5459975 ], [ 100.6906433, 13.5459384 ], [ 100.6906307, 13.5458698 ], [ 100.69055, 13.5454318 ], [ 100.6905111, 13.5452206 ], [ 100.6903973, 13.5446027 ], [ 100.6902668, 13.5438945 ], [ 100.6902043, 13.5435359 ], [ 100.6901888, 13.5434467 ], [ 100.6901358, 13.5431428 ], [ 100.6900515, 13.5426322 ], [ 100.6900321, 13.5425272 ], [ 100.6898804, 13.5417026 ], [ 100.6898562, 13.5415671 ], [ 100.6897061, 13.5407274 ], [ 100.6896687, 13.5405181 ], [ 100.689617, 13.5402144 ], [ 100.6895843, 13.5400226 ], [ 100.6895039, 13.539551 ], [ 100.6894746, 13.5393784 ], [ 100.6894398, 13.5391746 ], [ 100.689379, 13.5388174 ], [ 100.6893644, 13.5387189 ], [ 100.6893273, 13.5385353 ], [ 100.6893166, 13.5384772 ], [ 100.6892327, 13.5380234 ], [ 100.6892123, 13.5379129 ], [ 100.689207, 13.5378842 ], [ 100.6891977, 13.5378339 ], [ 100.6891844, 13.537762 ], [ 100.6891586, 13.5376272 ], [ 100.6891188, 13.5374199 ], [ 100.6890873, 13.537256 ], [ 100.6889461, 13.536685 ], [ 100.6889132, 13.5365084 ], [ 100.6887905, 13.5358503 ], [ 100.6886578, 13.5350374 ], [ 100.6885495, 13.5345669 ], [ 100.6885317, 13.5344763 ], [ 100.6885143, 13.5343875 ], [ 100.6884828, 13.5342267 ], [ 100.6883901, 13.5337533 ], [ 100.688355, 13.5336362 ], [ 100.6882731, 13.5333636 ], [ 100.6881963, 13.5331077 ], [ 100.6880642, 13.532785 ], [ 100.6879742, 13.5325653 ], [ 100.687543, 13.5315123 ], [ 100.6871529, 13.5305594 ], [ 100.6870043, 13.5301963 ], [ 100.6868654, 13.5298304 ], [ 100.6866936, 13.5293868 ], [ 100.6866159, 13.5291789 ], [ 100.6865907, 13.5291115 ], [ 100.6864764, 13.5288055 ], [ 100.6861787, 13.5280213 ], [ 100.6855895, 13.526511 ], [ 100.6855604, 13.5264335 ], [ 100.6852971, 13.5257326 ], [ 100.6852289, 13.525551 ], [ 100.6851616, 13.5253718 ], [ 100.6850103, 13.5249383 ], [ 100.6849915, 13.5248844 ], [ 100.6849816, 13.524856 ], [ 100.6847347, 13.524176 ], [ 100.6845762, 13.5235504 ], [ 100.68436, 13.5225438 ], [ 100.6842821, 13.522168 ], [ 100.6841228, 13.5215678 ], [ 100.684063, 13.5213375 ], [ 100.6838815, 13.5206315 ], [ 100.6837319, 13.5200609 ], [ 100.6835752, 13.5194522 ], [ 100.6833552, 13.5186418 ], [ 100.6832539, 13.5182955 ], [ 100.6832324, 13.5182319 ], [ 100.6832039, 13.5181638 ], [ 100.6831553, 13.5180561 ], [ 100.6831176, 13.5179675 ], [ 100.6830846, 13.5178835 ], [ 100.6828459, 13.5171811 ], [ 100.6826615, 13.5166668 ], [ 100.6824525, 13.5160813 ], [ 100.682429, 13.516027 ], [ 100.682412, 13.5159964 ], [ 100.6823905, 13.5159607 ], [ 100.682371, 13.5159192 ], [ 100.6823058, 13.5157131 ] ], [ [ 100.7001093, 13.6041214 ], [ 100.7000821, 13.6039674 ], [ 100.7000565, 13.6038425 ], [ 100.7000294, 13.6037382 ], [ 100.6999887, 13.6036543 ], [ 100.6999344, 13.6035481 ], [ 100.6998727, 13.6034364 ], [ 100.6998002, 13.6032784 ], [ 100.6997541, 13.6031692 ], [ 100.6997168, 13.6030488 ], [ 100.6996912, 13.6029657 ], [ 100.6996815, 13.6029108 ], [ 100.699671, 13.6028512 ], [ 100.699652, 13.6027006 ], [ 100.6996302, 13.6021751 ], [ 100.6994964, 13.5999674 ], [ 100.6994654, 13.59951 ], [ 100.6994629, 13.5994736 ], [ 100.6994465, 13.5991496 ], [ 100.69943, 13.599022 ], [ 100.6994055, 13.5988814 ], [ 100.6993554, 13.598692 ] ], [ [ 100.6993654, 13.5991551 ], [ 100.6993554, 13.598692 ] ] ] } },
{ "type": "Feature", "properties": { "name": "King's Dike: Tamru-Bang Phli Road (join)", "crest_m": 2.5, "kind": "dike", "source": "Route: Royal Development Projects Board, 'Eastern King's Dike' project (km.rdpb.go.th/Project/View/6635); Think of Living, 'Where are the dike lines?', 12 Oct 2011 (route by road). Crest: JICA, Study on the BMA Subcenters Program, ch. 5.3 (Rom Klao Road dike designed at 2.47 m MSL); BMA flood walls: upstream +3.00-3.50, middle +2.80-3.00, downstream +2.50-2.80 m MSL (BMA, 'Flood Mitigation and Management in Bangkok', UNESCAP; Pattaya Mail, 10 Oct 2024).", "note": "Elevated road on an embankment." }, "geometry": { "type": "LineString", "coordinates": [ [ 100.6821955, 13.5157343 ], [ 100.6821955, 13.5157343 ] ] } },
{ "type": "Feature", "properties": { "name": "King's Dike: Old Sukhumvit Road (to the river at Samut Prakan)", "crest_m": 2.5, "kind": "dike", "source": "Route: Royal Development Projects Board, 'Eastern King's Dike' project (km.rdpb.go.th/Project/View/6635); Think of Living, 'Where are the dike lines?', 12 Oct 2011 (route by road). Crest: JICA, Study on the BMA Subcenters Program, ch. 5.3 (Rom Klao Road dike designed at 2.47 m MSL); BMA flood walls: upstream +3.00-3.50, middle +2.80-3.00, downstream +2.50-2.80 m MSL (BMA, 'Flood Mitigation and Management in Bangkok', UNESCAP; Pattaya Mail, 10 Oct 2024).", "note": "Elevated road on an embankment." }, "geometry": { "type": "MultiLineString", "coordinates": [ [ [ 100.69, 13.51372133897036 ], [ 100.687583, 13.5142817 ], [ 100.6859074, 13.514638 ], [ 100.6853323, 13.5147862 ], [ 100.6843103, 13.5150232 ], [ 100.6838093, 13.5151458 ], [ 100.683028, 13.5153235 ], [ 100.6828351, 13.5153635 ], [ 100.6825779, 13.515425 ], [ 100.6824626, 13.5154512 ], [ 100.682372, 13.5154711 ], [ 100.6822616, 13.515493 ], [ 100.6821469, 13.5155138 ], [ 100.6817082, 13.5155967 ], [ 100.6815265, 13.5156279 ], [ 100.6810471, 13.5157745 ], [ 100.6809697, 13.5157993 ], [ 100.6792975, 13.5161409 ], [ 100.6788338, 13.5162551 ], [ 100.6786498, 13.5163199 ], [ 100.6784946, 13.5163459 ], [ 100.6771279, 13.5165884 ], [ 100.676643, 13.5167009 ], [ 100.67539, 13.51699 ], [ 100.6747022, 13.5171487 ], [ 100.674615, 13.5171713 ], [ 100.6741001, 13.5172841 ], [ 100.6737286, 13.5173689 ], [ 100.6728988, 13.517552 ], [ 100.6722969, 13.5176789 ], [ 100.6712263, 13.5179135 ], [ 100.6709378, 13.5179903 ], [ 100.6704829, 13.5180922 ], [ 100.669547, 13.5182993 ], [ 100.6682055, 13.5186046 ], [ 100.667433, 13.5187708 ], [ 100.6668043, 13.5189073 ], [ 100.666601, 13.5189539 ], [ 100.6659859, 13.5190922 ], [ 100.6654992, 13.5192004 ], [ 100.6644815, 13.519421 ], [ 100.6587084, 13.5207049 ], [ 100.6570053, 13.5210833 ], [ 100.6566611, 13.5211581 ], [ 100.6558675, 13.5213262 ], [ 100.6557469, 13.5213523 ], [ 100.6485291, 13.5229888 ], [ 100.6466822, 13.5233653 ], [ 100.646464, 13.5234075 ], [ 100.6459604, 13.523523 ], [ 100.6456642, 13.5235909 ], [ 100.6450384, 13.5237316 ], [ 100.6437667, 13.5240104 ], [ 100.6435787, 13.5240516 ], [ 100.6429871, 13.5241929 ], [ 100.6427188, 13.5242532 ], [ 100.6418755, 13.5244442 ], [ 100.6414855, 13.5245505 ], [ 100.6411383, 13.5246666 ], [ 100.6407847, 13.5248072 ], [ 100.6407671, 13.5248162 ], [ 100.6404215, 13.5249943 ], [ 100.64003, 13.5252525 ], [ 100.6399829, 13.5252875 ], [ 100.6396991, 13.5254989 ], [ 100.6396833, 13.5255107 ], [ 100.6394877, 13.525669 ], [ 100.6393726, 13.5257622 ], [ 100.638868, 13.5261132 ], [ 100.6387357, 13.5262053 ], [ 100.6386147, 13.5262938 ], [ 100.6381608, 13.526626 ], [ 100.6375449, 13.5270767 ], [ 100.6374114, 13.5271744 ], [ 100.6371489, 13.5273665 ], [ 100.6368266, 13.5276024 ], [ 100.6364917, 13.5278474 ], [ 100.6361713, 13.5280616 ], [ 100.634766, 13.5290869 ], [ 100.6340534, 13.5296409 ], [ 100.6339894, 13.5296892 ], [ 100.6337269, 13.5298872 ], [ 100.6335157, 13.5300394 ], [ 100.6332989, 13.5301956 ], [ 100.6332231, 13.5302433 ], [ 100.6331088, 13.5303357 ], [ 100.6329006, 13.5304902 ], [ 100.6323115, 13.5309274 ], [ 100.6320316, 13.5311351 ], [ 100.6314886, 13.5315282 ], [ 100.631183, 13.5317594 ], [ 100.6310467, 13.5318626 ], [ 100.6310103, 13.5318845 ], [ 100.6308712, 13.5319906 ], [ 100.6307873, 13.5320517 ], [ 100.6305746, 13.5322068 ], [ 100.6304796, 13.5322765 ], [ 100.630082, 13.532568 ], [ 100.6299183, 13.5326881 ], [ 100.6297756, 13.5327926 ], [ 100.6295927, 13.5329187 ], [ 100.62955, 13.532953 ], [ 100.6291277, 13.5332727 ], [ 100.6289398, 13.5334077 ], [ 100.6286129, 13.5336982 ], [ 100.6280134, 13.5341388 ], [ 100.6277334, 13.5343486 ], [ 100.6273978, 13.5345923 ], [ 100.6270211, 13.5348702 ], [ 100.6265342, 13.5352321 ], [ 100.6262265, 13.5354577 ], [ 100.625865, 13.5357212 ], [ 100.6257781, 13.5357865 ], [ 100.6255582, 13.5359501 ], [ 100.6252922, 13.5361418 ], [ 100.6250016, 13.5363535 ], [ 100.6244454, 13.5367651 ], [ 100.6241243, 13.5369987 ], [ 100.6239598, 13.5371238 ], [ 100.6233708, 13.5375562 ], [ 100.6232303, 13.5376618 ], [ 100.622925, 13.537882 ], [ 100.6222159, 13.5383991 ], [ 100.6217082, 13.5387758 ], [ 100.6215805, 13.5388845 ], [ 100.6214687, 13.5389967 ], [ 100.6213386, 13.5391508 ], [ 100.6212498, 13.5392717 ], [ 100.621166, 13.539407 ], [ 100.6210964, 13.5395354 ], [ 100.6210126, 13.5397095 ], [ 100.620785, 13.5401849 ], [ 100.6203566, 13.5410699 ], [ 100.6200846, 13.5416399 ], [ 100.6195354, 13.5427808 ], [ 100.6194162, 13.5430343 ], [ 100.6193562, 13.543156 ], [ 100.6193027, 13.5432661 ], [ 100.61925, 13.5433746 ], [ 100.6190789, 13.5437271 ], [ 100.6189675, 13.5439617 ], [ 100.6186273, 13.5446784 ], [ 100.6184285, 13.5450937 ], [ 100.618332, 13.5452975 ], [ 100.6182612, 13.5454568 ], [ 100.6180122, 13.5459772 ], [ 100.6176554, 13.5467071 ], [ 100.6169951, 13.54808 ], [ 100.6165978, 13.5489097 ], [ 100.6163013, 13.549522 ], [ 100.6161584, 13.5498257 ], [ 100.6157552, 13.5506621 ], [ 100.6154393, 13.5513327 ], [ 100.6153735, 13.5514724 ], [ 100.6150365, 13.5521705 ], [ 100.6148803, 13.5524948 ], [ 100.6146323, 13.5530179 ], [ 100.6145111, 13.5532725 ], [ 100.6142164, 13.5538806 ], [ 100.6138602, 13.554611 ], [ 100.6138009, 13.5547387 ], [ 100.613509, 13.5553523 ], [ 100.6134402, 13.5554974 ], [ 100.6132049, 13.5559873 ], [ 100.6131225, 13.5561582 ], [ 100.6130673, 13.5562742 ], [ 100.6129031, 13.5566135 ], [ 100.6127609, 13.5569264 ], [ 100.6121145, 13.5582614 ], [ 100.611938, 13.558641 ], [ 100.6117948, 13.558945 ], [ 100.6116444, 13.5592678 ], [ 100.6115473, 13.5594771 ], [ 100.6103059, 13.5620445 ], [ 100.610061, 13.5625457 ], [ 100.6099022, 13.5628689 ], [ 100.6095169, 13.5636783 ], [ 100.609369, 13.5639809 ], [ 100.6093073, 13.5641019 ], [ 100.6089892, 13.5647761 ], [ 100.6084394, 13.5659172 ], [ 100.6082315, 13.5663509 ], [ 100.6081037, 13.5666136 ], [ 100.607993, 13.56684 ], [ 100.607956, 13.5669169 ], [ 100.6078172, 13.5672016 ], [ 100.6077017, 13.5674429 ], [ 100.6075878, 13.5676894 ], [ 100.6075672, 13.5677346 ], [ 100.6074151, 13.5680502 ], [ 100.6071151, 13.5686572 ], [ 100.6069581, 13.5689728 ], [ 100.6066712, 13.5695746 ], [ 100.6063019, 13.5703546 ], [ 100.6062278, 13.5705111 ], [ 100.6061459, 13.5706841 ], [ 100.6059739, 13.5710473 ], [ 100.605863, 13.5712815 ], [ 100.6057715, 13.5714746 ], [ 100.6055614, 13.5719185 ], [ 100.6053294, 13.5724085 ], [ 100.6051584, 13.5727696 ], [ 100.6048429, 13.5734683 ], [ 100.6047555, 13.5736994 ], [ 100.6046936, 13.5739085 ], [ 100.6046485, 13.5741092 ], [ 100.6046065, 13.5743681 ], [ 100.6045837, 13.5745543 ], [ 100.6045661, 13.5747254 ], [ 100.6045705, 13.5750442 ], [ 100.6046268, 13.5755752 ], [ 100.604642, 13.575691 ], [ 100.6046898, 13.5758983 ], [ 100.60472, 13.5760187 ], [ 100.6047316, 13.5760649 ], [ 100.6047946, 13.5762831 ], [ 100.6048416, 13.5764335 ], [ 100.6049105, 13.5766365 ], [ 100.6050047, 13.5768768 ], [ 100.6052835, 13.5776232 ], [ 100.6055365, 13.5783042 ], [ 100.6055555, 13.5783555 ], [ 100.6058023, 13.5789733 ], [ 100.6060169, 13.5795983 ], [ 100.6060958, 13.5798087 ], [ 100.6064318, 13.5807051 ], [ 100.6065552, 13.5810523 ], [ 100.6066746, 13.5813717 ], [ 100.6067078, 13.5814624 ], [ 100.6068731, 13.5818908 ], [ 100.6073018, 13.5830001 ], [ 100.6073596, 13.5831538 ], [ 100.6074796, 13.5834736 ], [ 100.6075427, 13.5836468 ], [ 100.6077718, 13.5842643 ], [ 100.6079017, 13.5846147 ], [ 100.6080561, 13.5850184 ], [ 100.6080716, 13.5850588 ], [ 100.6081037, 13.5851387 ], [ 100.6082747, 13.5855673 ], [ 100.6084114, 13.5859231 ], [ 100.6084965, 13.5861483 ], [ 100.6085735, 13.5863502 ], [ 100.6086379, 13.5865187 ], [ 100.6087465, 13.5868114 ], [ 100.6087863, 13.58692 ], [ 100.6088058, 13.5869693 ], [ 100.6088384, 13.5870537 ], [ 100.6090291, 13.5875661 ], [ 100.6092745, 13.5882355 ], [ 100.6094722, 13.5887398 ], [ 100.6096105, 13.5890903 ], [ 100.6097057, 13.5894215 ], [ 100.6097378, 13.5896359 ], [ 100.6097497, 13.5899004 ], [ 100.6097401, 13.5901388 ], [ 100.6097022, 13.5903742 ], [ 100.609648, 13.5905938 ], [ 100.6095591, 13.590817 ], [ 100.6095223, 13.590885 ], [ 100.6093041, 13.5912877 ], [ 100.6089987, 13.5918094 ], [ 100.6087272, 13.5922733 ], [ 100.6086719, 13.5923676 ], [ 100.6086072, 13.5924801 ], [ 100.6084814, 13.5926968 ], [ 100.6082684, 13.5930733 ], [ 100.608197, 13.5931995 ], [ 100.6076269, 13.5942073 ], [ 100.6074192, 13.5945872 ], [ 100.6073705, 13.5946757 ], [ 100.6073004, 13.5947982 ], [ 100.6072556, 13.5948999 ], [ 100.6071262, 13.5951638 ], [ 100.6070829, 13.5952381 ], [ 100.6070106, 13.5953613 ], [ 100.6068958, 13.595538 ], [ 100.6067429, 13.5957099 ], [ 100.606678, 13.5957886 ], [ 100.6065971, 13.5958716 ], [ 100.6065045, 13.5959465 ], [ 100.6064267, 13.5960059 ], [ 100.6063337, 13.5960787 ], [ 100.6062296, 13.5961441 ], [ 100.6061035, 13.5962118 ], [ 100.6058352, 13.5963402 ], [ 100.6053143, 13.596586 ], [ 100.6048243, 13.5968196 ], [ 100.6046229, 13.5969196 ], [ 100.6045523, 13.5969518 ], [ 100.6044174, 13.5970194 ], [ 100.6043506, 13.5970511 ], [ 100.6041404, 13.5971509 ], [ 100.6038687, 13.5972798 ], [ 100.6033443, 13.5975286 ], [ 100.6029745, 13.5977041 ], [ 100.6018335, 13.5982321 ], [ 100.6016541, 13.5983165 ], [ 100.6014178, 13.5984281 ], [ 100.6009604, 13.5986442 ], [ 100.5998978, 13.5991266 ], [ 100.5992411, 13.5994383 ], [ 100.5991259, 13.599493 ], [ 100.5987314, 13.5996803 ], [ 100.5978459, 13.6001007 ], [ 100.597678, 13.6001844 ], [ 100.5976366, 13.6002121 ], [ 100.5976018, 13.6002419 ], [ 100.5975719, 13.6002725 ], [ 100.5975458, 13.6003115 ], [ 100.5975229, 13.6003577 ], [ 100.5974878, 13.6004463 ], [ 100.5974242, 13.6006808 ], [ 100.5972492, 13.6013176 ], [ 100.5972312, 13.6013812 ], [ 100.597059, 13.6020436 ], [ 100.5968723, 13.6027952 ], [ 100.5968497, 13.6028764 ], [ 100.5968269, 13.6029479 ], [ 100.5967446, 13.6032198 ], [ 100.5966432, 13.6035268 ], [ 100.5965432, 13.6038099 ], [ 100.5964985, 13.6039361 ], [ 100.5962522, 13.6046081 ], [ 100.5961134, 13.6049726 ], [ 100.596103251851844, 13.605 ] ], [ [ 100.596264073540866, 13.605 ], [ 100.5963085, 13.604872 ], [ 100.5963221, 13.604833 ], [ 100.5964217, 13.6045464 ], [ 100.5964811, 13.6043753 ], [ 100.5966004, 13.6040328 ], [ 100.5966799, 13.6038234 ], [ 100.5967824, 13.6035539 ], [ 100.5968831, 13.6032536 ], [ 100.5969686, 13.6029552 ], [ 100.5970424, 13.6027164 ], [ 100.5971705, 13.6022245 ], [ 100.5973503, 13.6015678 ], [ 100.5973888, 13.6014203 ], [ 100.5975606, 13.6007434 ], [ 100.5976219, 13.600476 ], [ 100.5976928, 13.600386 ], [ 100.5977487, 13.600331 ], [ 100.5978018, 13.6002863 ], [ 100.5978768, 13.6002285 ], [ 100.5979803, 13.6001656 ], [ 100.5979931, 13.6001578 ], [ 100.5981235, 13.6000867 ], [ 100.5982511, 13.6000241 ], [ 100.5985697, 13.5998778 ], [ 100.5992928, 13.5995376 ], [ 100.5998505, 13.5992753 ], [ 100.6003807, 13.5990242 ], [ 100.6007248, 13.5988751 ], [ 100.6008388, 13.5988224 ], [ 100.6010795, 13.5987112 ], [ 100.6017217, 13.5984145 ], [ 100.6021619, 13.598206 ], [ 100.6024505, 13.5980693 ], [ 100.6025768, 13.5980102 ], [ 100.6030667, 13.5977856 ], [ 100.6033443, 13.5976542 ], [ 100.6035293, 13.5975666 ], [ 100.6038199, 13.597429 ], [ 100.6044403, 13.5971375 ], [ 100.604704, 13.5970127 ], [ 100.6047426, 13.5969943 ], [ 100.6054121, 13.5966756 ], [ 100.6059876, 13.5964143 ], [ 100.6062484, 13.5962822 ], [ 100.6064554, 13.5961796 ], [ 100.606565, 13.5961114 ], [ 100.6066722, 13.5960228 ], [ 100.6067804, 13.59593 ], [ 100.6069006, 13.5957986 ], [ 100.6070327, 13.595613 ], [ 100.6071995, 13.5953656 ], [ 100.6073126, 13.5951832 ], [ 100.6073305, 13.595151 ], [ 100.6074764, 13.5948891 ], [ 100.6075736, 13.5947146 ], [ 100.6079099, 13.5941208 ], [ 100.6079658, 13.5940098 ], [ 100.6083269, 13.5933611 ], [ 100.6084635, 13.5931165 ], [ 100.6088959, 13.5923548 ], [ 100.6091771, 13.59186 ], [ 100.6094051, 13.5914469 ], [ 100.6095488, 13.5911867 ], [ 100.6097139, 13.5908989 ], [ 100.6098478, 13.5905522 ], [ 100.6098996, 13.5903066 ], [ 100.6099229, 13.5900174 ], [ 100.6099232, 13.5897873 ], [ 100.6099092, 13.5896065 ], [ 100.6098732, 13.5893767 ], [ 100.6098207, 13.5891574 ], [ 100.6097375, 13.5889151 ], [ 100.6093718, 13.5879422 ], [ 100.6090139, 13.5869822 ], [ 100.6089658, 13.5868522 ], [ 100.6087492, 13.5862885 ], [ 100.6086151, 13.5859521 ], [ 100.6083959, 13.5853414 ], [ 100.6082855, 13.5850562 ], [ 100.6082445, 13.5849527 ], [ 100.6082181, 13.584886 ], [ 100.608042, 13.5844289 ], [ 100.6077877, 13.5837689 ], [ 100.6076369, 13.5833775 ], [ 100.6072786, 13.5823953 ], [ 100.607172, 13.5821197 ], [ 100.606892, 13.581396 ], [ 100.6062701, 13.5797521 ], [ 100.6057011, 13.5782497 ], [ 100.6055074, 13.5777512 ], [ 100.605023, 13.5764286 ], [ 100.6049412, 13.5761835 ], [ 100.6048755, 13.5759541 ], [ 100.604816, 13.5756759 ], [ 100.6047971, 13.5755552 ], [ 100.6047628, 13.5752577 ], [ 100.6047466, 13.57495 ], [ 100.6047527, 13.5746383 ], [ 100.6047949, 13.5743338 ], [ 100.6048611, 13.5740408 ], [ 100.6049557, 13.5737357 ], [ 100.605083, 13.5734135 ], [ 100.605249, 13.5730314 ], [ 100.6057602, 13.5719892 ], [ 100.6059217, 13.5716343 ], [ 100.6064095, 13.5706023 ], [ 100.6065782, 13.570253 ], [ 100.6073728, 13.56858 ], [ 100.6075038, 13.5683042 ], [ 100.6075741, 13.5681562 ], [ 100.6078326, 13.5676197 ], [ 100.6080559, 13.5671566 ], [ 100.608306, 13.5666341 ], [ 100.6091972, 13.5647866 ], [ 100.6093379, 13.5644836 ], [ 100.6094912, 13.5641688 ], [ 100.6097731, 13.5635663 ], [ 100.610335, 13.5623677 ], [ 100.6105801, 13.5618657 ], [ 100.6111069, 13.5607831 ], [ 100.6111548, 13.560682 ], [ 100.6116788, 13.5595754 ], [ 100.6120638, 13.5587413 ], [ 100.6122347, 13.5583713 ], [ 100.6123405, 13.5581629 ], [ 100.6132482, 13.5562815 ], [ 100.6135939, 13.5555675 ], [ 100.614398, 13.553873 ], [ 100.6150333, 13.5526162 ], [ 100.615043, 13.5525957 ], [ 100.6155745, 13.5514682 ], [ 100.615918, 13.5507393 ], [ 100.6159937, 13.5505787 ], [ 100.6160059, 13.5505529 ], [ 100.6167663, 13.5489536 ], [ 100.6176402, 13.5471748 ], [ 100.6184349, 13.5454977 ], [ 100.6187707, 13.5447797 ], [ 100.6189272, 13.5444564 ], [ 100.6191242, 13.5440414 ], [ 100.6203874, 13.5414459 ], [ 100.6203946, 13.5414307 ], [ 100.6212348, 13.5396772 ], [ 100.6213415, 13.5394566 ], [ 100.6215867, 13.5391277 ], [ 100.6219013, 13.5388388 ], [ 100.6224313, 13.5384457 ], [ 100.6232523, 13.5378693 ], [ 100.6243822, 13.5370395 ], [ 100.6253044, 13.5363655 ], [ 100.6259037, 13.5359186 ], [ 100.6261237, 13.5357548 ], [ 100.6263797, 13.5355642 ], [ 100.6269272, 13.5351786 ], [ 100.6276189, 13.5346437 ], [ 100.6283283, 13.5341174 ], [ 100.6290391, 13.5336006 ], [ 100.6296888, 13.5331093 ], [ 100.6301901, 13.5327452 ], [ 100.6305895, 13.5324519 ], [ 100.6309972, 13.5321546 ], [ 100.6313761, 13.5318706 ], [ 100.63161, 13.5316969 ], [ 100.6321409, 13.5313099 ], [ 100.6321637, 13.5312933 ], [ 100.6327755, 13.5308299 ], [ 100.6333413, 13.5304073 ], [ 100.6349198, 13.5292321 ], [ 100.6358797, 13.5285094 ], [ 100.63781, 13.5271464 ], [ 100.638745, 13.526454 ], [ 100.6394904, 13.5259042 ], [ 100.6402574, 13.5253439 ], [ 100.6409374, 13.5249697 ], [ 100.6412003, 13.5248632 ], [ 100.6414677, 13.5247698 ], [ 100.6415685, 13.5247388 ], [ 100.6431983, 13.5243793 ], [ 100.6445392, 13.5240581 ], [ 100.6450207, 13.5239414 ], [ 100.6451031, 13.5239221 ], [ 100.6461854, 13.5236685 ], [ 100.6469385, 13.5234923 ], [ 100.6480783, 13.5232634 ], [ 100.6485603, 13.5231543 ], [ 100.6490893, 13.5230369 ], [ 100.6491641, 13.5230192 ], [ 100.6502086, 13.5227887 ], [ 100.6512783, 13.5225476 ], [ 100.6533276, 13.5220858 ], [ 100.6546294, 13.5217986 ], [ 100.6556715, 13.5215621 ], [ 100.6570061, 13.5212642 ], [ 100.6587347, 13.5208771 ], [ 100.6607766, 13.5204197 ], [ 100.6614542, 13.5202672 ], [ 100.6619237, 13.5201641 ], [ 100.6625677, 13.5200205 ], [ 100.6633932, 13.5198378 ], [ 100.6650294, 13.5194731 ], [ 100.6657564, 13.5193069 ], [ 100.6671553, 13.5189941 ], [ 100.6709735, 13.5181494 ], [ 100.6718599, 13.5179575 ], [ 100.6728668, 13.5177229 ], [ 100.6731105, 13.5176656 ], [ 100.6739082, 13.5174847 ], [ 100.6744326, 13.5173658 ], [ 100.6746509, 13.5173186 ], [ 100.6747368, 13.517299 ], [ 100.6762551, 13.5169687 ], [ 100.678094, 13.5165493 ], [ 100.6785895, 13.5164435 ], [ 100.6805628, 13.5160527 ], [ 100.6807143, 13.516023 ], [ 100.6813256, 13.5159028 ], [ 100.6814273, 13.5158838 ], [ 100.6818217, 13.5158053 ], [ 100.6820453, 13.5157643 ], [ 100.6821955, 13.5157343 ], [ 100.6823058, 13.5157131 ], [ 100.6825845, 13.5156519 ], [ 100.6826716, 13.5156337 ], [ 100.6829459, 13.5155712 ], [ 100.6831104, 13.5155311 ], [ 100.6834308, 13.5154473 ], [ 100.6837431, 13.5153665 ], [ 100.6840792, 13.5152841 ], [ 100.6843585, 13.5152171 ], [ 100.6849556, 13.5150746 ], [ 100.6852022, 13.5150204 ], [ 100.6854336, 13.5149706 ], [ 100.685662, 13.5149238 ], [ 100.6866765, 13.5147123 ], [ 100.6871411, 13.5146055 ], [ 100.6876796, 13.5144871 ], [ 100.6888569, 13.5142202 ], [ 100.69, 13.513963917551482 ] ] ] } },
{ "type": "Feature", "properties": { "name": "King's Dike: Old Sukhumvit Road (join to river)", "crest_m": 2.5, "kind": "dike", "source": "Route: Royal Development Projects Board, 'Eastern King's Dike' project (km.rdpb.go.th/Project/View/6635); Think of Living, 'Where are the dike lines?', 12 Oct 2011 (route by road). Crest: JICA, Study on the BMA Subcenters Program, ch. 5.3 (Rom Klao Road dike designed at 2.47 m MSL); BMA flood walls: upstream +3.00-3.50, middle +2.80-3.00, downstream +2.50-2.80 m MSL (BMA, 'Flood Mitigation and Management in Bangkok', UNESCAP; Pattaya Mail, 10 Oct 2024).", "note": "Elevated road on an embankment." }, "geometry": { "type": "LineString", "coordinates": [ [ 100.596103251851844, 13.605 ], [ 100.5921292, 13.6036223 ] ] } },
{ "type": "Feature", "properties": { "name": "Suvarnabhumi Airport dike", "crest_m": 3.5, "kind": "dike", "source": "Airports of Thailand: 23.5 km dike, built at 3.0 m and raised to 3.5 m in 2011 (aviationpros.com, 2011)", "note": "Ring dike around the airport." }, "geometry": { "type": "MultiLineString", "coordinates": [ [ [ 100.7470522, 13.6482681 ], [ 100.7497669, 13.6478596 ], [ 100.7540009, 13.6470423 ], [ 100.7542461, 13.6471151 ], [ 100.7544436, 13.6472806 ], [ 100.7545219, 13.6474262 ], [ 100.7549482, 13.6519234 ], [ 100.755044, 13.6523319 ], [ 100.7552089, 13.6527301 ], [ 100.7556931, 13.6535935 ], [ 100.7559698, 13.65394 ], [ 100.7583004, 13.6565252 ], [ 100.7585611, 13.6568458 ], [ 100.7587633, 13.6572077 ], [ 100.7595668, 13.6593276 ], [ 100.7604793, 13.6627698 ], [ 100.7620008, 13.6684862 ], [ 100.7620839, 13.6690113 ], [ 100.7619176, 13.6708775 ], [ 100.7619343, 13.6713864 ], [ 100.7624664, 13.6742946 ], [ 100.7631398, 13.6767989 ], [ 100.7633227, 13.6772593 ], [ 100.7654427, 13.6807572 ], [ 100.7701168, 13.687628 ], [ 100.7703246, 13.6879834 ], [ 100.770966, 13.6892358 ], [ 100.7731597, 13.6940175 ], [ 100.773301, 13.6942356 ], [ 100.7754876, 13.6973293 ], [ 100.777724, 13.7011338 ], [ 100.7780316, 13.7014488 ], [ 100.7804427, 13.7032662 ], [ 100.7806256, 13.70346 ], [ 100.7808251, 13.7037508 ], [ 100.7810579, 13.7042193 ], [ 100.7823806, 13.7073663 ], [ 100.7823942, 13.7074523 ], [ 100.7823976, 13.707535 ], [ 100.782384, 13.7076607 ], [ 100.7823568, 13.7077865 ], [ 100.7822682, 13.7079684 ], [ 100.7808005, 13.7094671 ], [ 100.7806779, 13.7096226 ], [ 100.7805866, 13.7098435 ], [ 100.7805724, 13.7099998 ], [ 100.7805792, 13.7101453 ], [ 100.7807674, 13.7106129 ], [ 100.7821411, 13.7152426 ], [ 100.782145, 13.7153936 ], [ 100.782115, 13.7155285 ], [ 100.7820333, 13.7157191 ], [ 100.7819243, 13.7158647 ], [ 100.7817745, 13.7159785 ], [ 100.7815756, 13.7160764 ], [ 100.781374, 13.7161214 ], [ 100.781156, 13.7161293 ], [ 100.7809408, 13.7161002 ], [ 100.780731, 13.7160314 ], [ 100.7800309, 13.7157059 ], [ 100.7796604, 13.7156185 ], [ 100.779279, 13.7155682 ], [ 100.7788131, 13.7155868 ], [ 100.7761812, 13.7157063 ], [ 100.7749498, 13.7157539 ], [ 100.7723756, 13.7158824 ], [ 100.7720896, 13.7158372 ], [ 100.7717903, 13.7157209 ], [ 100.7713979, 13.7153849 ], [ 100.7712117, 13.7152557 ], [ 100.7709057, 13.7151717 ], [ 100.7667471, 13.7149007 ], [ 100.7665496, 13.714931 ], [ 100.7662483, 13.7150521 ], [ 100.7654955, 13.7157212 ], [ 100.7651257, 13.7159442 ], [ 100.7647154, 13.7160792 ], [ 100.7643107, 13.7161364 ], [ 100.7623564, 13.7160924 ], [ 100.7621327, 13.7160437 ], [ 100.7618758, 13.7158801 ], [ 100.761706, 13.715816 ], [ 100.760969, 13.7157907 ], [ 100.7607832, 13.7158055 ], [ 100.7603599, 13.716063 ], [ 100.7601862, 13.7160802 ], [ 100.7533869, 13.7162206 ], [ 100.7531554, 13.7161578 ], [ 100.7528863, 13.7160221 ], [ 100.752447, 13.7156351 ], [ 100.7522359, 13.7155126 ], [ 100.7519873, 13.7154796 ], [ 100.7517115, 13.7155523 ], [ 100.7508771, 13.7159295 ], [ 100.7506388, 13.715999 ], [ 100.7502982, 13.7160618 ], [ 100.7478673, 13.7161012 ], [ 100.7464239, 13.7160645 ], [ 100.7459196, 13.7160273 ], [ 100.7453747, 13.7158701 ], [ 100.7448682, 13.7155889 ], [ 100.7444002, 13.7151964 ], [ 100.7428306, 13.7129944 ], [ 100.7382242, 13.7046538 ], [ 100.7360076, 13.6995786 ], [ 100.7354231, 13.6971175 ], [ 100.7339681, 13.6921321 ], [ 100.7319936, 13.6865282 ], [ 100.7310452, 13.6825775 ], [ 100.7308244, 13.6818581 ], [ 100.7289278, 13.6780715 ], [ 100.728681, 13.6776297 ], [ 100.7276807, 13.6767335 ], [ 100.7274598, 13.6764306 ], [ 100.7263556, 13.6740081 ], [ 100.7260813, 13.6729822 ], [ 100.7258901, 13.6715846 ], [ 100.7256903, 13.6678242 ], [ 100.7253995, 13.6671495 ], [ 100.7253062, 13.6641333 ], [ 100.7230716, 13.6558312 ], [ 100.7229303, 13.6553869 ], [ 100.7227058, 13.6550476 ], [ 100.7222877, 13.6544966 ], [ 100.7221773, 13.6542854 ], [ 100.7222529, 13.6540543 ], [ 100.7223155, 13.6539112 ], [ 100.7226327, 13.6537748 ], [ 100.728748, 13.6522651 ], [ 100.7371466, 13.6510655 ], [ 100.7425726, 13.6500459 ], [ 100.7431629, 13.6498035 ], [ 100.7460689, 13.6484708 ] ] ] } },
{ "type": "Feature", "properties": { "name": "Chao Phraya river walls (upstream)", "crest_m": 3.0, "kind": "river wall", "source": "BMA flood walls: upstream +3.00-3.50, middle +2.80-3.00, downstream +2.50-2.80 m MSL (BMA, 'Flood Mitigation and Management in Bangkok', UNESCAP; Pattaya Mail, 10 Oct 2024)", "note": "Both banks. Drawn along the river's centre line on the map." }, "geometry": { "type": "LineString", "coordinates": [ [ 100.477975271852742, 13.86 ], [ 100.4780235, 13.8596745 ], [ 100.4786752, 13.8565447 ], [ 100.4790044, 13.8556327 ], [ 100.4794807, 13.8547143 ], [ 100.4806477, 13.8532739 ], [ 100.4822704, 13.851913 ], [ 100.4854267, 13.8502156 ], [ 100.4867908, 13.8493436 ], [ 100.4881554, 13.8482705 ], [ 100.4887193, 13.8476742 ], [ 100.4891163, 13.8469242 ], [ 100.4894506, 13.8459822 ], [ 100.4906219, 13.8407501 ], [ 100.4909243, 13.8396367 ], [ 100.4918939, 13.837249 ], [ 100.4930842, 13.8352655 ], [ 100.4938051, 13.8343415 ], [ 100.4953353, 13.8323803 ], [ 100.4964899, 13.8309004 ], [ 100.4968167, 13.8304816 ], [ 100.4985351, 13.827721 ], [ 100.4987929, 13.8273068 ], [ 100.4995179, 13.8257245 ], [ 100.5002015, 13.8239795 ], [ 100.5009932, 13.8218147 ], [ 100.5011924, 13.8212701 ], [ 100.5021369, 13.819527 ], [ 100.5028707, 13.8185803 ], [ 100.503568, 13.8178849 ], [ 100.5043914, 13.817347 ], [ 100.5050352, 13.8169941 ], [ 100.5056226, 13.8167362 ], [ 100.5071672, 13.8162403 ], [ 100.5072248, 13.8162227 ], [ 100.5088088, 13.8158123 ], [ 100.5095966, 13.8156082 ], [ 100.5119915, 13.8148659 ], [ 100.51346, 13.8142853 ], [ 100.5135695, 13.8142209 ], [ 100.5144133, 13.8137241 ], [ 100.5149806, 13.8132674 ], [ 100.5150455, 13.8132151 ], [ 100.5161607, 13.8121405 ], [ 100.5166207, 13.8113907 ], [ 100.5168747, 13.8106003 ], [ 100.5171637, 13.8097008 ], [ 100.51736, 13.80909 ], [ 100.5174861, 13.8080692 ], [ 100.5175947, 13.8071908 ], [ 100.5175576, 13.8051638 ], [ 100.5175495, 13.8047203 ], [ 100.5175265, 13.8045775 ], [ 100.5173643, 13.8035698 ], [ 100.5172527, 13.8028768 ], [ 100.5167863, 13.8010878 ], [ 100.5165327, 13.8004887 ], [ 100.5164651, 13.8003291 ], [ 100.516323628081409, 13.8 ] ] } },
{ "type": "Feature", "properties": { "name": "Chao Phraya river walls (middle)", "crest_m": 2.8, "kind": "river wall", "source": "BMA flood walls: upstream +3.00-3.50, middle +2.80-3.00, downstream +2.50-2.80 m MSL (BMA, 'Flood Mitigation and Management in Bangkok', UNESCAP; Pattaya Mail, 10 Oct 2024)", "note": "Both banks. Drawn along the river's centre line on the map." }, "geometry": { "type": "MultiLineString", "coordinates": [ [ [ 100.516323628081409, 13.8 ], [ 100.5152357, 13.7974692 ], [ 100.5149523, 13.7969833 ], [ 100.5142987, 13.7958627 ], [ 100.5130136, 13.7942402 ], [ 100.5126166, 13.793739 ], [ 100.5120328, 13.7930019 ], [ 100.5099315, 13.7907689 ], [ 100.5095466, 13.79036 ], [ 100.5089894, 13.7897678 ], [ 100.5083797, 13.789135 ], [ 100.5083244, 13.7890796 ], [ 100.5070925, 13.7878729 ], [ 100.5067781, 13.7875239 ], [ 100.5056892, 13.7863153 ], [ 100.5056109, 13.7862184 ], [ 100.5052911, 13.7857904 ], [ 100.5036621, 13.7832974 ], [ 100.5035124, 13.7830684 ], [ 100.5029917, 13.7822715 ], [ 100.5028031, 13.7818741 ], [ 100.5024239, 13.7810751 ], [ 100.5018264, 13.7798162 ], [ 100.5014532, 13.7790297 ], [ 100.5010421, 13.7778373 ], [ 100.5007468, 13.7769906 ], [ 100.50036, 13.7758815 ], [ 100.5001034, 13.7751458 ], [ 100.4994975, 13.7734087 ], [ 100.4993324, 13.77307 ], [ 100.4992431, 13.7728868 ], [ 100.4991798, 13.772757 ], [ 100.4986254, 13.7717108 ], [ 100.4981025, 13.7707238 ], [ 100.4972027, 13.7690257 ], [ 100.495273, 13.7663156 ], [ 100.4951158, 13.7661615 ], [ 100.4945877, 13.7655274 ], [ 100.4945632, 13.7655 ], [ 100.4939379, 13.764802 ], [ 100.4922681, 13.7629381 ], [ 100.4917395, 13.7624773 ], [ 100.4911291, 13.7619452 ], [ 100.49108, 13.7619034 ], [ 100.4910193, 13.7618519 ], [ 100.4901881, 13.7611741 ], [ 100.4899585, 13.7609489 ], [ 100.4898811, 13.7608471 ], [ 100.4895462, 13.7604109 ], [ 100.4893673, 13.7601779 ], [ 100.4891758, 13.7599057 ], [ 100.4885363, 13.758692 ], [ 100.4879844, 13.7571224 ], [ 100.4877523, 13.7556928 ], [ 100.4875804, 13.752461 ], [ 100.4876545, 13.7515499 ], [ 100.4878848, 13.7495631 ], [ 100.4882075, 13.7481302 ], [ 100.4882248, 13.7480852 ], [ 100.4886955, 13.7468574 ], [ 100.4895687, 13.7454531 ], [ 100.489693, 13.7452678 ], [ 100.4898046, 13.7451015 ], [ 100.4899019, 13.7449565 ], [ 100.490909, 13.7435562 ], [ 100.4919034, 13.7424385 ], [ 100.4920261, 13.7423108 ], [ 100.4923003, 13.7420252 ], [ 100.4932769, 13.7411518 ], [ 100.4936547, 13.7408369 ], [ 100.4937779, 13.7407529 ], [ 100.4941305, 13.7405125 ], [ 100.4947639, 13.7401843 ], [ 100.4957946, 13.7398214 ], [ 100.4976627, 13.739312 ], [ 100.4992124, 13.7388893 ], [ 100.4998706, 13.7387098 ], [ 100.4999337, 13.7386948 ], [ 100.5025681, 13.7380681 ], [ 100.5040513, 13.7376375 ], [ 100.5060792, 13.7370467 ], [ 100.5065542, 13.7368668 ], [ 100.506591, 13.7368529 ], [ 100.50813, 13.7361713 ], [ 100.5092221, 13.7354456 ], [ 100.5101328, 13.7344203 ], [ 100.5109712, 13.7330581 ], [ 100.5119108, 13.7307434 ], [ 100.5119666, 13.7306059 ], [ 100.5121486, 13.7299456 ], [ 100.5122871, 13.729384 ], [ 100.5123488, 13.7290515 ], [ 100.5123773, 13.7289077 ], [ 100.5124836, 13.7283718 ], [ 100.5124887, 13.728331 ], [ 100.5127358, 13.7263395 ], [ 100.5127623, 13.7257667 ], [ 100.5127051, 13.7242873 ], [ 100.5126318, 13.7223888 ], [ 100.512085, 13.7193408 ], [ 100.5120759, 13.7193107 ], [ 100.5117743, 13.7183172 ], [ 100.5114207, 13.7175152 ], [ 100.511323, 13.7173163 ], [ 100.5101331, 13.7150456 ], [ 100.5083604, 13.7125478 ], [ 100.5081878, 13.7123371 ], [ 100.5081763, 13.712323 ], [ 100.506371, 13.7103811 ], [ 100.5060627, 13.7100544 ], [ 100.5051185, 13.7092187 ], [ 100.5050502, 13.7091582 ], [ 100.5039136, 13.7082088 ], [ 100.5029614, 13.7076064 ], [ 100.5007088, 13.7063345 ], [ 100.498767, 13.705296 ], [ 100.4984651, 13.7051524 ], [ 100.4984443, 13.7051425 ], [ 100.498397, 13.7051179 ], [ 100.4977318, 13.7047685 ], [ 100.4966812, 13.7041534 ], [ 100.4943099, 13.7027002 ], [ 100.4939676, 13.7024652 ], [ 100.4926307, 13.701379 ], [ 100.4922102, 13.7009166 ], [ 100.491475929972992, 13.7 ] ], [ [ 100.551405750492179, 13.7 ], [ 100.551469, 13.7006293 ], [ 100.5516593, 13.7015581 ], [ 100.5519718, 13.7023979 ], [ 100.5523684, 13.7031561 ], [ 100.5528304, 13.7038782 ], [ 100.5534604, 13.7046185 ], [ 100.5540967, 13.7051267 ], [ 100.5549525, 13.7055962 ], [ 100.5564531, 13.7061357 ], [ 100.556509, 13.706145 ], [ 100.5577342, 13.7063477 ], [ 100.5587632, 13.7064326 ], [ 100.5599323, 13.7063996 ], [ 100.5607371, 13.706294 ], [ 100.5623509, 13.7060344 ], [ 100.5630012, 13.7058147 ], [ 100.5678671, 13.7041708 ], [ 100.5695715, 13.7035432 ], [ 100.5716331, 13.702784 ], [ 100.5740089, 13.7018935 ], [ 100.5781914, 13.7000064 ], [ 100.578205584670229, 13.7 ] ] ] } },
{ "type": "Feature", "properties": { "name": "Chao Phraya river walls (downstream)", "crest_m": 2.5, "kind": "river wall", "source": "BMA flood walls: upstream +3.00-3.50, middle +2.80-3.00, downstream +2.50-2.80 m MSL (BMA, 'Flood Mitigation and Management in Bangkok', UNESCAP; Pattaya Mail, 10 Oct 2024)", "note": "Both banks. Drawn along the river's centre line on the map." }, "geometry": { "type": "MultiLineString", "coordinates": [ [ [ 100.491475929972992, 13.7 ], [ 100.4912312, 13.6996945 ], [ 100.4906487, 13.6988258 ], [ 100.4901307, 13.6976832 ], [ 100.489878, 13.6966152 ], [ 100.4898405, 13.6957812 ], [ 100.4899148, 13.6953242 ], [ 100.4899961, 13.694973 ], [ 100.4905532, 13.6932847 ], [ 100.49127, 13.6919276 ], [ 100.4920507, 13.6910483 ], [ 100.4933027, 13.6901659 ], [ 100.4951948, 13.6889777 ], [ 100.4965796, 13.6882325 ], [ 100.4976549, 13.6876539 ], [ 100.4983206, 13.6873685 ], [ 100.5000455, 13.6868265 ], [ 100.5000768, 13.6868186 ], [ 100.5020226, 13.68633 ], [ 100.5027539, 13.6861987 ], [ 100.5041997, 13.6860434 ], [ 100.5066128, 13.6857741 ], [ 100.5067191, 13.6857619 ], [ 100.507374, 13.6856849 ], [ 100.5103592, 13.6853338 ], [ 100.5111126, 13.6851847 ], [ 100.5133442, 13.6845753 ], [ 100.5143872, 13.6842905 ], [ 100.5148133, 13.6840519 ], [ 100.5150631, 13.683912 ], [ 100.5166038, 13.683049 ], [ 100.5169692, 13.6827775 ], [ 100.5188202, 13.6814022 ], [ 100.5205935, 13.6800846 ], [ 100.5209418, 13.6797769 ], [ 100.5222425, 13.678628 ], [ 100.5228322, 13.6781679 ], [ 100.5233183, 13.6777226 ], [ 100.5237893, 13.6772911 ], [ 100.5264778, 13.6750501 ], [ 100.5278454, 13.6740074 ], [ 100.5289502, 13.6731105 ], [ 100.5305495, 13.6719808 ], [ 100.5310736, 13.6716106 ], [ 100.5315393, 13.6713398 ], [ 100.532316, 13.670888 ], [ 100.5326687, 13.670719 ], [ 100.5334966, 13.6703222 ], [ 100.5344574, 13.6699664 ], [ 100.5351556, 13.6697079 ], [ 100.5366057, 13.669353 ], [ 100.5379164, 13.669147 ], [ 100.5391522, 13.6690876 ], [ 100.5394541, 13.6691121 ], [ 100.5399495, 13.6691522 ], [ 100.5404343, 13.6692225 ], [ 100.5407368, 13.6692664 ], [ 100.5412785, 13.6693787 ], [ 100.5424839, 13.6696287 ], [ 100.5444825, 13.6703772 ], [ 100.5466857, 13.6716664 ], [ 100.5479433, 13.6729855 ], [ 100.5483189, 13.6733795 ], [ 100.549459, 13.6750117 ], [ 100.5499867, 13.6758338 ], [ 100.5500015, 13.6758661 ], [ 100.5506403, 13.6771639 ], [ 100.5512716, 13.6788809 ], [ 100.5514233, 13.6794528 ], [ 100.5517372, 13.6806366 ], [ 100.551799, 13.6808698 ], [ 100.5521805, 13.683143 ], [ 100.5522199, 13.6833776 ], [ 100.552336, 13.6840699 ], [ 100.5524461, 13.6852477 ], [ 100.5525389, 13.6862407 ], [ 100.5525513, 13.6870004 ], [ 100.5525737, 13.6883752 ], [ 100.552557, 13.6885472 ], [ 100.5525406, 13.688716 ], [ 100.5524048, 13.6901158 ], [ 100.552345, 13.6907324 ], [ 100.5521874, 13.6923572 ], [ 100.5521458, 13.6927447 ], [ 100.5519299, 13.6947547 ], [ 100.5518762, 13.6951003 ], [ 100.5516218, 13.6967376 ], [ 100.5514149, 13.6980694 ], [ 100.5513561, 13.6988305 ], [ 100.55136, 13.6990352 ], [ 100.551372, 13.6996642 ], [ 100.551405750492179, 13.7 ] ], [ [ 100.578205584670229, 13.7 ], [ 100.5801808, 13.6991088 ], [ 100.5812324, 13.698446 ], [ 100.5818729, 13.6980423 ], [ 100.582446, 13.6976035 ], [ 100.5834132, 13.696863 ], [ 100.5845032, 13.6958021 ], [ 100.5860945, 13.6942199 ], [ 100.5876909, 13.691702 ], [ 100.5878575, 13.6914392 ], [ 100.5885493, 13.6900418 ], [ 100.5889173, 13.6889448 ], [ 100.589093, 13.6878286 ], [ 100.5892432, 13.686874 ], [ 100.5892796, 13.6854743 ], [ 100.5891251, 13.6841897 ], [ 100.588809, 13.6831561 ], [ 100.588784, 13.6830743 ], [ 100.5879658, 13.6812076 ], [ 100.5873279, 13.6797521 ], [ 100.5858219, 13.6773542 ], [ 100.5856641, 13.6771336 ], [ 100.5848713, 13.6760255 ], [ 100.5842484, 13.6752563 ], [ 100.5793479, 13.669205 ], [ 100.5793424, 13.6691978 ], [ 100.5767323, 13.6663383 ], [ 100.5752203, 13.664748 ], [ 100.574891, 13.6644017 ], [ 100.5742474, 13.6637248 ], [ 100.5731525, 13.6627114 ], [ 100.5704713, 13.6603891 ], [ 100.5702648, 13.6602408 ], [ 100.568853, 13.6592275 ], [ 100.5664853, 13.657711 ], [ 100.5660287, 13.6574811 ], [ 100.5649209, 13.6569234 ], [ 100.5632579, 13.6563083 ], [ 100.5627192, 13.6561988 ], [ 100.5622813, 13.6561098 ], [ 100.5610667, 13.6558629 ], [ 100.5609341, 13.6558359 ], [ 100.5589449, 13.6557141 ], [ 100.5571751, 13.6558283 ], [ 100.556002, 13.6559835 ], [ 100.5546882, 13.6562575 ], [ 100.5499191, 13.6580406 ], [ 100.5459836, 13.6598613 ], [ 100.5455434, 13.660065 ], [ 100.543769, 13.6605932 ], [ 100.5421436, 13.6608225 ], [ 100.5406719, 13.6608078 ], [ 100.5396579, 13.6606818 ], [ 100.5392792, 13.6605869 ], [ 100.5382934, 13.6601376 ], [ 100.5373263, 13.6593734 ], [ 100.5365601, 13.6584861 ], [ 100.5358618, 13.6572935 ], [ 100.5351376, 13.6558496 ], [ 100.5343466, 13.653572 ], [ 100.5340326, 13.6521798 ], [ 100.5339253, 13.6509287 ], [ 100.5339448, 13.6498557 ], [ 100.5340518, 13.6487155 ], [ 100.5344358, 13.6455392 ], [ 100.534451, 13.6454134 ], [ 100.5350293, 13.6421906 ], [ 100.5354702, 13.6404453 ], [ 100.5360711, 13.6387094 ], [ 100.5362913, 13.638225 ], [ 100.5363691, 13.6380539 ], [ 100.5368872, 13.6369142 ], [ 100.537471, 13.6356299 ], [ 100.5376104, 13.6353623 ], [ 100.5387123, 13.6332478 ], [ 100.5401802, 13.6304307 ], [ 100.5411901, 13.6288503 ], [ 100.5414578, 13.6284723 ], [ 100.5426443, 13.6270352 ], [ 100.5428624, 13.626771 ], [ 100.5438711, 13.6256867 ], [ 100.545491, 13.6239453 ], [ 100.5491771, 13.6205342 ], [ 100.5493582, 13.6203715 ], [ 100.5496718, 13.6200899 ], [ 100.5512728, 13.6185647 ], [ 100.5530454, 13.6172384 ], [ 100.5559087, 13.6155514 ], [ 100.556455, 13.6152501 ], [ 100.5590538, 13.6138166 ], [ 100.5610907, 13.6128194 ], [ 100.5631652, 13.6119454 ], [ 100.5653056, 13.6113609 ], [ 100.5681433, 13.6109232 ], [ 100.5689164, 13.6108211 ], [ 100.5711097, 13.6105615 ], [ 100.5715186, 13.610545 ], [ 100.5735576, 13.6104628 ], [ 100.5741917, 13.6104877 ], [ 100.5778491, 13.6106315 ], [ 100.5810532, 13.6107574 ], [ 100.5833745, 13.610515 ], [ 100.5858161, 13.610018 ], [ 100.5875234, 13.6093876 ], [ 100.589211, 13.6084503 ], [ 100.5902946, 13.6073763 ], [ 100.5915084, 13.6053613 ], [ 100.5921292, 13.6036223 ], [ 100.592494, 13.6017452 ], [ 100.5926227, 13.5997222 ], [ 100.5924904, 13.5975112 ], [ 100.5919575, 13.5948314 ], [ 100.5915522, 13.593597 ], [ 100.5905407, 13.5905164 ], [ 100.5890178, 13.5877193 ], [ 100.588245, 13.586464 ], [ 100.5872262, 13.5850078 ], [ 100.587220052778164, 13.585 ] ] ] } }
]
}
