{
"type": "FeatureCollection",
"name": "facilities",
"crs": { "type": "name", "properties": { "name": "urn:ogc:def:crs:OGC:1.3:CRS84" } },
"features": [
{ "type": "Feature", "properties": { "name": "Australian International School", "type": "School", "lon": 100.5637277, "lat": 13.7281689, "district_id": 23, "row": 453, "col": 439 }, "geometry": { "type": "Point", "coordinates": [ 100.5637277, 13.7281689 ] } },
{ "type": "Feature", "properties": { "name": "Thonburi Hospital", "type": "Hospital", "lon": 100.480116, "lat": 13.7529428, "district_id": 11, "row": 411, "col": 300 }, "geometry": { "type": "Point", "coordinates": [ 100.480116, 13.7529428 ] } },
{ "type": "Feature", "properties": { "name": "(unnamed)", "type": "Hospital", "lon": 100.4789514, "lat": 13.7554064, "district_id": 11, "row": 407, "col": 298 }, "geometry": { "type": "Point", "coordinates": [ 100.4789514, 13.7554064 ] } },
{ "type": "Feature", "properties": { "name": "Rajadamri School", "type": "School", "lon": 100.679416, "lat": 13.6821606, "district_id": 36, "row": 529, "col": 632 }, "geometry": { "type": "Point", "coordinates": [ 100.679416, 13.6821606 ] } },
{ "type": "Feature", "properties": { "name": "Faculty of Engineering", "type": "University", "lon": 100.5330593, "lat": 13.7365936, "district_id": 30, "row": 439, "col": 388 }, "geometry": { "type": "Point", "coordinates": [ 100.5330593, 13.7365936 ] } },
{ "type": "Feature", "properties": { "name": "Faculty of Science", "type": "University", "lon": 100.530286, "lat": 13.7363538, "district_id": 30, "row": 439, "col": 383 }, "geometry": { "type": "Point", "coordinates": [ 100.530286, 13.7363538 ] } },
{ "type": "Feature", "properties": { "name": "Faculty of Architecture", "type": "University", "lon": 100.5308187, "lat": 13.7398649, "district_id": 30, "row": 433, "col": 384 }, "geometry": { "type": "Point", "coordinates": [ 100.5308187, 13.7398649 ] } },
{ "type": "Feature", "properties": { "name": "Faculty of Arts", "type": "University", "lon": 100.5337415, "lat": 13.7388791, "district_id": 30, "row": 435, "col": 389 }, "geometry": { "type": "Point", "coordinates": [ 100.5337415, 13.7388791 ] } },
{ "type": "Feature", "properties": { "name": "Faculty of Fine and Applied Arts", "type": "University", "lon": 100.5328912, "lat": 13.7395257, "district_id": 30, "row": 434, "col": 388 }, "geometry": { "type": "Point", "coordinates": [ 100.5328912, 13.7395257 ] } },
{ "type": "Feature", "properties": { "name": "Faculty of Political Science", "type": "University", "lon": 100.5330383, "lat": 13.7346002, "district_id": 30, "row": 442, "col": 388 }, "geometry": { "type": "Point", "coordinates": [ 100.5330383, 13.7346002 ] } },
{ "type": "Feature", "properties": { "name": "Faculty of Economics", "type": "University", "lon": 100.5315502, "lat": 13.7343028, "district_id": 30, "row": 442, "col": 385 }, "geometry": { "type": "Point", "coordinates": [ 100.5315502, 13.7343028 ] } },
{ "type": "Feature", "properties": { "name": "Faculty of Commerce and Accountancy", "type": "University", "lon": 100.5302752, "lat": 13.7340766, "district_id": 30, "row": 443, "col": 383 }, "geometry": { "type": "Point", "coordinates": [ 100.5302752, 13.7340766 ] } },
{ "type": "Feature", "properties": { "name": "Faculty of Education", "type": "University", "lon": 100.5284795, "lat": 13.7372611, "district_id": 30, "row": 437, "col": 380 }, "geometry": { "type": "Point", "coordinates": [ 100.5284795, 13.7372611 ] } },
{ "type": "Feature", "properties": { "name": "Faculty of Communication Arts", "type": "University", "lon": 100.5286689, "lat": 13.7362092, "district_id": 30, "row": 439, "col": 381 }, "geometry": { "type": "Point", "coordinates": [ 100.5286689, 13.7362092 ] } },
{ "type": "Feature", "properties": { "name": "Faculty of Law", "type": "University", "lon": 100.5284941, "lat": 13.7354365, "district_id": 30, "row": 440, "col": 380 }, "geometry": { "type": "Point", "coordinates": [ 100.5284941, 13.7354365 ] } },
{ "type": "Feature", "properties": { "name": "Sasin Business Administration School", "type": "University", "lon": 100.5272951, "lat": 13.7428138, "district_id": 30, "row": 428, "col": 378 }, "geometry": { "type": "Point", "coordinates": [ 100.5272951, 13.7428138 ] } },
{ "type": "Feature", "properties": { "name": "School of Sports Science", "type": "University", "lon": 100.527133, "lat": 13.743637, "district_id": 30, "row": 427, "col": 378 }, "geometry": { "type": "Point", "coordinates": [ 100.527133, 13.743637 ] } },
{ "type": "Feature", "properties": { "name": "Faculty of Pharmaceutical Sciences", "type": "University", "lon": 100.5313458, "lat": 13.7435459, "district_id": 30, "row": 427, "col": 385 }, "geometry": { "type": "Point", "coordinates": [ 100.5313458, 13.7435459 ] } },
{ "type": "Feature", "properties": { "name": "Faculty of Dentistry", "type": "University", "lon": 100.5342388, "lat": 13.7432557, "district_id": 30, "row": 427, "col": 390 }, "geometry": { "type": "Point", "coordinates": [ 100.5342388, 13.7432557 ] } },
{ "type": "Feature", "properties": { "name": "Faculty of Veterinary Science", "type": "University", "lon": 100.5341873, "lat": 13.7424803, "district_id": 30, "row": 429, "col": 390 }, "geometry": { "type": "Point", "coordinates": [ 100.5341873, 13.7424803 ] } },
{ "type": "Feature", "properties": { "name": "(unnamed)", "type": "School", "lon": 100.528994, "lat": 13.7166695, "district_id": 42, "row": 472, "col": 381 }, "geometry": { "type": "Point", "coordinates": [ 100.528994, 13.7166695 ] } },
{ "type": "Feature", "properties": { "name": "Jintek School", "type": "School", "lon": 100.5278196, "lat": 13.7085189, "district_id": 42, "row": 485, "col": 379 }, "geometry": { "type": "Point", "coordinates": [ 100.5278196, 13.7085189 ] } },
{ "type": "Feature", "properties": { "name": "(unnamed)", "type": "Police", "lon": 100.5097818, "lat": 13.7311382, "district_id": 22, "row": 448, "col": 349 }, "geometry": { "type": "Point", "coordinates": [ 100.5097818, 13.7311382 ] } },
{ "type": "Feature", "properties": { "name": "Khlong Pak Lak School", "type": "School", "lon": 100.698455, "lat": 13.681295, "district_id": 36, "row": 531, "col": 664 }, "geometry": { "type": "Point", "coordinates": [ 100.698455, 13.681295 ] } },
{ "type": "Feature", "properties": { "name": "Prangthip Kindergarten", "type": "School", "lon": 100.5619293, "lat": 13.8439076, "district_id": 14, "row": 260, "col": 436 }, "geometry": { "type": "Point", "coordinates": [ 100.5619293, 13.8439076 ] } },
{ "type": "Feature", "properties": { "name": "วิทยาลัยพยาบาล บรมราชนนีนนทบุรี", "type": "School", "lon": 100.5221177, "lat": 13.8610541, "district_id": 0, "row": 231, "col": 370 }, "geometry": { "type": "Point", "coordinates": [ 100.5221177, 13.8610541 ] } },
{ "type": "Feature", "properties": { "name": "(unnamed)", "type": "School", "lon": 100.5532496, "lat": 13.8725294, "district_id": 24, "row": 212, "col": 422 }, "geometry": { "type": "Point", "coordinates": [ 100.5532496, 13.8725294 ] } },
{ "type": "Feature", "properties": { "name": "โรงเรียนชาลีสมุทร", "type": "School", "lon": 100.5483895, "lat": 13.8563113, "district_id": 24, "row": 239, "col": 413 }, "geometry": { "type": "Point", "coordinates": [ 100.5483895, 13.8563113 ] } },
{ "type": "Feature", "properties": { "name": "อนุบาลสุดารักษ์", "type": "School", "lon": 100.5815151, "lat": 13.8448757, "district_id": 14, "row": 258, "col": 469 }, "geometry": { "type": "Point", "coordinates": [ 100.5815151, 13.8448757 ] } },
{ "type": "Feature", "properties": { "name": "โรงเรียนเทพวิทยา", "type": "School", "lon": 100.5910547, "lat": 13.8323162, "district_id": 26, "row": 279, "col": 485 }, "geometry": { "type": "Point", "coordinates": [ 100.5910547, 13.8323162 ] } },
{ "type": "Feature", "properties": { "name": "โรงเรียนแจงร้อนวิทยา", "type": "School", "lon": 100.5189278, "lat": 13.6753442, "district_id": 37, "row": 541, "col": 364 }, "geometry": { "type": "Point", "coordinates": [ 100.5189278, 13.6753442 ] } },
{ "type": "Feature", "properties": { "name": "โรงเรียนวัดแจงร้อน", "type": "School", "lon": 100.5196788, "lat": 13.6750731, "district_id": 37, "row": 541, "col": 366 }, "geometry": { "type": "Point", "coordinates": [ 100.5196788, 13.6750731 ] } },
{ "type": "Feature", "properties": { "name": "Yaowa Na Khrittian School", "type": "School", "lon": 100.5323991, "lat": 13.6627085, "district_id": 0, "row": 562, "col": 387 }, "geometry": { "type": "Point", "coordinates": [ 100.5323991, 13.6627085 ] } },
{ "type": "Feature", "properties": { "name": "Asawittaya School", "type": "School", "lon": 100.5310492, "lat": 13.6632899, "district_id": 0, "row": 561, "col": 385 }, "geometry": { "type": "Point", "coordinates": [ 100.5310492, 13.6632899 ] } },
{ "type": "Feature", "properties": { "name": "(unnamed)", "type": "Fire station", "lon": 100.5062212, "lat": 13.7545147, "district_id": 35, "row": 409, "col": 343 }, "geometry": { "type": "Point", "coordinates": [ 100.5062212, 13.7545147 ] } },
{ "type": "Feature", "properties": { "name": "Wat Samphanthawong School", "type": "School", "lon": 100.5095732, "lat": 13.7383279, "district_id": 40, "row": 436, "col": 349 }, "geometry": { "type": "Point", "coordinates": [ 100.5095732, 13.7383279 ] } },
{ "type": "Feature", "properties": { "name": "Samranrat Police Station", "type": "Police", "lon": 100.5036975, "lat": 13.7517628, "district_id": 34, "row": 413, "col": 339 }, "geometry": { "type": "Point", "coordinates": [ 100.5036975, 13.7517628 ] } },
{ "type": "Feature", "properties": { "name": "Tantimedh Kindergarten", "type": "School", "lon": 100.535656, "lat": 13.756047, "district_id": 38, "row": 406, "col": 392 }, "geometry": { "type": "Point", "coordinates": [ 100.535656, 13.756047 ] } },
{ "type": "Feature", "properties": { "name": "โรงพยาบาลพระสมุทรเจดีย์วาทยานนท์", "type": "Hospital", "lon": 100.5781403, "lat": 13.5927735, "district_id": 0, "row": 678, "col": 463 }, "geometry": { "type": "Point", "coordinates": [ 100.5781403, 13.5927735 ] } },
{ "type": "Feature", "properties": { "name": "โรงเรียนวัดใหญ่", "type": "School", "lon": 100.5623786, "lat": 13.5913172, "district_id": 0, "row": 681, "col": 437 }, "geometry": { "type": "Point", "coordinates": [ 100.5623786, 13.5913172 ] } },
{ "type": "Feature", "properties": { "name": "Mattayonwatmai Samutkit Wittayakom School", "type": "School", "lon": 100.5601159, "lat": 13.5876427, "district_id": 0, "row": 687, "col": 433 }, "geometry": { "type": "Point", "coordinates": [ 100.5601159, 13.5876427 ] } },
{ "type": "Feature", "properties": { "name": "Wat Ban Rai Charoen Phon school", "type": "School", "lon": 100.3654612, "lat": 13.5808157, "district_id": 0, "row": 698, "col": 109 }, "geometry": { "type": "Point", "coordinates": [ 100.3654612, 13.5808157 ] } },
{ "type": "Feature", "properties": { "name": "โรงเรียนวัดวิจิตรการนิมิตร", "type": "School", "lon": 100.4602985, "lat": 13.7397809, "district_id": 31, "row": 433, "col": 267 }, "geometry": { "type": "Point", "coordinates": [ 100.4602985, 13.7397809 ] } },
{ "type": "Feature", "properties": { "name": "โรงเรียนวัดโตนด", "type": "School", "lon": 100.452932, "lat": 13.7362445, "district_id": 31, "row": 439, "col": 254 }, "geometry": { "type": "Point", "coordinates": [ 100.452932, 13.7362445 ] } },
{ "type": "Feature", "properties": { "name": "Smithipongse School", "type": "School", "lon": 100.4429017, "lat": 13.6621519, "district_id": 6, "row": 563, "col": 238 }, "geometry": { "type": "Point", "coordinates": [ 100.4429017, 13.6621519 ] } },
{ "type": "Feature", "properties": { "name": "Wat Pho (Rat Phadung Phon) School", "type": "School", "lon": 100.4271517, "lat": 13.769466, "district_id": 44, "row": 384, "col": 211 }, "geometry": { "type": "Point", "coordinates": [ 100.4271517, 13.769466 ] } },
{ "type": "Feature", "properties": { "name": "Phadung Kit Witthaya School", "type": "School", "lon": 100.4286806, "lat": 13.7196087, "district_id": 31, "row": 467, "col": 214 }, "geometry": { "type": "Point", "coordinates": [ 100.4286806, 13.7196087 ] } },
{ "type": "Feature", "properties": { "name": "Khlong Nong Yai School", "type": "School", "lon": 100.4175655, "lat": 13.6895636, "district_id": 3, "row": 517, "col": 195 }, "geometry": { "type": "Point", "coordinates": [ 100.4175655, 13.6895636 ] } },
{ "type": "Feature", "properties": { "name": "Charuwattananukul School", "type": "School", "lon": 100.4330815, "lat": 13.6618599, "district_id": 6, "row": 563, "col": 221 }, "geometry": { "type": "Point", "coordinates": [ 100.4330815, 13.6618599 ] } },
{ "type": "Feature", "properties": { "name": "Phon Phim Rama II School", "type": "School", "lon": 100.4118684, "lat": 13.6445689, "district_id": 6, "row": 592, "col": 186 }, "geometry": { "type": "Point", "coordinates": [ 100.4118684, 13.6445689 ] } },
{ "type": "Feature", "properties": { "name": "Wat Ratchanaddaram School", "type": "School", "lon": 100.503825, "lat": 13.7554133, "district_id": 34, "row": 407, "col": 339 }, "geometry": { "type": "Point", "coordinates": [ 100.503825, 13.7554133 ] } },
{ "type": "Feature", "properties": { "name": "Saint Mary School", "type": "School", "lon": 100.532096, "lat": 13.6558915, "district_id": 0, "row": 573, "col": 386 }, "geometry": { "type": "Point", "coordinates": [ 100.532096, 13.6558915 ] } },
{ "type": "Feature", "properties": { "name": "Rajamangala University of Technology Krungthep", "type": "University", "lon": 100.5132013, "lat": 13.7139428, "district_id": 42, "row": 476, "col": 355 }, "geometry": { "type": "Point", "coordinates": [ 100.5132013, 13.7139428 ] } },
{ "type": "Feature", "properties": { "name": "Yannawa Fire Station", "type": "Fire station", "lon": 100.5136493, "lat": 13.7148673, "district_id": 42, "row": 475, "col": 356 }, "geometry": { "type": "Point", "coordinates": [ 100.5136493, 13.7148673 ] } },
{ "type": "Feature", "properties": { "name": "Kornpitacksuksa School", "type": "School", "lon": 100.3824825, "lat": 13.6800304, "district_id": 29, "row": 533, "col": 137 }, "geometry": { "type": "Point", "coordinates": [ 100.3824825, 13.6800304 ] } },
{ "type": "Feature", "properties": { "name": "Son Phiset Khru Phueng School", "type": "School", "lon": 100.4080919, "lat": 13.6977754, "district_id": 3, "row": 503, "col": 180 }, "geometry": { "type": "Point", "coordinates": [ 100.4080919, 13.6977754 ] } },
{ "type": "Feature", "properties": { "name": "Kids' Academy", "type": "School", "lon": 100.5850431, "lat": 13.7231163, "district_id": 48, "row": 461, "col": 475 }, "geometry": { "type": "Point", "coordinates": [ 100.5850431, 13.7231163 ] } },
{ "type": "Feature", "properties": { "name": "Wansawangchit School", "type": "School", "lon": 100.4385643, "lat": 13.6601966, "district_id": 6, "row": 566, "col": 230 }, "geometry": { "type": "Point", "coordinates": [ 100.4385643, 13.6601966 ] } },
{ "type": "Feature", "properties": { "name": "Prachachuen Police Station", "type": "Police", "lon": 100.546917, "lat": 13.8421703, "district_id": 14, "row": 263, "col": 411 }, "geometry": { "type": "Point", "coordinates": [ 100.546917, 13.8421703 ] } },
{ "type": "Feature", "properties": { "name": "Veterinary Technology", "type": "School", "lon": 100.5764959, "lat": 13.8456681, "district_id": 14, "row": 257, "col": 460 }, "geometry": { "type": "Point", "coordinates": [ 100.5764959, 13.8456681 ] } },
{ "type": "Feature", "properties": { "name": "Faculty of Veternary Medicine", "type": "School", "lon": 100.5770893, "lat": 13.8451226, "district_id": 14, "row": 258, "col": 461 }, "geometry": { "type": "Point", "coordinates": [ 100.5770893, 13.8451226 ] } },
{ "type": "Feature", "properties": { "name": "โรงเรียนอนุบาลคหกรรมศาสตร์", "type": "School", "lon": 100.5711088, "lat": 13.8442326, "district_id": 14, "row": 259, "col": 451 }, "geometry": { "type": "Point", "coordinates": [ 100.5711088, 13.8442326 ] } },
{ "type": "Feature", "properties": { "name": "Faculty of Economics", "type": "University", "lon": 100.5695476, "lat": 13.8440842, "district_id": 14, "row": 259, "col": 449 }, "geometry": { "type": "Point", "coordinates": [ 100.5695476, 13.8440842 ] } },
{ "type": "Feature", "properties": { "name": "Mongkutwattana General Hospital", "type": "Hospital", "lon": 100.5616676, "lat": 13.8939018, "district_id": 24, "row": 176, "col": 436 }, "geometry": { "type": "Point", "coordinates": [ 100.5616676, 13.8939018 ] } },
{ "type": "Feature", "properties": { "name": "โรงเรียนวัดท่าข้าม", "type": "School", "lon": 100.4477405, "lat": 13.6522456, "district_id": 6, "row": 579, "col": 246 }, "geometry": { "type": "Point", "coordinates": [ 100.4477405, 13.6522456 ] } },
{ "type": "Feature", "properties": { "name": "Satrinonthaburi School", "type": "School", "lon": 100.5053394, "lat": 13.8213868, "district_id": 0, "row": 297, "col": 342 }, "geometry": { "type": "Point", "coordinates": [ 100.5053394, 13.8213868 ] } },
{ "type": "Feature", "properties": { "name": "ภาควิชาพืชไร่นา", "type": "School", "lon": 100.5720578, "lat": 13.850176, "district_id": 14, "row": 249, "col": 453 }, "geometry": { "type": "Point", "coordinates": [ 100.5720578, 13.850176 ] } },
{ "type": "Feature", "properties": { "name": "Wat Nimma-noradi School", "type": "School", "lon": 100.4267924, "lat": 13.7092856, "district_id": 31, "row": 484, "col": 211 }, "geometry": { "type": "Point", "coordinates": [ 100.4267924, 13.7092856 ] } },
{ "type": "Feature", "properties": { "name": "Panyananthaphikkhu Chonprathan Medical Center", "type": "Hospital", "lon": 100.5020172, "lat": 13.8999118, "district_id": 0, "row": 166, "col": 336 }, "geometry": { "type": "Point", "coordinates": [ 100.5020172, 13.8999118 ] } },
{ "type": "Feature", "properties": { "name": "โรงเรียนอนุบาลอันวิดา", "type": "School", "lon": 100.5353283, "lat": 13.9041745, "district_id": 0, "row": 159, "col": 392 }, "geometry": { "type": "Point", "coordinates": [ 100.5353283, 13.9041745 ] } },
{ "type": "Feature", "properties": { "name": "Potinimitwittayakom School", "type": "School", "lon": 100.513062, "lat": 13.9392211, "district_id": 0, "row": 101, "col": 355 }, "geometry": { "type": "Point", "coordinates": [ 100.513062, 13.9392211 ] } },
{ "type": "Feature", "properties": { "name": "โรงเรียนวัดสลักเหนือ", "type": "School", "lon": 100.5302803, "lat": 13.9430586, "district_id": 0, "row": 94, "col": 383 }, "geometry": { "type": "Point", "coordinates": [ 100.5302803, 13.9430586 ] } },
{ "type": "Feature", "properties": { "name": "The Bangkok School for The blind", "type": "School", "lon": 100.5292637, "lat": 13.7683875, "district_id": 38, "row": 386, "col": 382 }, "geometry": { "type": "Point", "coordinates": [ 100.5292637, 13.7683875 ] } },
{ "type": "Feature", "properties": { "name": "Suttisarn Police Station", "type": "Police", "lon": 100.5738972, "lat": 13.7901787, "district_id": 16, "row": 349, "col": 456 }, "geometry": { "type": "Point", "coordinates": [ 100.5738972, 13.7901787 ] } },
{ "type": "Feature", "properties": { "name": "Chulalongkorn University Health Service Center", "type": "Clinic", "lon": 100.5256941, "lat": 13.7358897, "district_id": 30, "row": 440, "col": 376 }, "geometry": { "type": "Point", "coordinates": [ 100.5256941, 13.7358897 ] } },
{ "type": "Feature", "properties": { "name": "Siamese Clinic สยามเมสคลินิก", "type": "Clinic", "lon": 100.5398822, "lat": 13.9152386, "district_id": 0, "row": 141, "col": 399 }, "geometry": { "type": "Point", "coordinates": [ 100.5398822, 13.9152386 ] } },
{ "type": "Feature", "properties": { "name": "BangkokFA", "type": "University", "lon": 100.5323562, "lat": 13.745687, "district_id": 30, "row": 423, "col": 387 }, "geometry": { "type": "Point", "coordinates": [ 100.5323562, 13.745687 ] } },
{ "type": "Feature", "properties": { "name": "Police Support Unit สน.ย่อยจตุรัส", "type": "Police", "lon": 100.5341624, "lat": 13.7439967, "district_id": 30, "row": 426, "col": 390 }, "geometry": { "type": "Point", "coordinates": [ 100.5341624, 13.7439967 ] } },
{ "type": "Feature", "properties": { "name": "KPN Music Academy", "type": "School", "lon": 100.5343626, "lat": 13.7448769, "district_id": 30, "row": 425, "col": 390 }, "geometry": { "type": "Point", "coordinates": [ 100.5343626, 13.7448769 ] } },
{ "type": "Feature", "properties": { "name": "(unnamed)", "type": "Police", "lon": 100.5118959, "lat": 13.7507321, "district_id": 35, "row": 415, "col": 353 }, "geometry": { "type": "Point", "coordinates": [ 100.5118959, 13.7507321 ] } },
{ "type": "Feature", "properties": { "name": "Public Health Center 11", "type": "Hospital", "lon": 100.5396756, "lat": 13.792343, "district_id": 32, "row": 346, "col": 399 }, "geometry": { "type": "Point", "coordinates": [ 100.5396756, 13.792343 ] } },
{ "type": "Feature", "properties": { "name": "Bangsue Police Station", "type": "Police", "lon": 100.5473789, "lat": 13.7867789, "district_id": 32, "row": 355, "col": 412 }, "geometry": { "type": "Point", "coordinates": [ 100.5473789, 13.7867789 ] } },
{ "type": "Feature", "properties": { "name": "(unnamed)", "type": "School", "lon": 100.5500343, "lat": 13.7904753, "district_id": 32, "row": 349, "col": 416 }, "geometry": { "type": "Point", "coordinates": [ 100.5500343, 13.7904753 ] } },
{ "type": "Feature", "properties": { "name": "Institute of Advanced Naval Studies", "type": "University", "lon": 100.3093268, "lat": 13.8010033, "district_id": 0, "row": 331, "col": 15 }, "geometry": { "type": "Point", "coordinates": [ 100.3093268, 13.8010033 ] } },
{ "type": "Feature", "properties": { "name": "Bangkhen Police Station", "type": "Police", "lon": 100.597874, "lat": 13.875011, "district_id": 4, "row": 208, "col": 496 }, "geometry": { "type": "Point", "coordinates": [ 100.597874, 13.875011 ] } },
{ "type": "Feature", "properties": { "name": "Ban Salawan Subdistrict Health Promoting Hospital", "type": "Clinic", "lon": 100.3222298, "lat": 13.8015444, "district_id": 0, "row": 330, "col": 37 }, "geometry": { "type": "Point", "coordinates": [ 100.3222298, 13.8015444 ] } },
{ "type": "Feature", "properties": { "name": "ศาลายาคลินิกเวชกรรม", "type": "Clinic", "lon": 100.3249661, "lat": 13.8013156, "district_id": 0, "row": 331, "col": 41 }, "geometry": { "type": "Point", "coordinates": [ 100.3249661, 13.8013156 ] } },
{ "type": "Feature", "properties": { "name": "สถานีกาชาดที่ 11 วิเศษนิยม", "type": "Hospital", "lon": 100.4356835, "lat": 13.7125212, "district_id": 31, "row": 479, "col": 226 }, "geometry": { "type": "Point", "coordinates": [ 100.4356835, 13.7125212 ] } },
{ "type": "Feature", "properties": { "name": "Watpradoobangjak (Puangootid) School", "type": "School", "lon": 100.4567276, "lat": 13.7225288, "district_id": 31, "row": 462, "col": 261 }, "geometry": { "type": "Point", "coordinates": [ 100.4567276, 13.7225288 ] } },
{ "type": "Feature", "properties": { "name": "โรงเรียนชาญกิจวิทยา", "type": "School", "lon": 100.4503689, "lat": 13.7178279, "district_id": 31, "row": 470, "col": 250 }, "geometry": { "type": "Point", "coordinates": [ 100.4503689, 13.7178279 ] } },
{ "type": "Feature", "properties": { "name": "Khlong Ton Police Station", "type": "Police", "lon": 100.6172884, "lat": 13.7406514, "district_id": 43, "row": 432, "col": 528 }, "geometry": { "type": "Point", "coordinates": [ 100.6172884, 13.7406514 ] } },
{ "type": "Feature", "properties": { "name": "Charm English Home", "type": "School", "lon": 100.4440913, "lat": 13.7158069, "district_id": 31, "row": 473, "col": 240 }, "geometry": { "type": "Point", "coordinates": [ 100.4440913, 13.7158069 ] } },
{ "type": "Feature", "properties": { "name": "(unnamed)", "type": "Fire station", "lon": 100.5793009, "lat": 13.8031083, "district_id": 14, "row": 328, "col": 465 }, "geometry": { "type": "Point", "coordinates": [ 100.5793009, 13.8031083 ] } },
{ "type": "Feature", "properties": { "name": "โรงเรียนสอนตัดเสื้อสมบูรณ์เกื้อ", "type": "School", "lon": 100.4437835, "lat": 13.7152285, "district_id": 31, "row": 474, "col": 239 }, "geometry": { "type": "Point", "coordinates": [ 100.4437835, 13.7152285 ] } },
{ "type": "Feature", "properties": { "name": "Siri Phen", "type": "School", "lon": 100.679389, "lat": 13.7798083, "district_id": 41, "row": 366, "col": 632 }, "geometry": { "type": "Point", "coordinates": [ 100.679389, 13.7798083 ] } },
{ "type": "Feature", "properties": { "name": "โรงเรียนอนุบาลบ้านสวน", "type": "School", "lon": 100.437918, "lat": 13.716458, "district_id": 31, "row": 472, "col": 229 }, "geometry": { "type": "Point", "coordinates": [ 100.437918, 13.716458 ] } },
{ "type": "Feature", "properties": { "name": "สถานรับเลี้ยงเด็กบ้านสวนเนอสเซอรี", "type": "School", "lon": 100.4372638, "lat": 13.7172429, "district_id": 31, "row": 471, "col": 228 }, "geometry": { "type": "Point", "coordinates": [ 100.4372638, 13.7172429 ] } },
{ "type": "Feature", "properties": { "name": "โรงเรียนยุวพุทธพิทยา", "type": "School", "lon": 100.4352948, "lat": 13.718936, "district_id": 31, "row": 468, "col": 225 }, "geometry": { "type": "Point", "coordinates": [ 100.4352948, 13.718936 ] } },
{ "type": "Feature", "properties": { "name": "Prodenta Dental Clinic", "type": "Hospital", "lon": 100.6110973, "lat": 13.8343627, "district_id": 26, "row": 276, "col": 518 }, "geometry": { "type": "Point", "coordinates": [ 100.6110973, 13.8343627 ] } },
{ "type": "Feature", "properties": { "name": "Kudos By Tarakorn", "type": "Hospital", "lon": 100.6110893, "lat": 13.8343093, "district_id": 26, "row": 276, "col": 518 }, "geometry": { "type": "Point", "coordinates": [ 100.6110893, 13.8343093 ] } },
{ "type": "Feature", "properties": { "name": "Pruksa Clinic", "type": "Hospital", "lon": 100.6110584, "lat": 13.834407, "district_id": 26, "row": 275, "col": 518 }, "geometry": { "type": "Point", "coordinates": [ 100.6110584, 13.834407 ] } },
{ "type": "Feature", "properties": { "name": "King Math", "type": "School", "lon": 100.6111121, "lat": 13.8346765, "district_id": 26, "row": 275, "col": 518 }, "geometry": { "type": "Point", "coordinates": [ 100.6111121, 13.8346765 ] } },
{ "type": "Feature", "properties": { "name": "S-Smart Clinic", "type": "Hospital", "lon": 100.6110973, "lat": 13.8345164, "district_id": 26, "row": 275, "col": 518 }, "geometry": { "type": "Point", "coordinates": [ 100.6110973, 13.8345164 ] } },
{ "type": "Feature", "properties": { "name": "Arabeques", "type": "School", "lon": 100.4417826, "lat": 13.7672988, "district_id": 44, "row": 387, "col": 236 }, "geometry": { "type": "Point", "coordinates": [ 100.4417826, 13.7672988 ] } },
{ "type": "Feature", "properties": { "name": "A Little Something", "type": "School", "lon": 100.4418203, "lat": 13.7674447, "district_id": 44, "row": 387, "col": 236 }, "geometry": { "type": "Point", "coordinates": [ 100.4418203, 13.7674447 ] } },
{ "type": "Feature", "properties": { "name": "Juno Park ville", "type": "School", "lon": 100.4418497, "lat": 13.7675724, "district_id": 44, "row": 387, "col": 236 }, "geometry": { "type": "Point", "coordinates": [ 100.4418497, 13.7675724 ] } },
{ "type": "Feature", "properties": { "name": "Pingu English", "type": "School", "lon": 100.441837, "lat": 13.7677309, "district_id": 44, "row": 387, "col": 236 }, "geometry": { "type": "Point", "coordinates": [ 100.441837, 13.7677309 ] } },
{ "type": "Feature", "properties": { "name": "Kidsmatter", "type": "School", "lon": 100.4418666, "lat": 13.7678688, "district_id": 44, "row": 386, "col": 236 }, "geometry": { "type": "Point", "coordinates": [ 100.4418666, 13.7678688 ] } },
{ "type": "Feature", "properties": { "name": "Yago House", "type": "School", "lon": 100.4426145, "lat": 13.7677051, "district_id": 44, "row": 387, "col": 237 }, "geometry": { "type": "Point", "coordinates": [ 100.4426145, 13.7677051 ] } },
{ "type": "Feature", "properties": { "name": "สถานีตำรวจนครบาลนิมิตใหม่", "type": "Police", "lon": 100.7484726, "lat": 13.9056089, "district_id": 21, "row": 157, "col": 747 }, "geometry": { "type": "Point", "coordinates": [ 100.7484726, 13.9056089 ] } },
{ "type": "Feature", "properties": { "name": "Bang Khae Nua School", "type": "School", "lon": 100.4124666, "lat": 13.7131704, "district_id": 3, "row": 478, "col": 187 }, "geometry": { "type": "Point", "coordinates": [ 100.4124666, 13.7131704 ] } },
{ "type": "Feature", "properties": { "name": "Pasanusorn Bangkae School", "type": "School", "lon": 100.4174344, "lat": 13.7128309, "district_id": 3, "row": 478, "col": 195 }, "geometry": { "type": "Point", "coordinates": [ 100.4174344, 13.7128309 ] } },
{ "type": "Feature", "properties": { "name": "Pasanusornbangkae Commercial Technological College", "type": "University", "lon": 100.4175095, "lat": 13.7128283, "district_id": 3, "row": 478, "col": 195 }, "geometry": { "type": "Point", "coordinates": [ 100.4175095, 13.7128283 ] } },
{ "type": "Feature", "properties": { "name": "Rachawinit Prathom Bangkae School", "type": "School", "lon": 100.4224367, "lat": 13.7161064, "district_id": 3, "row": 473, "col": 204 }, "geometry": { "type": "Point", "coordinates": [ 100.4224367, 13.7161064 ] } },
{ "type": "Feature", "properties": { "name": "คลิินิคแพทย์แผนไทยและการแพทย์ทางเลือก สาขา 1", "type": "Clinic", "lon": 100.4367486, "lat": 13.7798054, "district_id": 44, "row": 366, "col": 227 }, "geometry": { "type": "Point", "coordinates": [ 100.4367486, 13.7798054 ] } },
{ "type": "Feature", "properties": { "name": "โรงเรียนกันตทาราราม (สืบ-ลูกจันทร์ จึงประไพ)", "type": "School", "lon": 100.4784657, "lat": 13.7177813, "district_id": 46, "row": 470, "col": 297 }, "geometry": { "type": "Point", "coordinates": [ 100.4784657, 13.7177813 ] } },
{ "type": "Feature", "properties": { "name": "kid fun", "type": "School", "lon": 100.5510337, "lat": 13.838373, "district_id": 14, "row": 269, "col": 418 }, "geometry": { "type": "Point", "coordinates": [ 100.5510337, 13.838373 ] } },
{ "type": "Feature", "properties": { "name": "abcdschool", "type": "School", "lon": 100.5511156, "lat": 13.8383508, "district_id": 14, "row": 269, "col": 418 }, "geometry": { "type": "Point", "coordinates": [ 100.5511156, 13.8383508 ] } },
{ "type": "Feature", "properties": { "name": "(unnamed)", "type": "School", "lon": 100.5506193, "lat": 13.8376082, "district_id": 14, "row": 270, "col": 417 }, "geometry": { "type": "Point", "coordinates": [ 100.5506193, 13.8376082 ] } },
{ "type": "Feature", "properties": { "name": "Thai-Nichi Institute of Technology", "type": "School", "lon": 100.6290657, "lat": 13.73814, "district_id": 43, "row": 436, "col": 548 }, "geometry": { "type": "Point", "coordinates": [ 100.6290657, 13.73814 ] } },
{ "type": "Feature", "properties": { "name": "เบญจบริรักษ์เวช คลินิก", "type": "Clinic", "lon": 100.5449662, "lat": 13.7797968, "district_id": 32, "row": 367, "col": 408 }, "geometry": { "type": "Point", "coordinates": [ 100.5449662, 13.7797968 ] } },
{ "type": "Feature", "properties": { "name": "La Cherie Clinic", "type": "Clinic", "lon": 100.5450413, "lat": 13.7801225, "district_id": 32, "row": 366, "col": 408 }, "geometry": { "type": "Point", "coordinates": [ 100.5450413, 13.7801225 ] } },
{ "type": "Feature", "properties": { "name": "โรงเรียนวัดศาลากุล", "type": "School", "lon": 100.482289, "lat": 13.9070068, "district_id": 0, "row": 154, "col": 303 }, "geometry": { "type": "Point", "coordinates": [ 100.482289, 13.9070068 ] } },
{ "type": "Feature", "properties": { "name": "Tha-It Suksa School", "type": "School", "lon": 100.4783554, "lat": 13.8974421, "district_id": 0, "row": 170, "col": 297 }, "geometry": { "type": "Point", "coordinates": [ 100.4783554, 13.8974421 ] } },
{ "type": "Feature", "properties": { "name": "Faculty of Medicine", "type": "University", "lon": 100.5367485, "lat": 13.7337335, "district_id": 30, "row": 443, "col": 394 }, "geometry": { "type": "Point", "coordinates": [ 100.5367485, 13.7337335 ] } },
{ "type": "Feature", "properties": { "name": "charisma", "type": "Hospital", "lon": 100.5742113, "lat": 13.7280179, "district_id": 48, "row": 453, "col": 457 }, "geometry": { "type": "Point", "coordinates": [ 100.5742113, 13.7280179 ] } },
{ "type": "Feature", "properties": { "name": "children's daycare", "type": "School", "lon": 100.5742112, "lat": 13.7278291, "district_id": 48, "row": 453, "col": 457 }, "geometry": { "type": "Point", "coordinates": [ 100.5742112, 13.7278291 ] } },
{ "type": "Feature", "properties": { "name": "ศูนย์สุขภาพโรงพยาบาลชลประทาน", "type": "Clinic", "lon": 100.4971878, "lat": 13.9015685, "district_id": 0, "row": 164, "col": 328 }, "geometry": { "type": "Point", "coordinates": [ 100.4971878, 13.9015685 ] } },
{ "type": "Feature", "properties": { "name": "(unnamed)", "type": "School", "lon": 100.44096, "lat": 13.9554435, "district_id": 0, "row": 74, "col": 234 }, "geometry": { "type": "Point", "coordinates": [ 100.44096, 13.9554435 ] } },
{ "type": "Feature", "properties": { "name": "โรงเรียน อนุบาลธนินทร", "type": "School", "lon": 100.6082143, "lat": 13.9480177, "district_id": 17, "row": 86, "col": 513 }, "geometry": { "type": "Point", "coordinates": [ 100.6082143, 13.9480177 ] } },
{ "type": "Feature", "properties": { "name": "Yannawa Fire Station", "type": "Fire station", "lon": 100.5332412, "lat": 13.7052351, "district_id": 50, "row": 491, "col": 388 }, "geometry": { "type": "Point", "coordinates": [ 100.5332412, 13.7052351 ] } },
{ "type": "Feature", "properties": { "name": "(unnamed)", "type": "School", "lon": 100.4316265, "lat": 13.8801616, "district_id": 0, "row": 199, "col": 219 }, "geometry": { "type": "Point", "coordinates": [ 100.4316265, 13.8801616 ] } },
{ "type": "Feature", "properties": { "name": "Chaibhaet 25 Clinic", "type": "Clinic", "lon": 100.5490163, "lat": 13.7232677, "district_id": 42, "row": 461, "col": 415 }, "geometry": { "type": "Point", "coordinates": [ 100.5490163, 13.7232677 ] } },
{ "type": "Feature", "properties": { "name": "Kanjanapisek Wittayalai Nakhon Pathom School", "type": "School", "lon": 100.3196621, "lat": 13.8170926, "district_id": 0, "row": 304, "col": 32 }, "geometry": { "type": "Point", "coordinates": [ 100.3196621, 13.8170926 ] } },
{ "type": "Feature", "properties": { "name": "สถานีดับเพลิงตลิ่งชัน", "type": "Fire station", "lon": 100.3195279, "lat": 13.8178011, "district_id": 0, "row": 303, "col": 32 }, "geometry": { "type": "Point", "coordinates": [ 100.3195279, 13.8178011 ] } },
{ "type": "Feature", "properties": { "name": "Deja Hospital", "type": "Hospital", "lon": 100.5355632, "lat": 13.7568871, "district_id": 38, "row": 405, "col": 392 }, "geometry": { "type": "Point", "coordinates": [ 100.5355632, 13.7568871 ] } },
{ "type": "Feature", "properties": { "name": "Makalin Clinic", "type": "Clinic", "lon": 100.4961456, "lat": 13.763451, "district_id": 34, "row": 394, "col": 326 }, "geometry": { "type": "Point", "coordinates": [ 100.4961456, 13.763451 ] } },
{ "type": "Feature", "properties": { "name": "Mayo Hospital", "type": "Hospital", "lon": 100.5738973, "lat": 13.8354411, "district_id": 14, "row": 274, "col": 456 }, "geometry": { "type": "Point", "coordinates": [ 100.5738973, 13.8354411 ] } },
{ "type": "Feature", "properties": { "name": "รร.ชำนิเทคโนโลยี่", "type": "School", "lon": 100.6195052, "lat": 13.5797142, "district_id": 0, "row": 700, "col": 532 }, "geometry": { "type": "Point", "coordinates": [ 100.6195052, 13.5797142 ] } },
{ "type": "Feature", "properties": { "name": "รร.อุ่นอารีย์", "type": "School", "lon": 100.6130386, "lat": 13.5790801, "district_id": 0, "row": 701, "col": 521 }, "geometry": { "type": "Point", "coordinates": [ 100.6130386, 13.5790801 ] } },
{ "type": "Feature", "properties": { "name": "Suvarnabhumi Airport Fire Station", "type": "Fire station", "lon": 100.7524308, "lat": 13.6744544, "district_id": 0, "row": 542, "col": 754 }, "geometry": { "type": "Point", "coordinates": [ 100.7524308, 13.6744544 ] } },
{ "type": "Feature", "properties": { "name": "Assumption Convent", "type": "School", "lon": 100.5142688, "lat": 13.7227984, "district_id": 9, "row": 462, "col": 357 }, "geometry": { "type": "Point", "coordinates": [ 100.5142688, 13.7227984 ] } },
{ "type": "Feature", "properties": { "name": "โรงเรียนขุมทองวิทยา", "type": "School", "lon": 100.7198995, "lat": 13.887587, "district_id": 21, "row": 187, "col": 699 }, "geometry": { "type": "Point", "coordinates": [ 100.7198995, 13.887587 ] } },
{ "type": "Feature", "properties": { "name": "วิทยาลัยบริหารธุรกิจและการท่องเที่ยว", "type": "University", "lon": 100.7085051, "lat": 13.8637421, "district_id": 21, "row": 227, "col": 680 }, "geometry": { "type": "Point", "coordinates": [ 100.7085051, 13.8637421 ] } },
{ "type": "Feature", "properties": { "name": "โรงพยาบาลเวชการุณย์รัศมิ์", "type": "Hospital", "lon": 100.8590001, "lat": 13.8565652, "district_id": 28, "row": 239, "col": 931 }, "geometry": { "type": "Point", "coordinates": [ 100.8590001, 13.8565652 ] } },
{ "type": "Feature", "properties": { "name": "โรงพยาบาล นวมินทร์ 9", "type": "Hospital", "lon": 100.7239005, "lat": 13.8112938, "district_id": 27, "row": 314, "col": 706 }, "geometry": { "type": "Point", "coordinates": [ 100.7239005, 13.8112938 ] } },
{ "type": "Feature", "properties": { "name": "สถานีตำรวจนครบาลมีนบุรี", "type": "Police", "lon": 100.7349252, "lat": 13.8154713, "district_id": 27, "row": 307, "col": 724 }, "geometry": { "type": "Point", "coordinates": [ 100.7349252, 13.8154713 ] } },
{ "type": "Feature", "properties": { "name": "(unnamed)", "type": "Police", "lon": 100.4461808, "lat": 13.7805141, "district_id": 44, "row": 365, "col": 243 }, "geometry": { "type": "Point", "coordinates": [ 100.4461808, 13.7805141 ] } },
{ "type": "Feature", "properties": { "name": "Pathum Wan Police Station", "type": "Police", "lon": 100.5254325, "lat": 13.742169, "district_id": 30, "row": 429, "col": 375 }, "geometry": { "type": "Point", "coordinates": [ 100.5254325, 13.742169 ] } },
{ "type": "Feature", "properties": { "name": "Tourist Police", "type": "Police", "lon": 100.5284292, "lat": 13.7445577, "district_id": 30, "row": 425, "col": 380 }, "geometry": { "type": "Point", "coordinates": [ 100.5284292, 13.7445577 ] } },
{ "type": "Feature", "properties": { "name": "Siam Singapore International School", "type": "School", "lon": 100.5278801, "lat": 13.7553477, "district_id": 38, "row": 407, "col": 379 }, "geometry": { "type": "Point", "coordinates": [ 100.5278801, 13.7553477 ] } },
{ "type": "Feature", "properties": { "name": "จุดร่วม​ปฎิบัติ​แก้​ไขปัญหา​การจราจร​ถนนสายหลัก​ สน.ลุมพินี", "type": "Police", "lon": 100.5504357, "lat": 13.7428942, "district_id": 30, "row": 428, "col": 417 }, "geometry": { "type": "Point", "coordinates": [ 100.5504357, 13.7428942 ] } },
{ "type": "Feature", "properties": { "name": "Krai Amnuai Witthaya School", "type": "School", "lon": 100.5570029, "lat": 13.8934432, "district_id": 24, "row": 177, "col": 428 }, "geometry": { "type": "Point", "coordinates": [ 100.5570029, 13.8934432 ] } },
{ "type": "Feature", "properties": { "name": "Suraonatub School", "type": "School", "lon": 100.8162885, "lat": 13.8260824, "district_id": 28, "row": 289, "col": 860 }, "geometry": { "type": "Point", "coordinates": [ 100.8162885, 13.8260824 ] } },
{ "type": "Feature", "properties": { "name": "โรงเรียน อัลนะฮ์ฎ่อตุ้ลอิสลามียะห์", "type": "School", "lon": 100.8089379, "lat": 13.8841959, "district_id": 28, "row": 193, "col": 848 }, "geometry": { "type": "Point", "coordinates": [ 100.8089379, 13.8841959 ] } },
{ "type": "Feature", "properties": { "name": "โรงเรียนลำเจดีย์", "type": "School", "lon": 100.8200876, "lat": 13.8782912, "district_id": 28, "row": 202, "col": 866 }, "geometry": { "type": "Point", "coordinates": [ 100.8200876, 13.8782912 ] } },
{ "type": "Feature", "properties": { "name": "โรงเรียนวัดสามง่าม", "type": "School", "lon": 100.8071391, "lat": 13.8884524, "district_id": 28, "row": 185, "col": 845 }, "geometry": { "type": "Point", "coordinates": [ 100.8071391, 13.8884524 ] } },
{ "type": "Feature", "properties": { "name": "Ban Wat Daeng Subdistrict Health Promoting Hospital", "type": "Clinic", "lon": 100.4807163, "lat": 13.8875764, "district_id": 0, "row": 187, "col": 301 }, "geometry": { "type": "Point", "coordinates": [ 100.4807163, 13.8875764 ] } },
{ "type": "Feature", "properties": { "name": "Duangvipa School", "type": "School", "lon": 100.4448794, "lat": 13.6833184, "district_id": 1, "row": 527, "col": 241 }, "geometry": { "type": "Point", "coordinates": [ 100.4448794, 13.6833184 ] } },
{ "type": "Feature", "properties": { "name": "Wichaiwithaya School", "type": "School", "lon": 100.4354327, "lat": 13.676735, "district_id": 1, "row": 538, "col": 225 }, "geometry": { "type": "Point", "coordinates": [ 100.4354327, 13.676735 ] } },
{ "type": "Feature", "properties": { "name": "Nakornthon Hospital", "type": "Hospital", "lon": 100.4343189, "lat": 13.6606056, "district_id": 6, "row": 565, "col": 223 }, "geometry": { "type": "Point", "coordinates": [ 100.4343189, 13.6606056 ] } },
{ "type": "Feature", "properties": { "name": "วังทอง", "type": "School", "lon": 100.6596613, "lat": 13.9883127, "district_id": 0, "row": 19, "col": 599 }, "geometry": { "type": "Point", "coordinates": [ 100.6596613, 13.9883127 ] } },
{ "type": "Feature", "properties": { "name": "ชลลดา คลินิก", "type": "Clinic", "lon": 100.4242509, "lat": 13.655617, "district_id": 6, "row": 573, "col": 207 }, "geometry": { "type": "Point", "coordinates": [ 100.4242509, 13.655617 ] } },
{ "type": "Feature", "properties": { "name": "โรงเรียนสุพิชญา", "type": "School", "lon": 100.4220991, "lat": 13.6574786, "district_id": 6, "row": 570, "col": 203 }, "geometry": { "type": "Point", "coordinates": [ 100.4220991, 13.6574786 ] } },
{ "type": "Feature", "properties": { "name": "บางบอนคลินิกเวชกรรม", "type": "Clinic", "lon": 100.4285708, "lat": 13.6752689, "district_id": 1, "row": 541, "col": 214 }, "geometry": { "type": "Point", "coordinates": [ 100.4285708, 13.6752689 ] } },
{ "type": "Feature", "properties": { "name": "พระรามเอกเวชการ", "type": "Clinic", "lon": 100.4292606, "lat": 13.6611241, "district_id": 6, "row": 564, "col": 215 }, "geometry": { "type": "Point", "coordinates": [ 100.4292606, 13.6611241 ] } },
{ "type": "Feature", "properties": { "name": "Wat Nuan Noradis School;Watnuannoradit School", "type": "School", "lon": 100.4668454, "lat": 13.723874, "district_id": 31, "row": 460, "col": 278 }, "geometry": { "type": "Point", "coordinates": [ 100.4668454, 13.723874 ] } },
{ "type": "Feature", "properties": { "name": "(unnamed)", "type": "School", "lon": 100.7281916, "lat": 13.7830382, "district_id": 27, "row": 361, "col": 713 }, "geometry": { "type": "Point", "coordinates": [ 100.7281916, 13.7830382 ] } },
{ "type": "Feature", "properties": { "name": "Peing Public School", "type": "School", "lon": 100.5070383, "lat": 13.7392764, "district_id": 40, "row": 434, "col": 345 }, "geometry": { "type": "Point", "coordinates": [ 100.5070383, 13.7392764 ] } },
{ "type": "Feature", "properties": { "name": "โรงเรียนวัดบางบอน", "type": "School", "lon": 100.3798153, "lat": 13.6419107, "district_id": 1, "row": 596, "col": 133 }, "geometry": { "type": "Point", "coordinates": [ 100.3798153, 13.6419107 ] } },
{ "type": "Feature", "properties": { "name": "Preecha Aesthetic Institute", "type": "Clinic", "lon": 100.5839248, "lat": 13.7373734, "district_id": 48, "row": 437, "col": 473 }, "geometry": { "type": "Point", "coordinates": [ 100.5839248, 13.7373734 ] } },
{ "type": "Feature", "properties": { "name": "Thai Language Hut School", "type": "School", "lon": 100.5727604, "lat": 13.7301371, "district_id": 48, "row": 449, "col": 454 }, "geometry": { "type": "Point", "coordinates": [ 100.5727604, 13.7301371 ] } },
{ "type": "Feature", "properties": { "name": "Sarasas Witaed Bangbon School", "type": "School", "lon": 100.3839094, "lat": 13.6607061, "district_id": 1, "row": 565, "col": 139 }, "geometry": { "type": "Point", "coordinates": [ 100.3839094, 13.6607061 ] } },
{ "type": "Feature", "properties": { "name": "ศูนย์การเรียนรู้ชุมชนหมู่บ้านบางไผ่", "type": "School", "lon": 100.3866441, "lat": 13.6628143, "district_id": 1, "row": 561, "col": 144 }, "geometry": { "type": "Point", "coordinates": [ 100.3866441, 13.6628143 ] } },
{ "type": "Feature", "properties": { "name": "Superstar Academy", "type": "School", "lon": 100.5846469, "lat": 13.739562, "district_id": 48, "row": 434, "col": 474 }, "geometry": { "type": "Point", "coordinates": [ 100.5846469, 13.739562 ] } },
{ "type": "Feature", "properties": { "name": "คลีนิคอบอุ่น", "type": "Clinic", "lon": 100.5289763, "lat": 13.7057316, "district_id": 50, "row": 490, "col": 381 }, "geometry": { "type": "Point", "coordinates": [ 100.5289763, 13.7057316 ] } },
{ "type": "Feature", "properties": { "name": "Dentalista Dental Clinic", "type": "Clinic", "lon": 100.5932796, "lat": 13.7143701, "district_id": 48, "row": 476, "col": 488 }, "geometry": { "type": "Point", "coordinates": [ 100.5932796, 13.7143701 ] } },
{ "type": "Feature", "properties": { "name": "The Diva Clinic", "type": "Clinic", "lon": 100.5933358, "lat": 13.7144496, "district_id": 48, "row": 475, "col": 488 }, "geometry": { "type": "Point", "coordinates": [ 100.5933358, 13.7144496 ] } },
{ "type": "Feature", "properties": { "name": "Bangplee Hospital", "type": "Hospital", "lon": 100.7062821, "lat": 13.6040462, "district_id": 0, "row": 659, "col": 677 }, "geometry": { "type": "Point", "coordinates": [ 100.7062821, 13.6040462 ] } },
{ "type": "Feature", "properties": { "name": "Bangkok Smile Dental Clinic", "type": "Clinic", "lon": 100.5620531, "lat": 13.7406956, "district_id": 48, "row": 432, "col": 436 }, "geometry": { "type": "Point", "coordinates": [ 100.5620531, 13.7406956 ] } },
{ "type": "Feature", "properties": { "name": "พี. เอ็ม คลินิก", "type": "Clinic", "lon": 100.3950475, "lat": 13.7094173, "district_id": 3, "row": 484, "col": 158 }, "geometry": { "type": "Point", "coordinates": [ 100.3950475, 13.7094173 ] } },
{ "type": "Feature", "properties": { "name": "ศูนย์แพมย์อรุณอัมรินทร์", "type": "Clinic", "lon": 100.39348, "lat": 13.7092964, "district_id": 3, "row": 484, "col": 155 }, "geometry": { "type": "Point", "coordinates": [ 100.39348, 13.7092964 ] } },
{ "type": "Feature", "properties": { "name": "โรงเรียนอำนวยศิลป์ธนบุรี", "type": "School", "lon": 100.3927801, "lat": 13.7090864, "district_id": 3, "row": 484, "col": 154 }, "geometry": { "type": "Point", "coordinates": [ 100.3927801, 13.7090864 ] } },
{ "type": "Feature", "properties": { "name": "โรงเรียนวัดเกาะ", "type": "School", "lon": 100.4562692, "lat": 13.7425327, "district_id": 44, "row": 429, "col": 260 }, "geometry": { "type": "Point", "coordinates": [ 100.4562692, 13.7425327 ] } },
{ "type": "Feature", "properties": { "name": "โรงเรียน เพชรเกษม (จตุรงค์สงครามอนุสรณ์)", "type": "School", "lon": 100.3845728, "lat": 13.7047204, "district_id": 3, "row": 492, "col": 140 }, "geometry": { "type": "Point", "coordinates": [ 100.3845728, 13.7047204 ] } },
{ "type": "Feature", "properties": { "name": "โรงเรียนอนุบาลวัดพิชัยสงคราม", "type": "School", "lon": 100.5972249, "lat": 13.5959795, "district_id": 0, "row": 673, "col": 495 }, "geometry": { "type": "Point", "coordinates": [ 100.5972249, 13.5959795 ] } },
{ "type": "Feature", "properties": { "name": "สถานีตำรวจจังหวัดสมุทรปราการ", "type": "Police", "lon": 100.5974014, "lat": 13.5975817, "district_id": 0, "row": 670, "col": 495 }, "geometry": { "type": "Point", "coordinates": [ 100.5974014, 13.5975817 ] } },
{ "type": "Feature", "properties": { "name": "โรงเรียนวัดไตรมิตร", "type": "School", "lon": 100.5785571, "lat": 13.5817268, "district_id": 0, "row": 697, "col": 464 }, "geometry": { "type": "Point", "coordinates": [ 100.5785571, 13.5817268 ] } },
{ "type": "Feature", "properties": { "name": "Anuban Phrasamutchedee School", "type": "School", "lon": 100.5855413, "lat": 13.5996397, "district_id": 0, "row": 667, "col": 475 }, "geometry": { "type": "Point", "coordinates": [ 100.5855413, 13.5996397 ] } },
{ "type": "Feature", "properties": { "name": "รร.สุเหร่าคู้วิทยา", "type": "School", "lon": 100.8066726, "lat": 13.8517371, "district_id": 28, "row": 247, "col": 844 }, "geometry": { "type": "Point", "coordinates": [ 100.8066726, 13.8517371 ] } },
{ "type": "Feature", "properties": { "name": "Check point", "type": "Police", "lon": 100.8073682, "lat": 13.8543937, "district_id": 28, "row": 242, "col": 845 }, "geometry": { "type": "Point", "coordinates": [ 100.8073682, 13.8543937 ] } },
{ "type": "Feature", "properties": { "name": "(unnamed)", "type": "Fire station", "lon": 100.5108534, "lat": 13.7480482, "district_id": 35, "row": 419, "col": 351 }, "geometry": { "type": "Point", "coordinates": [ 100.5108534, 13.7480482 ] } },
{ "type": "Feature", "properties": { "name": "Phra Nakhon Polytechnic College", "type": "University", "lon": 100.5714559, "lat": 13.778306, "district_id": 16, "row": 369, "col": 452 }, "geometry": { "type": "Point", "coordinates": [ 100.5714559, 13.778306 ] } },
{ "type": "Feature", "properties": { "name": "Anglo Singapore International School", "type": "School", "lon": 100.5701741, "lat": 13.743885, "district_id": 48, "row": 426, "col": 450 }, "geometry": { "type": "Point", "coordinates": [ 100.5701741, 13.743885 ] } },
{ "type": "Feature", "properties": { "name": "Modern International School, Bangkok", "type": "School", "lon": 100.5719022, "lat": 13.7446383, "district_id": 48, "row": 425, "col": 453 }, "geometry": { "type": "Point", "coordinates": [ 100.5719022, 13.7446383 ] } },
{ "type": "Feature", "properties": { "name": "Anubannonthaburi School", "type": "School", "lon": 100.4927854, "lat": 13.8413842, "district_id": 0, "row": 264, "col": 321 }, "geometry": { "type": "Point", "coordinates": [ 100.4927854, 13.8413842 ] } },
{ "type": "Feature", "properties": { "name": "W Ploenchit Wellness Center", "type": "Clinic", "lon": 100.5515863, "lat": 13.7414184, "district_id": 23, "row": 430, "col": 419 }, "geometry": { "type": "Point", "coordinates": [ 100.5515863, 13.7414184 ] } },
{ "type": "Feature", "properties": { "name": "Baanchao Yoga", "type": "School", "lon": 100.4947978, "lat": 13.7632303, "district_id": 34, "row": 394, "col": 324 }, "geometry": { "type": "Point", "coordinates": [ 100.4947978, 13.7632303 ] } },
{ "type": "Feature", "properties": { "name": "(unnamed)", "type": "Clinic", "lon": 100.4995648, "lat": 13.7575354, "district_id": 34, "row": 404, "col": 332 }, "geometry": { "type": "Point", "coordinates": [ 100.4995648, 13.7575354 ] } },
{ "type": "Feature", "properties": { "name": "Golden Years Hospital", "type": "Clinic", "lon": 100.5773912, "lat": 13.7896146, "district_id": 19, "row": 350, "col": 462 }, "geometry": { "type": "Point", "coordinates": [ 100.5773912, 13.7896146 ] } },
{ "type": "Feature", "properties": { "name": "Romrawin", "type": "Clinic", "lon": 100.5697083, "lat": 13.730256, "district_id": 48, "row": 449, "col": 449 }, "geometry": { "type": "Point", "coordinates": [ 100.5697083, 13.730256 ] } },
{ "type": "Feature", "properties": { "name": "Meko Clinic Future Park Rangsit", "type": "Clinic", "lon": 100.6185499, "lat": 13.9878989, "district_id": 0, "row": 20, "col": 530 }, "geometry": { "type": "Point", "coordinates": [ 100.6185499, 13.9878989 ] } },
{ "type": "Feature", "properties": { "name": "Meko Clinic, CentralWorld Branch", "type": "Clinic", "lon": 100.5397425, "lat": 13.7475601, "district_id": 30, "row": 420, "col": 399 }, "geometry": { "type": "Point", "coordinates": [ 100.5397425, 13.7475601 ] } },
{ "type": "Feature", "properties": { "name": "โรงเรียนนวมินทราชินูทิศ สตรีวิทยา 2", "type": "School", "lon": 100.7412907, "lat": 13.9023452, "district_id": 21, "row": 162, "col": 735 }, "geometry": { "type": "Point", "coordinates": [ 100.7412907, 13.9023452 ] } },
{ "type": "Feature", "properties": { "name": "โรงเรียนวัดศรีสุขสถาพร", "type": "School", "lon": 100.7912403, "lat": 13.918632, "district_id": 21, "row": 135, "col": 818 }, "geometry": { "type": "Point", "coordinates": [ 100.7912403, 13.918632 ] } },
{ "type": "Feature", "properties": { "name": "สน.ลำหิน", "type": "Police", "lon": 100.82455, "lat": 13.894018, "district_id": 28, "row": 176, "col": 874 }, "geometry": { "type": "Point", "coordinates": [ 100.82455, 13.894018 ] } },
{ "type": "Feature", "properties": { "name": "โรงเรียนศึกษาสมบูรณ์อนุสรณ์", "type": "School", "lon": 100.3699402, "lat": 13.7070702, "district_id": 29, "row": 488, "col": 116 }, "geometry": { "type": "Point", "coordinates": [ 100.3699402, 13.7070702 ] } },
{ "type": "Feature", "properties": { "name": "ศูนย์เด็กเล็กหทัยรัก", "type": "School", "lon": 100.36296, "lat": 13.7185677, "district_id": 29, "row": 469, "col": 104 }, "geometry": { "type": "Point", "coordinates": [ 100.36296, 13.7185677 ] } },
{ "type": "Feature", "properties": { "name": "(unnamed)", "type": "School", "lon": 100.5401594, "lat": 13.8139275, "district_id": 10, "row": 310, "col": 400 }, "geometry": { "type": "Point", "coordinates": [ 100.5401594, 13.8139275 ] } },
{ "type": "Feature", "properties": { "name": "Suvarnabhumi Airport Junction Police Box", "type": "Police", "lon": 100.7764145, "lat": 13.721638, "district_id": 25, "row": 463, "col": 794 }, "geometry": { "type": "Point", "coordinates": [ 100.7764145, 13.721638 ] } },
{ "type": "Feature", "properties": { "name": "(unnamed)", "type": "Hospital", "lon": 100.4791146, "lat": 13.9148063, "district_id": 0, "row": 141, "col": 298 }, "geometry": { "type": "Point", "coordinates": [ 100.4791146, 13.9148063 ] } },
{ "type": "Feature", "properties": { "name": "Chutaporn Kindergarten", "type": "School", "lon": 100.5694659, "lat": 13.7453904, "district_id": 48, "row": 424, "col": 449 }, "geometry": { "type": "Point", "coordinates": [ 100.5694659, 13.7453904 ] } },
{ "type": "Feature", "properties": { "name": "(unnamed)", "type": "School", "lon": 100.5722726, "lat": 13.7115154, "district_id": 23, "row": 480, "col": 453 }, "geometry": { "type": "Point", "coordinates": [ 100.5722726, 13.7115154 ] } },
{ "type": "Feature", "properties": { "name": "Bang Kruai Hospital", "type": "Hospital", "lon": 100.4722226, "lat": 13.8050132, "district_id": 0, "row": 324, "col": 287 }, "geometry": { "type": "Point", "coordinates": [ 100.4722226, 13.8050132 ] } },
{ "type": "Feature", "properties": { "name": "โรงเรียนมัธยมนาคนาวาอุปถัมภ์", "type": "School", "lon": 100.6134221, "lat": 13.7325921, "district_id": 43, "row": 445, "col": 522 }, "geometry": { "type": "Point", "coordinates": [ 100.6134221, 13.7325921 ] } },
{ "type": "Feature", "properties": { "name": "เนอร์สเซอรี่ เพียงเพ็ญ", "type": "School", "lon": 100.3624827, "lat": 13.7062687, "district_id": 29, "row": 489, "col": 104 }, "geometry": { "type": "Point", "coordinates": [ 100.3624827, 13.7062687 ] } },
{ "type": "Feature", "properties": { "name": "Watpakbor School", "type": "School", "lon": 100.63156, "lat": 13.7140577, "district_id": 43, "row": 476, "col": 552 }, "geometry": { "type": "Point", "coordinates": [ 100.63156, 13.7140577 ] } },
{ "type": "Feature", "properties": { "name": "โรงเรียนวัดทองใน", "type": "School", "lon": 100.622566, "lat": 13.7118977, "district_id": 43, "row": 480, "col": 537 }, "geometry": { "type": "Point", "coordinates": [ 100.622566, 13.7118977 ] } },
{ "type": "Feature", "properties": { "name": "โรงพยาบาลสิรินธร", "type": "Hospital", "lon": 100.7065976, "lat": 13.7176626, "district_id": 36, "row": 470, "col": 677 }, "geometry": { "type": "Point", "coordinates": [ 100.7065976, 13.7176626 ] } },
{ "type": "Feature", "properties": { "name": "IBS 3 Nimitmai", "type": "School", "lon": 100.7445546, "lat": 13.8214295, "district_id": 27, "row": 297, "col": 740 }, "geometry": { "type": "Point", "coordinates": [ 100.7445546, 13.8214295 ] } },
{ "type": "Feature", "properties": { "name": "โรงเรียนนาคนาวาอุปถัมภ์", "type": "School", "lon": 100.613182, "lat": 13.730941, "district_id": 43, "row": 448, "col": 521 }, "geometry": { "type": "Point", "coordinates": [ 100.613182, 13.730941 ] } },
{ "type": "Feature", "properties": { "name": "Pop Up Music School", "type": "School", "lon": 100.406648, "lat": 13.688399, "district_id": 3, "row": 519, "col": 177 }, "geometry": { "type": "Point", "coordinates": [ 100.406648, 13.688399 ] } },
{ "type": "Feature", "properties": { "name": "Interkid Billingual School 3", "type": "School", "lon": 100.7453902, "lat": 13.8236871, "district_id": 27, "row": 293, "col": 742 }, "geometry": { "type": "Point", "coordinates": [ 100.7453902, 13.8236871 ] } },
{ "type": "Feature", "properties": { "name": "โรงเรียนวัดรางบัว", "type": "School", "lon": 100.4396354, "lat": 13.7114056, "district_id": 31, "row": 480, "col": 232 }, "geometry": { "type": "Point", "coordinates": [ 100.4396354, 13.7114056 ] } },
{ "type": "Feature", "properties": { "name": "(unnamed)", "type": "School", "lon": 100.4354113, "lat": 13.6941125, "district_id": 31, "row": 509, "col": 225 }, "geometry": { "type": "Point", "coordinates": [ 100.4354113, 13.6941125 ] } },
{ "type": "Feature", "properties": { "name": "โรงดรียน", "type": "School", "lon": 100.4975308, "lat": 13.8739073, "district_id": 0, "row": 210, "col": 329 }, "geometry": { "type": "Point", "coordinates": [ 100.4975308, 13.8739073 ] } },
{ "type": "Feature", "properties": { "name": "GoodWill Foundation", "type": "School", "lon": 100.5603155, "lat": 13.7392528, "district_id": 48, "row": 434, "col": 433 }, "geometry": { "type": "Point", "coordinates": [ 100.5603155, 13.7392528 ] } },
{ "type": "Feature", "properties": { "name": "travel clinic", "type": "Clinic", "lon": 100.5335416, "lat": 13.7661784, "district_id": 38, "row": 389, "col": 389 }, "geometry": { "type": "Point", "coordinates": [ 100.5335416, 13.7661784 ] } },
{ "type": "Feature", "properties": { "name": "โรงเรียนมัธยมสาธิตวัดพระศรีมหาธาตุ", "type": "School", "lon": 100.5940693, "lat": 13.876353, "district_id": 4, "row": 206, "col": 490 }, "geometry": { "type": "Point", "coordinates": [ 100.5940693, 13.876353 ] } },
{ "type": "Feature", "properties": { "name": "(unnamed)", "type": "Hospital", "lon": 100.4425584, "lat": 13.6620372, "district_id": 6, "row": 563, "col": 237 }, "geometry": { "type": "Point", "coordinates": [ 100.4425584, 13.6620372 ] } },
{ "type": "Feature", "properties": { "name": "(unnamed)", "type": "Hospital", "lon": 100.3988259, "lat": 13.7108224, "district_id": 3, "row": 481, "col": 164 }, "geometry": { "type": "Point", "coordinates": [ 100.3988259, 13.7108224 ] } },
{ "type": "Feature", "properties": { "name": "MORU Epidemiology", "type": "School", "lon": 100.5341009, "lat": 13.7649047, "district_id": 38, "row": 391, "col": 390 }, "geometry": { "type": "Point", "coordinates": [ 100.5341009, 13.7649047 ] } },
{ "type": "Feature", "properties": { "name": "Satit Prasarnmit School International Programme", "type": "School", "lon": 100.5649756, "lat": 13.7451843, "district_id": 48, "row": 424, "col": 441 }, "geometry": { "type": "Point", "coordinates": [ 100.5649756, 13.7451843 ] } },
{ "type": "Feature", "properties": { "name": "SWU Demonstration school (Secondary)", "type": "School", "lon": 100.5656556, "lat": 13.7428628, "district_id": 48, "row": 428, "col": 442 }, "geometry": { "type": "Point", "coordinates": [ 100.5656556, 13.7428628 ] } },
{ "type": "Feature", "properties": { "name": "Prawet Police Station", "type": "Police", "lon": 100.6980625, "lat": 13.7244404, "district_id": 36, "row": 459, "col": 663 }, "geometry": { "type": "Point", "coordinates": [ 100.6980625, 13.7244404 ] } },
{ "type": "Feature", "properties": { "name": "Bangkok Health Center", "type": "Clinic", "lon": 100.5056972, "lat": 13.7397082, "district_id": 40, "row": 433, "col": 342 }, "geometry": { "type": "Point", "coordinates": [ 100.5056972, 13.7397082 ] } },
{ "type": "Feature", "properties": { "name": "Napassaree Clinic", "type": "Clinic", "lon": 100.6022497, "lat": 13.7040215, "district_id": 33, "row": 493, "col": 503 }, "geometry": { "type": "Point", "coordinates": [ 100.6022497, 13.7040215 ] } },
{ "type": "Feature", "properties": { "name": "At Ease Massage", "type": "Clinic", "lon": 100.571133, "lat": 13.7324666, "district_id": 48, "row": 445, "col": 451 }, "geometry": { "type": "Point", "coordinates": [ 100.571133, 13.7324666 ] } },
{ "type": "Feature", "properties": { "name": "Bear Hug", "type": "Clinic", "lon": 100.5685916, "lat": 13.7327548, "district_id": 48, "row": 445, "col": 447 }, "geometry": { "type": "Point", "coordinates": [ 100.5685916, 13.7327548 ] } },
{ "type": "Feature", "properties": { "name": "Ease", "type": "Clinic", "lon": 100.5682763, "lat": 13.7322032, "district_id": 48, "row": 446, "col": 447 }, "geometry": { "type": "Point", "coordinates": [ 100.5682763, 13.7322032 ] } },
{ "type": "Feature", "properties": { "name": "Urban Retreat", "type": "Clinic", "lon": 100.568482, "lat": 13.7315088, "district_id": 48, "row": 447, "col": 447 }, "geometry": { "type": "Point", "coordinates": [ 100.568482, 13.7315088 ] } },
{ "type": "Feature", "properties": { "name": "Ivy Bound International School", "type": "School", "lon": 100.5712125, "lat": 13.7361459, "district_id": 48, "row": 439, "col": 452 }, "geometry": { "type": "Point", "coordinates": [ 100.5712125, 13.7361459 ] } },
{ "type": "Feature", "properties": { "name": "Thai Dream Tree", "type": "School", "lon": 100.5719482, "lat": 13.7339797, "district_id": 48, "row": 443, "col": 453 }, "geometry": { "type": "Point", "coordinates": [ 100.5719482, 13.7339797 ] } },
{ "type": "Feature", "properties": { "name": "KiddyKare International Kindergarten", "type": "School", "lon": 100.5713836, "lat": 13.7242847, "district_id": 23, "row": 459, "col": 452 }, "geometry": { "type": "Point", "coordinates": [ 100.5713836, 13.7242847 ] } },
{ "type": "Feature", "properties": { "name": "Vanessa Sukhumvit School", "type": "School", "lon": 100.5708455, "lat": 13.7237782, "district_id": 23, "row": 460, "col": 451 }, "geometry": { "type": "Point", "coordinates": [ 100.5708455, 13.7237782 ] } },
{ "type": "Feature", "properties": { "name": "บางปะกอก", "type": "Police", "lon": 100.5003018, "lat": 13.6767886, "district_id": 37, "row": 538, "col": 333 }, "geometry": { "type": "Point", "coordinates": [ 100.5003018, 13.6767886 ] } },
{ "type": "Feature", "properties": { "name": "Wat That Thong School", "type": "School", "lon": 100.5863688, "lat": 13.7192476, "district_id": 48, "row": 467, "col": 477 }, "geometry": { "type": "Point", "coordinates": [ 100.5863688, 13.7192476 ] } },
{ "type": "Feature", "properties": { "name": "Spa", "type": "Clinic", "lon": 100.600816, "lat": 13.7126772, "district_id": 48, "row": 478, "col": 501 }, "geometry": { "type": "Point", "coordinates": [ 100.600816, 13.7126772 ] } },
{ "type": "Feature", "properties": { "name": "Hot Stone Spa", "type": "Clinic", "lon": 100.5568279, "lat": 13.7444005, "district_id": 48, "row": 425, "col": 428 }, "geometry": { "type": "Point", "coordinates": [ 100.5568279, 13.7444005 ] } },
{ "type": "Feature", "properties": { "name": "Crystal spa", "type": "Clinic", "lon": 100.5916294, "lat": 13.7150488, "district_id": 48, "row": 474, "col": 486 }, "geometry": { "type": "Point", "coordinates": [ 100.5916294, 13.7150488 ] } },
{ "type": "Feature", "properties": { "name": "ใบแก้วคลินิก", "type": "Clinic", "lon": 100.3506528, "lat": 13.7057755, "district_id": 29, "row": 490, "col": 84 }, "geometry": { "type": "Point", "coordinates": [ 100.3506528, 13.7057755 ] } },
{ "type": "Feature", "properties": { "name": "โรงเรียนเลิศหล้าถนนเพชรเกษม", "type": "School", "lon": 100.3581546, "lat": 13.703231, "district_id": 29, "row": 494, "col": 96 }, "geometry": { "type": "Point", "coordinates": [ 100.3581546, 13.703231 ] } },
{ "type": "Feature", "properties": { "name": "โรงพยาบาลชุมชน นาควัชระอุทิศ", "type": "Hospital", "lon": 100.3702392, "lat": 13.6901194, "district_id": 29, "row": 516, "col": 117 }, "geometry": { "type": "Point", "coordinates": [ 100.3702392, 13.6901194 ] } },
{ "type": "Feature", "properties": { "name": "คลินิคเด็ก", "type": "Clinic", "lon": 100.3797369, "lat": 13.6927476, "district_id": 29, "row": 512, "col": 132 }, "geometry": { "type": "Point", "coordinates": [ 100.3797369, 13.6927476 ] } },
{ "type": "Feature", "properties": { "name": "บ้านขยันเรียน", "type": "School", "lon": 100.3784865, "lat": 13.6922966, "district_id": 29, "row": 512, "col": 130 }, "geometry": { "type": "Point", "coordinates": [ 100.3784865, 13.6922966 ] } },
{ "type": "Feature", "properties": { "name": "วันวิเชียรสหคลินิก", "type": "Clinic", "lon": 100.3780735, "lat": 13.6921533, "district_id": 29, "row": 513, "col": 130 }, "geometry": { "type": "Point", "coordinates": [ 100.3780735, 13.6921533 ] } },
{ "type": "Feature", "properties": { "name": "โรงเรียนประชาบำรุง", "type": "School", "lon": 100.3637162, "lat": 13.6870384, "district_id": 29, "row": 521, "col": 106 }, "geometry": { "type": "Point", "coordinates": [ 100.3637162, 13.6870384 ] } },
{ "type": "Feature", "properties": { "name": "โรงเรียนวัดใหม่หนองพะอง (ทับทองวิทยาธาร)", "type": "School", "lon": 100.3223606, "lat": 13.6739448, "district_id": 0, "row": 543, "col": 37 }, "geometry": { "type": "Point", "coordinates": [ 100.3223606, 13.6739448 ] } },
{ "type": "Feature", "properties": { "name": "แพทย์สวนหลวงคลินิกเวชกรรม", "type": "Clinic", "lon": 100.3259059, "lat": 13.6761815, "district_id": 0, "row": 539, "col": 43 }, "geometry": { "type": "Point", "coordinates": [ 100.3259059, 13.6761815 ] } },
{ "type": "Feature", "properties": { "name": "เทคโนโลยีเอเชีย บริหารธุรกิจ", "type": "University", "lon": 100.3420456, "lat": 13.6800389, "district_id": 29, "row": 533, "col": 70 }, "geometry": { "type": "Point", "coordinates": [ 100.3420456, 13.6800389 ] } },
{ "type": "Feature", "properties": { "name": "โรงเรียนจันทศิริวิทยา", "type": "School", "lon": 100.3430729, "lat": 13.6803491, "district_id": 29, "row": 532, "col": 71 }, "geometry": { "type": "Point", "coordinates": [ 100.3430729, 13.6803491 ] } },
{ "type": "Feature", "properties": { "name": "กวดวิชาแอปโซลูทวัน", "type": "School", "lon": 100.3427214, "lat": 13.6871955, "district_id": 29, "row": 521, "col": 71 }, "geometry": { "type": "Point", "coordinates": [ 100.3427214, 13.6871955 ] } },
{ "type": "Feature", "properties": { "name": "โรงเรียนอนุบาลเสริมปัญญาพุดตาน", "type": "School", "lon": 100.3405052, "lat": 13.6884798, "district_id": 29, "row": 519, "col": 67 }, "geometry": { "type": "Point", "coordinates": [ 100.3405052, 13.6884798 ] } },
{ "type": "Feature", "properties": { "name": "เพชรเกษม 81 คลินิกเวชกรรม", "type": "Clinic", "lon": 100.3405595, "lat": 13.6997526, "district_id": 29, "row": 500, "col": 67 }, "geometry": { "type": "Point", "coordinates": [ 100.3405595, 13.6997526 ] } },
{ "type": "Feature", "properties": { "name": "โรงเรียนอัษฎางค์การบริบาล", "type": "School", "lon": 100.3404683, "lat": 13.7002373, "district_id": 29, "row": 499, "col": 67 }, "geometry": { "type": "Point", "coordinates": [ 100.3404683, 13.7002373 ] } },
{ "type": "Feature", "properties": { "name": "Wattana Church Nursery", "type": "School", "lon": 100.5594181, "lat": 13.7426144, "district_id": 48, "row": 428, "col": 432 }, "geometry": { "type": "Point", "coordinates": [ 100.5594181, 13.7426144 ] } },
{ "type": "Feature", "properties": { "name": "Hua Chiew Chalermprakiet University", "type": "School", "lon": 100.7580276, "lat": 13.6123702, "district_id": 0, "row": 646, "col": 763 }, "geometry": { "type": "Point", "coordinates": [ 100.7580276, 13.6123702 ] } },
{ "type": "Feature", "properties": { "name": "Idolme", "type": "Clinic", "lon": 100.5733034, "lat": 13.7792629, "district_id": 16, "row": 367, "col": 455 }, "geometry": { "type": "Point", "coordinates": [ 100.5733034, 13.7792629 ] } },
{ "type": "Feature", "properties": { "name": "Laser Center", "type": "Clinic", "lon": 100.5733249, "lat": 13.7796003, "district_id": 16, "row": 367, "col": 455 }, "geometry": { "type": "Point", "coordinates": [ 100.5733249, 13.7796003 ] } },
{ "type": "Feature", "properties": { "name": "โรงเรียนอนุบาลยุวธัช", "type": "School", "lon": 100.3212907, "lat": 13.6882727, "district_id": 0, "row": 519, "col": 35 }, "geometry": { "type": "Point", "coordinates": [ 100.3212907, 13.6882727 ] } },
{ "type": "Feature", "properties": { "name": "Thai Sikh International School", "type": "School", "lon": 100.5959487, "lat": 13.6596686, "district_id": 0, "row": 567, "col": 493 }, "geometry": { "type": "Point", "coordinates": [ 100.5959487, 13.6596686 ] } },
{ "type": "Feature", "properties": { "name": "Panthong3", "type": "Clinic", "lon": 100.6128823, "lat": 13.8571312, "district_id": 4, "row": 238, "col": 521 }, "geometry": { "type": "Point", "coordinates": [ 100.6128823, 13.8571312 ] } },
{ "type": "Feature", "properties": { "name": "โรงพยาบาล เสรีรักษ์", "type": "Hospital", "lon": 100.7173999, "lat": 13.8111264, "district_id": 27, "row": 314, "col": 695 }, "geometry": { "type": "Point", "coordinates": [ 100.7173999, 13.8111264 ] } },
{ "type": "Feature", "properties": { "name": "Let's Relax", "type": "Clinic", "lon": 100.5603777, "lat": 13.7381501, "district_id": 48, "row": 436, "col": 433 }, "geometry": { "type": "Point", "coordinates": [ 100.5603777, 13.7381501 ] } },
{ "type": "Feature", "properties": { "name": "(unnamed)", "type": "Clinic", "lon": 100.5287953, "lat": 13.9036165, "district_id": 0, "row": 160, "col": 381 }, "geometry": { "type": "Point", "coordinates": [ 100.5287953, 13.9036165 ] } },
{ "type": "Feature", "properties": { "name": "Nitipon", "type": "Clinic", "lon": 100.5285737, "lat": 13.903175, "district_id": 0, "row": 161, "col": 380 }, "geometry": { "type": "Point", "coordinates": [ 100.5285737, 13.903175 ] } },
{ "type": "Feature", "properties": { "name": "Thai Christian school", "type": "School", "lon": 100.5945018, "lat": 13.7345789, "district_id": 48, "row": 442, "col": 490 }, "geometry": { "type": "Point", "coordinates": [ 100.5945018, 13.7345789 ] } },
{ "type": "Feature", "properties": { "name": "The Art", "type": "Clinic", "lon": 100.5683434, "lat": 13.8286696, "district_id": 14, "row": 285, "col": 447 }, "geometry": { "type": "Point", "coordinates": [ 100.5683434, 13.8286696 ] } },
{ "type": "Feature", "properties": { "name": "V Square", "type": "Clinic", "lon": 100.5684177, "lat": 13.8286701, "district_id": 14, "row": 285, "col": 447 }, "geometry": { "type": "Point", "coordinates": [ 100.5684177, 13.8286701 ] } },
{ "type": "Feature", "properties": { "name": "Nitipon", "type": "Clinic", "lon": 100.5682031, "lat": 13.828607, "district_id": 14, "row": 285, "col": 447 }, "geometry": { "type": "Point", "coordinates": [ 100.5682031, 13.828607 ] } },
{ "type": "Feature", "properties": { "name": "Revolution", "type": "Clinic", "lon": 100.5674191, "lat": 13.8279292, "district_id": 14, "row": 286, "col": 445 }, "geometry": { "type": "Point", "coordinates": [ 100.5674191, 13.8279292 ] } },
{ "type": "Feature", "properties": { "name": "Nutta", "type": "Clinic", "lon": 100.5679565, "lat": 13.8282827, "district_id": 14, "row": 286, "col": 446 }, "geometry": { "type": "Point", "coordinates": [ 100.5679565, 13.8282827 ] } },
{ "type": "Feature", "properties": { "name": "Celine", "type": "Clinic", "lon": 100.5613401, "lat": 13.8306858, "district_id": 14, "row": 282, "col": 435 }, "geometry": { "type": "Point", "coordinates": [ 100.5613401, 13.8306858 ] } },
{ "type": "Feature", "properties": { "name": "Pio", "type": "Clinic", "lon": 100.5683034, "lat": 13.8285131, "district_id": 14, "row": 285, "col": 447 }, "geometry": { "type": "Point", "coordinates": [ 100.5683034, 13.8285131 ] } },
{ "type": "Feature", "properties": { "name": "(unnamed)", "type": "School", "lon": 100.546734, "lat": 13.9481795, "district_id": 0, "row": 86, "col": 411 }, "geometry": { "type": "Point", "coordinates": [ 100.546734, 13.9481795 ] } },
{ "type": "Feature", "properties": { "name": "(unnamed)", "type": "Clinic", "lon": 100.5358248, "lat": 13.9244702, "district_id": 0, "row": 125, "col": 393 }, "geometry": { "type": "Point", "coordinates": [ 100.5358248, 13.9244702 ] } },
{ "type": "Feature", "properties": { "name": "Bangsue Police Box", "type": "Police", "lon": 100.5523823, "lat": 13.8008575, "district_id": 14, "row": 331, "col": 420 }, "geometry": { "type": "Point", "coordinates": [ 100.5523823, 13.8008575 ] } },
{ "type": "Feature", "properties": { "name": "Lumpini Police", "type": "Police", "lon": 100.5531679, "lat": 13.7413285, "district_id": 48, "row": 431, "col": 421 }, "geometry": { "type": "Point", "coordinates": [ 100.5531679, 13.7413285 ] } },
{ "type": "Feature", "properties": { "name": "School of Language and Culture", "type": "School", "lon": 100.6238468, "lat": 13.9623386, "district_id": 0, "row": 62, "col": 539 }, "geometry": { "type": "Point", "coordinates": [ 100.6238468, 13.9623386 ] } },
{ "type": "Feature", "properties": { "name": "Bangkok cancer specialist center", "type": "Clinic", "lon": 100.5426413, "lat": 13.7789557, "district_id": 32, "row": 368, "col": 404 }, "geometry": { "type": "Point", "coordinates": [ 100.5426413, 13.7789557 ] } },
{ "type": "Feature", "properties": { "name": "โรงเรียนอยู่เย็นวิทยา", "type": "School", "lon": 100.4280652, "lat": 13.7560887, "district_id": 44, "row": 406, "col": 213 }, "geometry": { "type": "Point", "coordinates": [ 100.4280652, 13.7560887 ] } },
{ "type": "Feature", "properties": { "name": "Thania", "type": "Clinic", "lon": 100.5161725, "lat": 13.7207047, "district_id": 9, "row": 465, "col": 360 }, "geometry": { "type": "Point", "coordinates": [ 100.5161725, 13.7207047 ] } },
{ "type": "Feature", "properties": { "name": "Thonglor Police Station", "type": "Police", "lon": 100.5610836, "lat": 13.7363632, "district_id": 48, "row": 439, "col": 435 }, "geometry": { "type": "Point", "coordinates": [ 100.5610836, 13.7363632 ] } },
{ "type": "Feature", "properties": { "name": "(unnamed)", "type": "Clinic", "lon": 100.539206, "lat": 13.7558837, "district_id": 38, "row": 406, "col": 398 }, "geometry": { "type": "Point", "coordinates": [ 100.539206, 13.7558837 ] } },
{ "type": "Feature", "properties": { "name": "Assumption University in Hua Mak", "type": "School", "lon": 100.6276466, "lat": 13.7550007, "district_id": 2, "row": 408, "col": 546 }, "geometry": { "type": "Point", "coordinates": [ 100.6276466, 13.7550007 ] } },
{ "type": "Feature", "properties": { "name": "Makasan Police Station", "type": "Police", "lon": 100.5834657, "lat": 13.7459857, "district_id": 19, "row": 423, "col": 472 }, "geometry": { "type": "Point", "coordinates": [ 100.5834657, 13.7459857 ] } },
{ "type": "Feature", "properties": { "name": "Yoga Center Ashtanga", "type": "Clinic", "lon": 100.5660089, "lat": 13.7335206, "district_id": 48, "row": 444, "col": 443 }, "geometry": { "type": "Point", "coordinates": [ 100.5660089, 13.7335206 ] } },
{ "type": "Feature", "properties": { "name": "Bromsgrove international school", "type": "School", "lon": 100.8097857, "lat": 13.8151726, "district_id": 28, "row": 308, "col": 849 }, "geometry": { "type": "Point", "coordinates": [ 100.8097857, 13.8151726 ] } },
{ "type": "Feature", "properties": { "name": "รพ.ตา หู คอ จมูก", "type": "Hospital", "lon": 100.4704126, "lat": 13.7878138, "district_id": 8, "row": 353, "col": 284 }, "geometry": { "type": "Point", "coordinates": [ 100.4704126, 13.7878138 ] } },
{ "type": "Feature", "properties": { "name": "Traffic police box", "type": "Police", "lon": 100.5437487, "lat": 13.743812, "district_id": 30, "row": 426, "col": 406 }, "geometry": { "type": "Point", "coordinates": [ 100.5437487, 13.743812 ] } },
{ "type": "Feature", "properties": { "name": "Traffic Police box", "type": "Police", "lon": 100.5635823, "lat": 13.7492763, "district_id": 38, "row": 417, "col": 439 }, "geometry": { "type": "Point", "coordinates": [ 100.5635823, 13.7492763 ] } },
{ "type": "Feature", "properties": { "name": "Traffic Police box", "type": "Police", "lon": 100.5545622, "lat": 13.7501639, "district_id": 38, "row": 416, "col": 424 }, "geometry": { "type": "Point", "coordinates": [ 100.5545622, 13.7501639 ] } },
{ "type": "Feature", "properties": { "name": "(unnamed)", "type": "School", "lon": 100.5513982, "lat": 13.9739194, "district_id": 0, "row": 43, "col": 418 }, "geometry": { "type": "Point", "coordinates": [ 100.5513982, 13.9739194 ] } },
{ "type": "Feature", "properties": { "name": "(unnamed)", "type": "School", "lon": 100.4804255, "lat": 13.7902295, "district_id": 8, "row": 349, "col": 300 }, "geometry": { "type": "Point", "coordinates": [ 100.4804255, 13.7902295 ] } },
{ "type": "Feature", "properties": { "name": "Life Sciences Lab by Bria", "type": "Clinic", "lon": 100.6162128, "lat": 13.7804445, "district_id": 49, "row": 365, "col": 527 }, "geometry": { "type": "Point", "coordinates": [ 100.6162128, 13.7804445 ] } },
{ "type": "Feature", "properties": { "name": "Sukhumvit 77 Polyclinic", "type": "Clinic", "lon": 100.6009858, "lat": 13.7098423, "district_id": 48, "row": 483, "col": 501 }, "geometry": { "type": "Point", "coordinates": [ 100.6009858, 13.7098423 ] } },
{ "type": "Feature", "properties": { "name": "โรงเรียนอนุบาลปราโมชพัฒนา", "type": "School", "lon": 100.645093, "lat": 13.850302, "district_id": 4, "row": 249, "col": 575 }, "geometry": { "type": "Point", "coordinates": [ 100.645093, 13.850302 ] } },
{ "type": "Feature", "properties": { "name": "Keerapat International School", "type": "School", "lon": 100.6325403, "lat": 13.8451352, "district_id": 4, "row": 258, "col": 554 }, "geometry": { "type": "Point", "coordinates": [ 100.6325403, 13.8451352 ] } },
{ "type": "Feature", "properties": { "name": "Home for the Blind", "type": "Hospital", "lon": 100.6352788, "lat": 13.8453044, "district_id": 4, "row": 257, "col": 558 }, "geometry": { "type": "Point", "coordinates": [ 100.6352788, 13.8453044 ] } },
{ "type": "Feature", "properties": { "name": "โรงเรียนลอยสายอนุสรณ์", "type": "School", "lon": 100.6328487, "lat": 13.8403901, "district_id": 26, "row": 266, "col": 554 }, "geometry": { "type": "Point", "coordinates": [ 100.6328487, 13.8403901 ] } },
{ "type": "Feature", "properties": { "name": "Acorns to Oaks Children's Centre", "type": "School", "lon": 100.6034044, "lat": 13.7212804, "district_id": 48, "row": 464, "col": 505 }, "geometry": { "type": "Point", "coordinates": [ 100.6034044, 13.7212804 ] } },
{ "type": "Feature", "properties": { "name": "Rockademy", "type": "School", "lon": 100.5669983, "lat": 13.7203703, "district_id": 23, "row": 466, "col": 444 }, "geometry": { "type": "Point", "coordinates": [ 100.5669983, 13.7203703 ] } },
{ "type": "Feature", "properties": { "name": "(unnamed)", "type": "Police", "lon": 100.6755605, "lat": 13.7859783, "district_id": 13, "row": 356, "col": 625 }, "geometry": { "type": "Point", "coordinates": [ 100.6755605, 13.7859783 ] } },
{ "type": "Feature", "properties": { "name": "Petcharavej Hospital", "type": "Hospital", "lon": 100.5947191, "lat": 13.7428473, "district_id": 19, "row": 428, "col": 491 }, "geometry": { "type": "Point", "coordinates": [ 100.5947191, 13.7428473 ] } },
{ "type": "Feature", "properties": { "name": "PNRU Graduate School", "type": "School", "lon": 100.5949896, "lat": 13.8754722, "district_id": 4, "row": 207, "col": 491 }, "geometry": { "type": "Point", "coordinates": [ 100.5949896, 13.8754722 ] } },
{ "type": "Feature", "properties": { "name": "Bangkok-Chicago Christian International School", "type": "School", "lon": 100.6169326, "lat": 13.5918664, "district_id": 0, "row": 680, "col": 528 }, "geometry": { "type": "Point", "coordinates": [ 100.6169326, 13.5918664 ] } },
{ "type": "Feature", "properties": { "name": "TOEIC Office", "type": "School", "lon": 100.5630565, "lat": 13.7442878, "district_id": 48, "row": 426, "col": 438 }, "geometry": { "type": "Point", "coordinates": [ 100.5630565, 13.7442878 ] } },
{ "type": "Feature", "properties": { "name": "โรงเรียนสาธิตมหาวิลัยราชภัฎจันทรเกษม", "type": "School", "lon": 100.5761583, "lat": 13.8193527, "district_id": 14, "row": 301, "col": 460 }, "geometry": { "type": "Point", "coordinates": [ 100.5761583, 13.8193527 ] } },
{ "type": "Feature", "properties": { "name": "สถานพยาบาลแพทย์แผนจีน มหาวิทยาลัยราชภัฏจันทรเกษม", "type": "Hospital", "lon": 100.5756447, "lat": 13.8189754, "district_id": 14, "row": 301, "col": 459 }, "geometry": { "type": "Point", "coordinates": [ 100.5756447, 13.8189754 ] } },
{ "type": "Feature", "properties": { "name": "Paolo Memorial Hospital Samutprakan", "type": "Hospital", "lon": 100.6146528, "lat": 13.5983927, "district_id": 0, "row": 669, "col": 524 }, "geometry": { "type": "Point", "coordinates": [ 100.6146528, 13.5983927 ] } },
{ "type": "Feature", "properties": { "name": "Lycée Français International de Bangkok", "type": "School", "lon": 100.6018563, "lat": 13.7703036, "district_id": 49, "row": 382, "col": 503 }, "geometry": { "type": "Point", "coordinates": [ 100.6018563, 13.7703036 ] } },
{ "type": "Feature", "properties": { "name": "Paolo Memorial Hospital", "type": "Clinic", "lon": 100.6147911, "lat": 13.5983502, "district_id": 0, "row": 669, "col": 524 }, "geometry": { "type": "Point", "coordinates": [ 100.6147911, 13.5983502 ] } },
{ "type": "Feature", "properties": { "name": "Let's Relax", "type": "Clinic", "lon": 100.5840581, "lat": 13.7235006, "district_id": 48, "row": 460, "col": 473 }, "geometry": { "type": "Point", "coordinates": [ 100.5840581, 13.7235006 ] } },
{ "type": "Feature", "properties": { "name": "สตรีสมุทรปราการ", "type": "School", "lon": 100.604871, "lat": 13.5975121, "district_id": 0, "row": 670, "col": 508 }, "geometry": { "type": "Point", "coordinates": [ 100.604871, 13.5975121 ] } },
{ "type": "Feature", "properties": { "name": "โรงพยาบาลรวมชัยประชาราษ", "type": "Hospital", "lon": 100.8536517, "lat": 13.583727, "district_id": 0, "row": 693, "col": 922 }, "geometry": { "type": "Point", "coordinates": [ 100.8536517, 13.583727 ] } },
{ "type": "Feature", "properties": { "name": "Abac", "type": "School", "lon": 100.6276628, "lat": 13.7548844, "district_id": 2, "row": 408, "col": 546 }, "geometry": { "type": "Point", "coordinates": [ 100.6276628, 13.7548844 ] } },
{ "type": "Feature", "properties": { "name": "(unnamed)", "type": "Fire station", "lon": 100.6720711, "lat": 13.5625767, "district_id": 0, "row": 729, "col": 620 }, "geometry": { "type": "Point", "coordinates": [ 100.6720711, 13.5625767 ] } },
{ "type": "Feature", "properties": { "name": "Hospital central GENERAL", "type": "Hospital", "lon": 100.6060256, "lat": 13.8889032, "district_id": 4, "row": 185, "col": 510 }, "geometry": { "type": "Point", "coordinates": [ 100.6060256, 13.8889032 ] } },
{ "type": "Feature", "properties": { "name": "English Planet", "type": "School", "lon": 100.5914861, "lat": 13.7958902, "district_id": 49, "row": 340, "col": 485 }, "geometry": { "type": "Point", "coordinates": [ 100.5914861, 13.7958902 ] } },
{ "type": "Feature", "properties": { "name": "โรงพยาบาลส้ตว์ M. A. H.", "type": "Hospital", "lon": 100.517669, "lat": 13.6632862, "district_id": 0, "row": 561, "col": 362 }, "geometry": { "type": "Point", "coordinates": [ 100.517669, 13.6632862 ] } },
{ "type": "Feature", "properties": { "name": "Kluaynamthai Clinic", "type": "Clinic", "lon": 100.6053922, "lat": 13.6993174, "district_id": 33, "row": 501, "col": 508 }, "geometry": { "type": "Point", "coordinates": [ 100.6053922, 13.6993174 ] } },
{ "type": "Feature", "properties": { "name": "Police Central Training Center", "type": "Police", "lon": 100.3187244, "lat": 13.8069155, "district_id": 0, "row": 321, "col": 31 }, "geometry": { "type": "Point", "coordinates": [ 100.3187244, 13.8069155 ] } },
{ "type": "Feature", "properties": { "name": "พ.ต.อ.วีร์พลใหญ่อรุณ", "type": "Police", "lon": 100.4503826, "lat": 13.6938258, "district_id": 15, "row": 510, "col": 250 }, "geometry": { "type": "Point", "coordinates": [ 100.4503826, 13.6938258 ] } },
{ "type": "Feature", "properties": { "name": "Ban Rai Subdistrict Health Promoting Hospital", "type": "Clinic", "lon": 100.3624909, "lat": 13.5798363, "district_id": 0, "row": 700, "col": 104 }, "geometry": { "type": "Point", "coordinates": [ 100.3624909, 13.5798363 ] } },
{ "type": "Feature", "properties": { "name": "(unnamed)", "type": "Police", "lon": 100.5729154, "lat": 13.7692666, "district_id": 19, "row": 384, "col": 454 }, "geometry": { "type": "Point", "coordinates": [ 100.5729154, 13.7692666 ] } },
{ "type": "Feature", "properties": { "name": "กวดวิชาทหารจักรดาวเสธเอส", "type": "School", "lon": 100.5991403, "lat": 13.8756846, "district_id": 4, "row": 207, "col": 498 }, "geometry": { "type": "Point", "coordinates": [ 100.5991403, 13.8756846 ] } },
{ "type": "Feature", "properties": { "name": "สถานีตำรวจนครบาล ดอนเมือง", "type": "Police", "lon": 100.6070882, "lat": 13.9348, "district_id": 17, "row": 108, "col": 511 }, "geometry": { "type": "Point", "coordinates": [ 100.6070882, 13.9348 ] } },
{ "type": "Feature", "properties": { "name": "HE Clinic for me", "type": "Clinic", "lon": 100.5796024, "lat": 13.7249344, "district_id": 48, "row": 458, "col": 466 }, "geometry": { "type": "Point", "coordinates": [ 100.5796024, 13.7249344 ] } },
{ "type": "Feature", "properties": { "name": "HE Clinic for men", "type": "Hospital", "lon": 100.5802013, "lat": 13.7261339, "district_id": 48, "row": 456, "col": 467 }, "geometry": { "type": "Point", "coordinates": [ 100.5802013, 13.7261339 ] } },
{ "type": "Feature", "properties": { "name": "Kluaynamthai Clinic", "type": "Clinic", "lon": 100.6011622, "lat": 13.7099409, "district_id": 48, "row": 483, "col": 501 }, "geometry": { "type": "Point", "coordinates": [ 100.6011622, 13.7099409 ] } },
{ "type": "Feature", "properties": { "name": "Thachapat Clinic", "type": "Hospital", "lon": 100.6074091, "lat": 13.7896637, "district_id": 49, "row": 350, "col": 512 }, "geometry": { "type": "Point", "coordinates": [ 100.6074091, 13.7896637 ] } },
{ "type": "Feature", "properties": { "name": "Watbangnangkreng School", "type": "School", "lon": 100.5875, "lat": 13.6134689, "district_id": 0, "row": 644, "col": 479 }, "geometry": { "type": "Point", "coordinates": [ 100.5875, 13.6134689 ] } },
{ "type": "Feature", "properties": { "name": "TREAT med Thailand", "type": "Clinic", "lon": 100.5001075, "lat": 13.8657522, "district_id": 0, "row": 223, "col": 333 }, "geometry": { "type": "Point", "coordinates": [ 100.5001075, 13.8657522 ] } },
{ "type": "Feature", "properties": { "name": "Serene Hospital", "type": "Hospital", "lon": 100.6536188, "lat": 13.7404216, "district_id": 2, "row": 432, "col": 589 }, "geometry": { "type": "Point", "coordinates": [ 100.6536188, 13.7404216 ] } },
{ "type": "Feature", "properties": { "name": "Prep International School Pathum Thani", "type": "School", "lon": 100.5174134, "lat": 13.960328, "district_id": 0, "row": 66, "col": 362 }, "geometry": { "type": "Point", "coordinates": [ 100.5174134, 13.960328 ] } },
{ "type": "Feature", "properties": { "name": "Silom Community Clinic @ TropMed", "type": "Clinic", "lon": 100.5333142, "lat": 13.7657555, "district_id": 38, "row": 390, "col": 388 }, "geometry": { "type": "Point", "coordinates": [ 100.5333142, 13.7657555 ] } },
{ "type": "Feature", "properties": { "name": "Study Plus Education", "type": "School", "lon": 100.5963054, "lat": 13.8274159, "district_id": 26, "row": 287, "col": 493 }, "geometry": { "type": "Point", "coordinates": [ 100.5963054, 13.8274159 ] } },
{ "type": "Feature", "properties": { "name": "St.Andrews Samakee", "type": "School", "lon": 100.5192289, "lat": 13.8828769, "district_id": 0, "row": 195, "col": 365 }, "geometry": { "type": "Point", "coordinates": [ 100.5192289, 13.8828769 ] } },
{ "type": "Feature", "properties": { "name": "National Institute of Development Administration (NIDA)", "type": "University", "lon": 100.6544737, "lat": 13.7716018, "district_id": 2, "row": 380, "col": 590 }, "geometry": { "type": "Point", "coordinates": [ 100.6544737, 13.7716018 ] } },
{ "type": "Feature", "properties": { "name": "Taopoon Police Station", "type": "Police", "lon": 100.5314308, "lat": 13.8144924, "district_id": 10, "row": 309, "col": 385 }, "geometry": { "type": "Point", "coordinates": [ 100.5314308, 13.8144924 ] } },
{ "type": "Feature", "properties": { "name": "Tourist police bureau", "type": "Police", "lon": 100.4912283, "lat": 13.7524599, "district_id": 34, "row": 412, "col": 318 }, "geometry": { "type": "Point", "coordinates": [ 100.4912283, 13.7524599 ] } },
{ "type": "Feature", "properties": { "name": "PHP Physical Therapy Clinic", "type": "Clinic", "lon": 100.5383872, "lat": 13.6925402, "district_id": 50, "row": 512, "col": 397 }, "geometry": { "type": "Point", "coordinates": [ 100.5383872, 13.6925402 ] } },
{ "type": "Feature", "properties": { "name": "(unnamed)", "type": "Police", "lon": 100.4967605, "lat": 13.7371675, "district_id": 46, "row": 438, "col": 327 }, "geometry": { "type": "Point", "coordinates": [ 100.4967605, 13.7371675 ] } },
{ "type": "Feature", "properties": { "name": "Bangkok skin & laser clinic", "type": "Clinic", "lon": 100.5359816, "lat": 13.7280326, "district_id": 9, "row": 453, "col": 393 }, "geometry": { "type": "Point", "coordinates": [ 100.5359816, 13.7280326 ] } },
{ "type": "Feature", "properties": { "name": "Pangfun School of Music", "type": "School", "lon": 100.342251, "lat": 13.6913708, "district_id": 29, "row": 514, "col": 70 }, "geometry": { "type": "Point", "coordinates": [ 100.342251, 13.6913708 ] } },
{ "type": "Feature", "properties": { "name": "Siam Business Administration Nonthaburi Technological College", "type": "School", "lon": 100.5195357, "lat": 13.8600733, "district_id": 0, "row": 233, "col": 365 }, "geometry": { "type": "Point", "coordinates": [ 100.5195357, 13.8600733 ] } },
{ "type": "Feature", "properties": { "name": "Watchaimongkol School", "type": "School", "lon": 100.52334, "lat": 13.7478266, "district_id": 30, "row": 420, "col": 372 }, "geometry": { "type": "Point", "coordinates": [ 100.52334, 13.7478266 ] } },
{ "type": "Feature", "properties": { "name": "The Thai Red Cross Society", "type": "Clinic", "lon": 100.5381377, "lat": 13.7348132, "district_id": 30, "row": 441, "col": 396 }, "geometry": { "type": "Point", "coordinates": [ 100.5381377, 13.7348132 ] } },
{ "type": "Feature", "properties": { "name": "(unnamed)", "type": "Clinic", "lon": 100.4790401, "lat": 13.776055, "district_id": 8, "row": 373, "col": 298 }, "geometry": { "type": "Point", "coordinates": [ 100.4790401, 13.776055 ] } },
{ "type": "Feature", "properties": { "name": "(unnamed)", "type": "School", "lon": 100.5020515, "lat": 13.7510215, "district_id": 34, "row": 414, "col": 336 }, "geometry": { "type": "Point", "coordinates": [ 100.5020515, 13.7510215 ] } },
{ "type": "Feature", "properties": { "name": "โรงเรียนวัดใหม่อมตรส", "type": "School", "lon": 100.5014988, "lat": 13.764855, "district_id": 34, "row": 391, "col": 335 }, "geometry": { "type": "Point", "coordinates": [ 100.5014988, 13.764855 ] } },
{ "type": "Feature", "properties": { "name": "(unnamed)", "type": "Clinic", "lon": 100.5497294, "lat": 13.7237399, "district_id": 42, "row": 460, "col": 416 }, "geometry": { "type": "Point", "coordinates": [ 100.5497294, 13.7237399 ] } },
{ "type": "Feature", "properties": { "name": "(unnamed)", "type": "Police", "lon": 100.498456, "lat": 13.6841465, "district_id": 37, "row": 526, "col": 330 }, "geometry": { "type": "Point", "coordinates": [ 100.498456, 13.6841465 ] } },
{ "type": "Feature", "properties": { "name": "Dermatology Clinic (Piel Clinic)", "type": "Clinic", "lon": 100.5395522, "lat": 13.7645363, "district_id": 38, "row": 392, "col": 399 }, "geometry": { "type": "Point", "coordinates": [ 100.5395522, 13.7645363 ] } },
{ "type": "Feature", "properties": { "name": "Aem.D. Clinic", "type": "Clinic", "lon": 100.539516, "lat": 13.7645598, "district_id": 38, "row": 392, "col": 399 }, "geometry": { "type": "Point", "coordinates": [ 100.539516, 13.7645598 ] } },
{ "type": "Feature", "properties": { "name": "Mor Muanchol", "type": "Clinic", "lon": 100.5399546, "lat": 13.7643412, "district_id": 38, "row": 392, "col": 399 }, "geometry": { "type": "Point", "coordinates": [ 100.5399546, 13.7643412 ] } },
{ "type": "Feature", "properties": { "name": "Monument Clinic", "type": "Clinic", "lon": 100.5406582, "lat": 13.7639952, "district_id": 38, "row": 393, "col": 401 }, "geometry": { "type": "Point", "coordinates": [ 100.5406582, 13.7639952 ] } },
{ "type": "Feature", "properties": { "name": "Udomsuksa School Nonthaburi", "type": "School", "lon": 100.4883461, "lat": 13.8373517, "district_id": 0, "row": 271, "col": 313 }, "geometry": { "type": "Point", "coordinates": [ 100.4883461, 13.8373517 ] } },
{ "type": "Feature", "properties": { "name": "สถานีตำรวจภูธรบางบัวทอง (สาขาย่อยเทศบาลเมืองบางบัวทอง)", "type": "Police", "lon": 100.4229898, "lat": 13.9145469, "district_id": 0, "row": 142, "col": 204 }, "geometry": { "type": "Point", "coordinates": [ 100.4229898, 13.9145469 ] } },
{ "type": "Feature", "properties": { "name": "Kids Kingdom International Kindergarten", "type": "School", "lon": 100.5745034, "lat": 13.7298226, "district_id": 48, "row": 450, "col": 457 }, "geometry": { "type": "Point", "coordinates": [ 100.5745034, 13.7298226 ] } },
{ "type": "Feature", "properties": { "name": "The First Steps International Pre-School", "type": "School", "lon": 100.5691637, "lat": 13.7406601, "district_id": 48, "row": 432, "col": 448 }, "geometry": { "type": "Point", "coordinates": [ 100.5691637, 13.7406601 ] } },
{ "type": "Feature", "properties": { "name": "Shrewsbury International School City Campus", "type": "School", "lon": 100.577412, "lat": 13.7520839, "district_id": 19, "row": 413, "col": 462 }, "geometry": { "type": "Point", "coordinates": [ 100.577412, 13.7520839 ] } },
{ "type": "Feature", "properties": { "name": "The Apple Tree International Kindergarten", "type": "School", "lon": 100.5714892, "lat": 13.7200189, "district_id": 23, "row": 466, "col": 452 }, "geometry": { "type": "Point", "coordinates": [ 100.5714892, 13.7200189 ] } },
{ "type": "Feature", "properties": { "name": "Pamaiautid 9th Primary School", "type": "School", "lon": 100.4490521, "lat": 13.8808545, "district_id": 0, "row": 198, "col": 248 }, "geometry": { "type": "Point", "coordinates": [ 100.4490521, 13.8808545 ] } },
{ "type": "Feature", "properties": { "name": "(unnamed)", "type": "Clinic", "lon": 100.4983326, "lat": 13.7530112, "district_id": 34, "row": 411, "col": 330 }, "geometry": { "type": "Point", "coordinates": [ 100.4983326, 13.7530112 ] } },
{ "type": "Feature", "properties": { "name": "Bang Len Fire Station", "type": "Fire station", "lon": 100.4365676, "lat": 13.8486583, "district_id": 0, "row": 252, "col": 227 }, "geometry": { "type": "Point", "coordinates": [ 100.4365676, 13.8486583 ] } },
{ "type": "Feature", "properties": { "name": "Bang Kruai Fire Station", "type": "Fire station", "lon": 100.4712123, "lat": 13.8078305, "district_id": 0, "row": 320, "col": 285 }, "geometry": { "type": "Point", "coordinates": [ 100.4712123, 13.8078305 ] } },
{ "type": "Feature", "properties": { "name": "Wat Khema Phirataram School", "type": "School", "lon": 100.5031737, "lat": 13.8229482, "district_id": 0, "row": 295, "col": 338 }, "geometry": { "type": "Point", "coordinates": [ 100.5031737, 13.8229482 ] } },
{ "type": "Feature", "properties": { "name": "โรงเรียนวัดชลอ", "type": "School", "lon": 100.4767287, "lat": 13.80646, "district_id": 0, "row": 322, "col": 294 }, "geometry": { "type": "Point", "coordinates": [ 100.4767287, 13.80646 ] } },
{ "type": "Feature", "properties": { "name": "Bang Son Fire & Rescue Station", "type": "Fire station", "lon": 100.5283456, "lat": 13.8286544, "district_id": 10, "row": 285, "col": 380 }, "geometry": { "type": "Point", "coordinates": [ 100.5283456, 13.8286544 ] } },
{ "type": "Feature", "properties": { "name": "(unnamed)", "type": "School", "lon": 100.6284975, "lat": 13.7154577, "district_id": 43, "row": 474, "col": 547 }, "geometry": { "type": "Point", "coordinates": [ 100.6284975, 13.7154577 ] } },
{ "type": "Feature", "properties": { "name": "Mahidol University, Engineering ", "type": "University", "lon": 100.3258935, "lat": 13.7958252, "district_id": 0, "row": 340, "col": 43 }, "geometry": { "type": "Point", "coordinates": [ 100.3258935, 13.7958252 ] } },
{ "type": "Feature", "properties": { "name": "Sarasas witaed bangbon", "type": "School", "lon": 100.3837278, "lat": 13.660215, "district_id": 1, "row": 566, "col": 139 }, "geometry": { "type": "Point", "coordinates": [ 100.3837278, 13.660215 ] } },
{ "type": "Feature", "properties": { "name": "Anonymous MedConsult Clinic", "type": "Hospital", "lon": 100.5759328, "lat": 13.7366322, "district_id": 48, "row": 438, "col": 459 }, "geometry": { "type": "Point", "coordinates": [ 100.5759328, 13.7366322 ] } },
{ "type": "Feature", "properties": { "name": "บางบ่อวิทยาคม", "type": "School", "lon": 100.8573996, "lat": 13.5780634, "district_id": 0, "row": 703, "col": 928 }, "geometry": { "type": "Point", "coordinates": [ 100.8573996, 13.5780634 ] } },
{ "type": "Feature", "properties": { "name": "Chris House", "type": "School", "lon": 100.3685227, "lat": 13.8006361, "district_id": 45, "row": 332, "col": 114 }, "geometry": { "type": "Point", "coordinates": [ 100.3685227, 13.8006361 ] } },
{ "type": "Feature", "properties": { "name": "RIS Swiss Section - Deutschsprachige Schule Bangkok", "type": "School", "lon": 100.7274509, "lat": 13.7839125, "district_id": 27, "row": 360, "col": 712 }, "geometry": { "type": "Point", "coordinates": [ 100.7274509, 13.7839125 ] } },
{ "type": "Feature", "properties": { "name": "Ramathibodi Chakri Naruebodindra Hospital", "type": "Hospital", "lon": 100.7609482, "lat": 13.5260425, "district_id": 0, "row": 789, "col": 768 }, "geometry": { "type": "Point", "coordinates": [ 100.7609482, 13.5260425 ] } },
{ "type": "Feature", "properties": { "name": "Ibaby Fertility & Genetic Center", "type": "Clinic", "lon": 100.5487403, "lat": 13.7412183, "district_id": 30, "row": 431, "col": 414 }, "geometry": { "type": "Point", "coordinates": [ 100.5487403, 13.7412183 ] } },
{ "type": "Feature", "properties": { "name": "Ratchakru Medical Center", "type": "Hospital", "lon": 100.542245, "lat": 13.7775546, "district_id": 32, "row": 370, "col": 403 }, "geometry": { "type": "Point", "coordinates": [ 100.542245, 13.7775546 ] } },
{ "type": "Feature", "properties": { "name": "Chris House", "type": "School", "lon": 100.3685887, "lat": 13.8005795, "district_id": 45, "row": 332, "col": 114 }, "geometry": { "type": "Point", "coordinates": [ 100.3685887, 13.8005795 ] } },
{ "type": "Feature", "properties": { "name": "(unnamed)", "type": "Clinic", "lon": 100.596256, "lat": 13.7297142, "district_id": 48, "row": 450, "col": 493 }, "geometry": { "type": "Point", "coordinates": [ 100.596256, 13.7297142 ] } },
{ "type": "Feature", "properties": { "name": "โรงพยาบาลเกษมราษฏร์ รัตนาธิเบศร์", "type": "Hospital", "lon": 100.423557, "lat": 13.8755191, "district_id": 0, "row": 207, "col": 205 }, "geometry": { "type": "Point", "coordinates": [ 100.423557, 13.8755191 ] } },
{ "type": "Feature", "properties": { "name": "Mandarin Clinic Rama 4", "type": "Hospital", "lon": 100.5746292, "lat": 13.7159788, "district_id": 23, "row": 473, "col": 457 }, "geometry": { "type": "Point", "coordinates": [ 100.5746292, 13.7159788 ] } },
{ "type": "Feature", "properties": { "name": "mandarin clinic rama 2", "type": "Hospital", "lon": 100.4836161, "lat": 13.6880969, "district_id": 15, "row": 519, "col": 306 }, "geometry": { "type": "Point", "coordinates": [ 100.4836161, 13.6880969 ] } },
{ "type": "Feature", "properties": { "name": "(unnamed)", "type": "School", "lon": 100.5752559, "lat": 13.693753, "district_id": 0, "row": 510, "col": 458 }, "geometry": { "type": "Point", "coordinates": [ 100.5752559, 13.693753 ] } },
{ "type": "Feature", "properties": { "name": "EKI-IVF Centre", "type": "Clinic", "lon": 100.5725314, "lat": 13.7548567, "district_id": 19, "row": 408, "col": 454 }, "geometry": { "type": "Point", "coordinates": [ 100.5725314, 13.7548567 ] } },
{ "type": "Feature", "properties": { "name": "ศูนย์บริการเครื่องช่วยฟังอินทิเม็กซ์", "type": "Hospital", "lon": 100.5385011, "lat": 13.7946243, "district_id": 32, "row": 342, "col": 397 }, "geometry": { "type": "Point", "coordinates": [ 100.5385011, 13.7946243 ] } },
{ "type": "Feature", "properties": { "name": "(unnamed)", "type": "University", "lon": 100.4222952, "lat": 13.8490058, "district_id": 0, "row": 251, "col": 203 }, "geometry": { "type": "Point", "coordinates": [ 100.4222952, 13.8490058 ] } },
{ "type": "Feature", "properties": { "name": "Emma Clinic (Phraeksa)", "type": "Clinic", "lon": 100.6696441, "lat": 13.5666146, "district_id": 0, "row": 722, "col": 616 }, "geometry": { "type": "Point", "coordinates": [ 100.6696441, 13.5666146 ] } },
{ "type": "Feature", "properties": { "name": "Emma Clinic (Rama 2)", "type": "Clinic", "lon": 100.4292451, "lat": 13.6637212, "district_id": 6, "row": 560, "col": 215 }, "geometry": { "type": "Point", "coordinates": [ 100.4292451, 13.6637212 ] } },
{ "type": "Feature", "properties": { "name": "Emma Clinic (Asoke)", "type": "Clinic", "lon": 100.5623452, "lat": 13.7461399, "district_id": 48, "row": 423, "col": 437 }, "geometry": { "type": "Point", "coordinates": [ 100.5623452, 13.7461399 ] } },
{ "type": "Feature", "properties": { "name": "Bang Khanun Subdistrict Health Promoting Hospital", "type": "Clinic", "lon": 100.4682276, "lat": 13.8129513, "district_id": 0, "row": 311, "col": 280 }, "geometry": { "type": "Point", "coordinates": [ 100.4682276, 13.8129513 ] } },
{ "type": "Feature", "properties": { "name": "Suan Yai Sub Fire Station", "type": "Fire station", "lon": 100.4924118, "lat": 13.842241, "district_id": 0, "row": 262, "col": 320 }, "geometry": { "type": "Point", "coordinates": [ 100.4924118, 13.842241 ] } },
{ "type": "Feature", "properties": { "name": "Bang Krang Fire Station", "type": "Fire station", "lon": 100.461387, "lat": 13.8444395, "district_id": 0, "row": 259, "col": 268 }, "geometry": { "type": "Point", "coordinates": [ 100.461387, 13.8444395 ] } },
{ "type": "Feature", "properties": { "name": "Bang Namchuet Disaster Relief Volunteer Center", "type": "Fire station", "lon": 100.3572864, "lat": 13.6232336, "district_id": 0, "row": 627, "col": 95 }, "geometry": { "type": "Point", "coordinates": [ 100.3572864, 13.6232336 ] } },
{ "type": "Feature", "properties": { "name": "(unnamed)", "type": "Police", "lon": 100.7941071, "lat": 13.7504382, "district_id": 25, "row": 415, "col": 823 }, "geometry": { "type": "Point", "coordinates": [ 100.7941071, 13.7504382 ] } },
{ "type": "Feature", "properties": { "name": "Triamudom Suksa School", "type": "School", "lon": 100.5300702, "lat": 13.7402438, "district_id": 30, "row": 432, "col": 383 }, "geometry": { "type": "Point", "coordinates": [ 100.5300702, 13.7402438 ] } },
{ "type": "Feature", "properties": { "name": "โรงพยาบาลบางนากรุงเทพมหานคร", "type": "Hospital", "lon": 100.5926741, "lat": 13.6797164, "district_id": 7, "row": 533, "col": 487 }, "geometry": { "type": "Point", "coordinates": [ 100.5926741, 13.6797164 ] } },
{ "type": "Feature", "properties": { "name": "Ratchada-Tha Phra Hospital", "type": "Hospital", "lon": 100.4774705, "lat": 13.7171235, "district_id": 46, "row": 471, "col": 295 }, "geometry": { "type": "Point", "coordinates": [ 100.4774705, 13.7171235 ] } },
{ "type": "Feature", "properties": { "name": "Phaet Panya Hospital", "type": "Hospital", "lon": 100.6074137, "lat": 13.7438623, "district_id": 43, "row": 426, "col": 512 }, "geometry": { "type": "Point", "coordinates": [ 100.6074137, 13.7438623 ] } },
{ "type": "Feature", "properties": { "name": "Friends Flying Club", "type": "School", "lon": 100.3285716, "lat": 13.5441816, "district_id": 0, "row": 759, "col": 47 }, "geometry": { "type": "Point", "coordinates": [ 100.3285716, 13.5441816 ] } },
{ "type": "Feature", "properties": { "name": "โรงเรียนอนุบาลบูรณะศึกษา", "type": "School", "lon": 100.5047136, "lat": 13.6647532, "district_id": 37, "row": 558, "col": 341 }, "geometry": { "type": "Point", "coordinates": [ 100.5047136, 13.6647532 ] } },
{ "type": "Feature", "properties": { "name": "Lat Krabang Hospital", "type": "Hospital", "lon": 100.7848808, "lat": 13.7222822, "district_id": 25, "row": 462, "col": 808 }, "geometry": { "type": "Point", "coordinates": [ 100.7848808, 13.7222822 ] } },
{ "type": "Feature", "properties": { "name": "Maha Chai 2 Hospital", "type": "Hospital", "lon": 100.3009969, "lat": 13.7072628, "district_id": 0, "row": 487, "col": 1 }, "geometry": { "type": "Point", "coordinates": [ 100.3009969, 13.7072628 ] } },
{ "type": "Feature", "properties": { "name": "Krathum Baen 2 Hospital", "type": "Hospital", "lon": 100.3307721, "lat": 13.7220321, "district_id": 0, "row": 463, "col": 51 }, "geometry": { "type": "Point", "coordinates": [ 100.3307721, 13.7220321 ] } },
{ "type": "Feature", "properties": { "name": "Bang Bo Hospital", "type": "Hospital", "lon": 100.8358133, "lat": 13.5695885, "district_id": 0, "row": 717, "col": 893 }, "geometry": { "type": "Point", "coordinates": [ 100.8358133, 13.5695885 ] } },
{ "type": "Feature", "properties": { "name": "Bangna 2 Hospital", "type": "Hospital", "lon": 100.805043, "lat": 13.5940702, "district_id": 0, "row": 676, "col": 841 }, "geometry": { "type": "Point", "coordinates": [ 100.805043, 13.5940702 ] } },
{ "type": "Feature", "properties": { "name": "Central Park Hospital", "type": "Hospital", "lon": 100.7440415, "lat": 13.6155645, "district_id": 0, "row": 640, "col": 740 }, "geometry": { "type": "Point", "coordinates": [ 100.7440415, 13.6155645 ] } },
{ "type": "Feature", "properties": { "name": "Mueang Samut Pu Chao Saming Phrai Hospital", "type": "Hospital", "lon": 100.578348, "lat": 13.6466072, "district_id": 0, "row": 588, "col": 463 }, "geometry": { "type": "Point", "coordinates": [ 100.578348, 13.6466072 ] } },
{ "type": "Feature", "properties": { "name": "Pom Phra Chunlachomklao Hospital", "type": "Hospital", "lon": 100.5732357, "lat": 13.541339, "district_id": 0, "row": 764, "col": 455 }, "geometry": { "type": "Point", "coordinates": [ 100.5732357, 13.541339 ] } },
{ "type": "Feature", "properties": { "name": "Bang Chak Hospital", "type": "Hospital", "lon": 100.5400354, "lat": 13.6095348, "district_id": 0, "row": 650, "col": 400 }, "geometry": { "type": "Point", "coordinates": [ 100.5400354, 13.6095348 ] } },
{ "type": "Feature", "properties": { "name": "Yuwaprasat Waithayopatham Hospital", "type": "Hospital", "lon": 100.5938405, "lat": 13.6144774, "district_id": 0, "row": 642, "col": 489 }, "geometry": { "type": "Point", "coordinates": [ 100.5938405, 13.6144774 ] } },
{ "type": "Feature", "properties": { "name": "Mueang Samut Hospital", "type": "Hospital", "lon": 100.601128, "lat": 13.5950504, "district_id": 0, "row": 674, "col": 501 }, "geometry": { "type": "Point", "coordinates": [ 100.601128, 13.5950504 ] } },
{ "type": "Feature", "properties": { "name": "Sikarin Hospital", "type": "Hospital", "lon": 100.6310063, "lat": 13.5316526, "district_id": 0, "row": 780, "col": 551 }, "geometry": { "type": "Point", "coordinates": [ 100.6310063, 13.5316526 ] } },
{ "type": "Feature", "properties": { "name": "Kluai Nam Thai Hospital", "type": "Hospital", "lon": 100.5864751, "lat": 13.7150697, "district_id": 23, "row": 474, "col": 477 }, "geometry": { "type": "Point", "coordinates": [ 100.5864751, 13.7150697 ] } },
{ "type": "Feature", "properties": { "name": "Synphaet Ramindra Hospital", "type": "Hospital", "lon": 100.6666008, "lat": 13.8342802, "district_id": 20, "row": 276, "col": 611 }, "geometry": { "type": "Point", "coordinates": [ 100.6666008, 13.8342802 ] } },
{ "type": "Feature", "properties": { "name": "Hua Yan Ham Hospital", "type": "Hospital", "lon": 100.6360182, "lat": 13.8141759, "district_id": 13, "row": 309, "col": 560 }, "geometry": { "type": "Point", "coordinates": [ 100.6360182, 13.8141759 ] } },
{ "type": "Feature", "properties": { "name": "Siam Hospital", "type": "Hospital", "lon": 100.596123, "lat": 13.8022151, "district_id": 26, "row": 329, "col": 493 }, "geometry": { "type": "Point", "coordinates": [ 100.596123, 13.8022151 ] } },
{ "type": "Feature", "properties": { "name": "Burachat Chaiyakon Hospital", "type": "Hospital", "lon": 100.5516493, "lat": 13.7520786, "district_id": 38, "row": 413, "col": 419 }, "geometry": { "type": "Point", "coordinates": [ 100.5516493, 13.7520786 ] } },
{ "type": "Feature", "properties": { "name": "RachaSamaSai Hospital", "type": "Hospital", "lon": 100.5375946, "lat": 13.6526802, "district_id": 0, "row": 578, "col": 395 }, "geometry": { "type": "Point", "coordinates": [ 100.5375946, 13.6526802 ] } },
{ "type": "Feature", "properties": { "name": "Rat Burana Hospital", "type": "Hospital", "lon": 100.5025864, "lat": 13.678055, "district_id": 37, "row": 536, "col": 337 }, "geometry": { "type": "Point", "coordinates": [ 100.5025864, 13.678055 ] } },
{ "type": "Feature", "properties": { "name": "Krung Thon 2 Hospital", "type": "Hospital", "lon": 100.5010521, "lat": 13.6760534, "district_id": 37, "row": 539, "col": 335 }, "geometry": { "type": "Point", "coordinates": [ 100.5010521, 13.6760534 ] } },
{ "type": "Feature", "properties": { "name": "Rama Suk Sawat Hospital", "type": "Hospital", "lon": 100.4985952, "lat": 13.677492, "district_id": 37, "row": 537, "col": 330 }, "geometry": { "type": "Point", "coordinates": [ 100.4985952, 13.677492 ] } },
{ "type": "Feature", "properties": { "name": "Bang Pakok 1 Hospital", "type": "Hospital", "lon": 100.4989117, "lat": 13.6787951, "district_id": 37, "row": 535, "col": 331 }, "geometry": { "type": "Point", "coordinates": [ 100.4989117, 13.6787951 ] } },
{ "type": "Feature", "properties": { "name": "Mittraphap Hospital", "type": "Hospital", "lon": 100.4945505, "lat": 13.7284992, "district_id": 22, "row": 452, "col": 324 }, "geometry": { "type": "Point", "coordinates": [ 100.4945505, 13.7284992 ] } },
{ "type": "Feature", "properties": { "name": "PMG Hospital", "type": "Hospital", "lon": 100.4220763, "lat": 13.6517378, "district_id": 6, "row": 580, "col": 203 }, "geometry": { "type": "Point", "coordinates": [ 100.4220763, 13.6517378 ] } },
{ "type": "Feature", "properties": { "name": "Anan Phatthana 2 Hospital", "type": "Hospital", "lon": 100.4766494, "lat": 13.798235, "district_id": 0, "row": 336, "col": 294 }, "geometry": { "type": "Point", "coordinates": [ 100.4766494, 13.798235 ] } },
{ "type": "Feature", "properties": { "name": "Bang Yai Hospital", "type": "Hospital", "lon": 100.4106563, "lat": 13.8456898, "district_id": 0, "row": 257, "col": 184 }, "geometry": { "type": "Point", "coordinates": [ 100.4106563, 13.8456898 ] } },
{ "type": "Feature", "properties": { "name": "B Care Medical Center Hospital", "type": "Hospital", "lon": 100.6247073, "lat": 13.9436991, "district_id": 39, "row": 93, "col": 541 }, "geometry": { "type": "Point", "coordinates": [ 100.6247073, 13.9436991 ] } },
{ "type": "Feature", "properties": { "name": "Lam Luk Ka Hospital", "type": "Hospital", "lon": 100.857684, "lat": 13.9569333, "district_id": 0, "row": 71, "col": 929 }, "geometry": { "type": "Point", "coordinates": [ 100.857684, 13.9569333 ] } },
{ "type": "Feature", "properties": { "name": "Ek Pathum Hospital", "type": "Hospital", "lon": 100.6529349, "lat": 13.9938724, "district_id": 0, "row": 10, "col": 588 }, "geometry": { "type": "Point", "coordinates": [ 100.6529349, 13.9938724 ] } },
{ "type": "Feature", "properties": { "name": "Galya Rajanagarindra Institute", "type": "Hospital", "lon": 100.3323036, "lat": 13.762015, "district_id": 45, "row": 396, "col": 53 }, "geometry": { "type": "Point", "coordinates": [ 100.3323036, 13.762015 ] } },
{ "type": "Feature", "properties": { "name": "Luang Pho Thawisak Hospital", "type": "Hospital", "lon": 100.3453177, "lat": 13.6563448, "district_id": 29, "row": 572, "col": 75 }, "geometry": { "type": "Point", "coordinates": [ 100.3453177, 13.6563448 ] } },
{ "type": "Feature", "properties": { "name": "Muang Samut Hospital Bangpoo Mai", "type": "Hospital", "lon": 100.6394893, "lat": 13.5255396, "district_id": 0, "row": 790, "col": 565 }, "geometry": { "type": "Point", "coordinates": [ 100.6394893, 13.5255396 ] } },
{ "type": "Feature", "properties": { "name": "จิรเวชชาญไชย คลินิกการแพทย์แผนไทย", "type": "Hospital", "lon": 100.5227527, "lat": 13.8659085, "district_id": 0, "row": 223, "col": 371 }, "geometry": { "type": "Point", "coordinates": [ 100.5227527, 13.8659085 ] } },
{ "type": "Feature", "properties": { "name": "Supakunn Clinic", "type": "Clinic", "lon": 100.6240234, "lat": 13.6568817, "district_id": 7, "row": 571, "col": 540 }, "geometry": { "type": "Point", "coordinates": [ 100.6240234, 13.6568817 ] } },
{ "type": "Feature", "properties": { "name": "ศูนย์ฝึกโรงเรียนจิตอาสา 904", "type": "University", "lon": 100.5943274, "lat": 13.857199, "district_id": 4, "row": 238, "col": 490 }, "geometry": { "type": "Point", "coordinates": [ 100.5943274, 13.857199 ] } },
{ "type": "Feature", "properties": { "name": "โรงเรียนจิตอาสาพระราชทาน", "type": "University", "lon": 100.5531407, "lat": 13.7796951, "district_id": 32, "row": 367, "col": 421 }, "geometry": { "type": "Point", "coordinates": [ 100.5531407, 13.7796951 ] } },
{ "type": "Feature", "properties": { "name": "Sinjong Clinic", "type": "Clinic", "lon": 100.7234694, "lat": 13.8030853, "district_id": 27, "row": 328, "col": 705 }, "geometry": { "type": "Point", "coordinates": [ 100.7234694, 13.8030853 ] } },
{ "type": "Feature", "properties": { "name": "ศศิรักษ์คลินิกเวชกรรม", "type": "Hospital", "lon": 100.3880494, "lat": 13.7093097, "district_id": 3, "row": 484, "col": 146 }, "geometry": { "type": "Point", "coordinates": [ 100.3880494, 13.7093097 ] } },
{ "type": "Feature", "properties": { "name": "(unnamed)", "type": "Police", "lon": 100.529755, "lat": 13.7378593, "district_id": 30, "row": 436, "col": 382 }, "geometry": { "type": "Point", "coordinates": [ 100.529755, 13.7378593 ] } },
{ "type": "Feature", "properties": { "name": "Raffles American School Bangkok", "type": "School", "lon": 100.6590161, "lat": 13.6646657, "district_id": 0, "row": 558, "col": 598 }, "geometry": { "type": "Point", "coordinates": [ 100.6590161, 13.6646657 ] } },
{ "type": "Feature", "properties": { "name": "Raffles International College", "type": "University", "lon": 100.6597753, "lat": 13.6645783, "district_id": 0, "row": 559, "col": 599 }, "geometry": { "type": "Point", "coordinates": [ 100.6597753, 13.6645783 ] } },
{ "type": "Feature", "properties": { "name": "WIH International Hospital", "type": "Hospital", "lon": 100.6505749, "lat": 13.6638559, "district_id": 7, "row": 560, "col": 584 }, "geometry": { "type": "Point", "coordinates": [ 100.6505749, 13.6638559 ] } },
{ "type": "Feature", "properties": { "name": "Cinic", "type": "Clinic", "lon": 100.4919096, "lat": 13.8425593, "district_id": 0, "row": 262, "col": 319 }, "geometry": { "type": "Point", "coordinates": [ 100.4919096, 13.8425593 ] } },
{ "type": "Feature", "properties": { "name": "Chotipalo Hall", "type": "School", "lon": 100.4130364, "lat": 13.8130222, "district_id": 0, "row": 311, "col": 188 }, "geometry": { "type": "Point", "coordinates": [ 100.4130364, 13.8130222 ] } },
{ "type": "Feature", "properties": { "name": "Rampoei Office", "type": "School", "lon": 100.4127295, "lat": 13.8136239, "district_id": 0, "row": 310, "col": 187 }, "geometry": { "type": "Point", "coordinates": [ 100.4127295, 13.8136239 ] } },
{ "type": "Feature", "properties": { "name": "Buiding 3", "type": "School", "lon": 100.4129188, "lat": 13.8137583, "district_id": 0, "row": 310, "col": 188 }, "geometry": { "type": "Point", "coordinates": [ 100.4129188, 13.8137583 ] } },
{ "type": "Feature", "properties": { "name": "Building 2", "type": "School", "lon": 100.413368, "lat": 13.8140422, "district_id": 0, "row": 309, "col": 188 }, "geometry": { "type": "Point", "coordinates": [ 100.413368, 13.8140422 ] } },
{ "type": "Feature", "properties": { "name": "Building 4", "type": "School", "lon": 100.4142075, "lat": 13.8140144, "district_id": 0, "row": 309, "col": 190 }, "geometry": { "type": "Point", "coordinates": [ 100.4142075, 13.8140144 ] } },
{ "type": "Feature", "properties": { "name": "Training Center", "type": "School", "lon": 100.4142832, "lat": 13.8141695, "district_id": 0, "row": 309, "col": 190 }, "geometry": { "type": "Point", "coordinates": [ 100.4142832, 13.8141695 ] } },
{ "type": "Feature", "properties": { "name": "Med Center and Observatory", "type": "School", "lon": 100.4142563, "lat": 13.8135134, "district_id": 0, "row": 310, "col": 190 }, "geometry": { "type": "Point", "coordinates": [ 100.4142563, 13.8135134 ] } },
{ "type": "Feature", "properties": { "name": "Building 5", "type": "School", "lon": 100.4140073, "lat": 13.8132996, "district_id": 0, "row": 311, "col": 190 }, "geometry": { "type": "Point", "coordinates": [ 100.4140073, 13.8132996 ] } },
{ "type": "Feature", "properties": { "name": "Building 1", "type": "School", "lon": 100.4135351, "lat": 13.8130172, "district_id": 0, "row": 311, "col": 189 }, "geometry": { "type": "Point", "coordinates": [ 100.4135351, 13.8130172 ] } },
{ "type": "Feature", "properties": { "name": "Burana Suksa Kindergarten School", "type": "School", "lon": 100.4940125, "lat": 13.6233454, "district_id": 47, "row": 627, "col": 323 }, "geometry": { "type": "Point", "coordinates": [ 100.4940125, 13.6233454 ] } },
{ "type": "Feature", "properties": { "name": "โรงเรียนอนุบาลปิยะวิทย์", "type": "School", "lon": 100.630609, "lat": 13.9365398, "district_id": 39, "row": 105, "col": 551 }, "geometry": { "type": "Point", "coordinates": [ 100.630609, 13.9365398 ] } },
{ "type": "Feature", "properties": { "name": "(unnamed)", "type": "Hospital", "lon": 100.6361759, "lat": 13.7610564, "district_id": 2, "row": 398, "col": 560 }, "geometry": { "type": "Point", "coordinates": [ 100.6361759, 13.7610564 ] } },
{ "type": "Feature", "properties": { "name": "(unnamed)", "type": "Police", "lon": 100.5721466, "lat": 13.83405, "district_id": 14, "row": 276, "col": 453 }, "geometry": { "type": "Point", "coordinates": [ 100.5721466, 13.83405 ] } },
{ "type": "Feature", "properties": { "name": "Buddhist Learning Center", "type": "School", "lon": 100.5825191, "lat": 13.8891043, "district_id": 24, "row": 184, "col": 470 }, "geometry": { "type": "Point", "coordinates": [ 100.5825191, 13.8891043 ] } },
{ "type": "Feature", "properties": { "name": "Billion Care Clinic", "type": "Clinic", "lon": 100.5878, "lat": 13.8901352, "district_id": 17, "row": 183, "col": 479 }, "geometry": { "type": "Point", "coordinates": [ 100.5878, 13.8901352 ] } },
{ "type": "Feature", "properties": { "name": "WellMed clinic", "type": "Hospital", "lon": 100.5632733, "lat": 13.7354404, "district_id": 48, "row": 440, "col": 438 }, "geometry": { "type": "Point", "coordinates": [ 100.5632733, 13.7354404 ] } },
{ "type": "Feature", "properties": { "name": "Immigration for Covid Extention", "type": "Police", "lon": 100.55349, "lat": 13.9172821, "district_id": 0, "row": 137, "col": 422 }, "geometry": { "type": "Point", "coordinates": [ 100.55349, 13.9172821 ] } },
{ "type": "Feature", "properties": { "name": "Huachiew TCM", "type": "Hospital", "lon": 100.5165921, "lat": 13.7501618, "district_id": 35, "row": 416, "col": 360 }, "geometry": { "type": "Point", "coordinates": [ 100.5165921, 13.7501618 ] } },
{ "type": "Feature", "properties": { "name": "Bangna Hospital", "type": "Hospital", "lon": 100.635481, "lat": 13.6669429, "district_id": 7, "row": 555, "col": 559 }, "geometry": { "type": "Point", "coordinates": [ 100.635481, 13.6669429 ] } },
{ "type": "Feature", "properties": { "name": "Skinity Clinic", "type": "Clinic", "lon": 100.6151199, "lat": 13.6841449, "district_id": 7, "row": 526, "col": 525 }, "geometry": { "type": "Point", "coordinates": [ 100.6151199, 13.6841449 ] } },
{ "type": "Feature", "properties": { "name": "Wat Bang Ping Subdistrict Municipality Health Center", "type": "Hospital", "lon": 100.623227, "lat": 13.609071, "district_id": 0, "row": 651, "col": 538 }, "geometry": { "type": "Point", "coordinates": [ 100.623227, 13.609071 ] } },
{ "type": "Feature", "properties": { "name": "Smile Together Clinic", "type": "Hospital", "lon": 100.6548199, "lat": 13.8180636, "district_id": 13, "row": 303, "col": 591 }, "geometry": { "type": "Point", "coordinates": [ 100.6548199, 13.8180636 ] } },
{ "type": "Feature", "properties": { "name": "ดินสอคลินิกกายภาพบำบัด", "type": "Clinic", "lon": 100.6691606, "lat": 13.5988914, "district_id": 0, "row": 668, "col": 615 }, "geometry": { "type": "Point", "coordinates": [ 100.6691606, 13.5988914 ] } },
{ "type": "Feature", "properties": { "name": "(unnamed)", "type": "School", "lon": 100.5830004, "lat": 13.7186349, "district_id": 23, "row": 468, "col": 471 }, "geometry": { "type": "Point", "coordinates": [ 100.5830004, 13.7186349 ] } },
{ "type": "Feature", "properties": { "name": "Synphaet Hospital Lamlukka", "type": "Hospital", "lon": 100.6606459, "lat": 13.931241, "district_id": 39, "row": 114, "col": 601 }, "geometry": { "type": "Point", "coordinates": [ 100.6606459, 13.931241 ] } },
{ "type": "Feature", "properties": { "name": "Safe Clinic", "type": "Clinic", "lon": 100.5589291, "lat": 13.7376737, "district_id": 48, "row": 437, "col": 431 }, "geometry": { "type": "Point", "coordinates": [ 100.5589291, 13.7376737 ] } },
{ "type": "Feature", "properties": { "name": "Renewme Clinic", "type": "Clinic", "lon": 100.5571195, "lat": 13.7400529, "district_id": 48, "row": 433, "col": 428 }, "geometry": { "type": "Point", "coordinates": [ 100.5571195, 13.7400529 ] } },
{ "type": "Feature", "properties": { "name": "Royal Symphony Music", "type": "School", "lon": 100.545333, "lat": 13.7342958, "district_id": 30, "row": 442, "col": 408 }, "geometry": { "type": "Point", "coordinates": [ 100.545333, 13.7342958 ] } },
{ "type": "Feature", "properties": { "name": "International Hotel and Tourism Industry Management School", "type": "University", "lon": 100.6431287, "lat": 13.7560993, "district_id": 2, "row": 406, "col": 571 }, "geometry": { "type": "Point", "coordinates": [ 100.6431287, 13.7560993 ] } },
{ "type": "Feature", "properties": { "name": "SanDee Language School", "type": "School", "lon": 100.5749634, "lat": 13.7523802, "district_id": 19, "row": 412, "col": 458 }, "geometry": { "type": "Point", "coordinates": [ 100.5749634, 13.7523802 ] } },
{ "type": "Feature", "properties": { "name": "Nonthaburi Police Forensic Science", "type": "Police", "lon": 100.492208, "lat": 13.8435517, "district_id": 0, "row": 260, "col": 320 }, "geometry": { "type": "Point", "coordinates": [ 100.492208, 13.8435517 ] } },
{ "type": "Feature", "properties": { "name": "Bangkok Noi Police Station", "type": "Police", "lon": 100.4715376, "lat": 13.7600523, "district_id": 11, "row": 399, "col": 285 }, "geometry": { "type": "Point", "coordinates": [ 100.4715376, 13.7600523 ] } },
{ "type": "Feature", "properties": { "name": "Yue Mu Yuan Chinese Medicine Clinic", "type": "Clinic", "lon": 100.7040915, "lat": 13.7215398, "district_id": 36, "row": 464, "col": 673 }, "geometry": { "type": "Point", "coordinates": [ 100.7040915, 13.7215398 ] } },
{ "type": "Feature", "properties": { "name": "Mersi Clinic", "type": "Clinic", "lon": 100.573805, "lat": 13.7427947, "district_id": 48, "row": 428, "col": 456 }, "geometry": { "type": "Point", "coordinates": [ 100.573805, 13.7427947 ] } },
{ "type": "Feature", "properties": { "name": "สถานีตำรวจนครบาลหนองแขม", "type": "Police", "lon": 100.3453684, "lat": 13.6766384, "district_id": 29, "row": 538, "col": 75 }, "geometry": { "type": "Point", "coordinates": [ 100.3453684, 13.6766384 ] } },
{ "type": "Feature", "properties": { "name": "Beaconhouse Yamsaard International School", "type": "School", "lon": 100.6566802, "lat": 13.7225814, "district_id": 36, "row": 462, "col": 594 }, "geometry": { "type": "Point", "coordinates": [ 100.6566802, 13.7225814 ] } },
{ "type": "Feature", "properties": { "name": "Metropolitan Police Division 5", "type": "Police", "lon": 100.5318268, "lat": 13.7230077, "district_id": 9, "row": 461, "col": 386 }, "geometry": { "type": "Point", "coordinates": [ 100.5318268, 13.7230077 ] } },
{ "type": "Feature", "properties": { "name": "New You Clinic", "type": "Clinic", "lon": 100.5179112, "lat": 13.7298104, "district_id": 9, "row": 450, "col": 363 }, "geometry": { "type": "Point", "coordinates": [ 100.5179112, 13.7298104 ] } },
{ "type": "Feature", "properties": { "name": "Phanat-Phensri Medical Clinic", "type": "Clinic", "lon": 100.5259924, "lat": 13.7320663, "district_id": 9, "row": 446, "col": 376 }, "geometry": { "type": "Point", "coordinates": [ 100.5259924, 13.7320663 ] } },
{ "type": "Feature", "properties": { "name": "La Purita CLINIC (ลา พูริต้า คลินิก) สาขารัชดาภิเษก", "type": "Clinic", "lon": 100.6324673, "lat": 13.7663075, "district_id": 2, "row": 389, "col": 554 }, "geometry": { "type": "Point", "coordinates": [ 100.6324673, 13.7663075 ] } },
{ "type": "Feature", "properties": { "name": "La Purita CLINIC", "type": "Clinic", "lon": 100.5749582, "lat": 13.8002465, "district_id": 19, "row": 332, "col": 458 }, "geometry": { "type": "Point", "coordinates": [ 100.5749582, 13.8002465 ] } },
{ "type": "Feature", "properties": { "name": "Kasemsan Kindergarten", "type": "School", "lon": 100.6762479, "lat": 13.6888673, "district_id": 36, "row": 518, "col": 627 }, "geometry": { "type": "Point", "coordinates": [ 100.6762479, 13.6888673 ] } },
{ "type": "Feature", "properties": { "name": "Gangnam Clinic", "type": "Clinic", "lon": 100.5340038, "lat": 13.7446084, "district_id": 30, "row": 425, "col": 390 }, "geometry": { "type": "Point", "coordinates": [ 100.5340038, 13.7446084 ] } },
{ "type": "Feature", "properties": { "name": "Doctor Hub Clinic", "type": "Clinic", "lon": 100.5359732, "lat": 13.7293908, "district_id": 9, "row": 451, "col": 393 }, "geometry": { "type": "Point", "coordinates": [ 100.5359732, 13.7293908 ] } },
{ "type": "Feature", "properties": { "name": "Nevella", "type": "Clinic", "lon": 100.5359766, "lat": 13.7294446, "district_id": 9, "row": 450, "col": 393 }, "geometry": { "type": "Point", "coordinates": [ 100.5359766, 13.7294446 ] } },
{ "type": "Feature", "properties": { "name": "Vyta Wellness & Aesthetic Clinic", "type": "Clinic", "lon": 100.536102, "lat": 13.7294757, "district_id": 9, "row": 450, "col": 393 }, "geometry": { "type": "Point", "coordinates": [ 100.536102, 13.7294757 ] } },
{ "type": "Feature", "properties": { "name": "KTC", "type": "Clinic", "lon": 100.5357518, "lat": 13.7294883, "district_id": 9, "row": 450, "col": 392 }, "geometry": { "type": "Point", "coordinates": [ 100.5357518, 13.7294883 ] } },
{ "type": "Feature", "properties": { "name": "Morning Mind Clinic", "type": "Clinic", "lon": 100.5358253, "lat": 13.7293782, "district_id": 9, "row": 451, "col": 393 }, "geometry": { "type": "Point", "coordinates": [ 100.5358253, 13.7293782 ] } },
{ "type": "Feature", "properties": { "name": "คลินิค นายแพทย์วรายุทธ์", "type": "Clinic", "lon": 100.6527597, "lat": 13.8444378, "district_id": 20, "row": 259, "col": 587 }, "geometry": { "type": "Point", "coordinates": [ 100.6527597, 13.8444378 ] } },
{ "type": "Feature", "properties": { "name": "Little Lamb Montessori", "type": "School", "lon": 100.6533463, "lat": 13.8464619, "district_id": 20, "row": 255, "col": 588 }, "geometry": { "type": "Point", "coordinates": [ 100.6533463, 13.8464619 ] } },
{ "type": "Feature", "properties": { "name": "Arte Beaute Clinic", "type": "Clinic", "lon": 100.6457553, "lat": 13.8589495, "district_id": 4, "row": 235, "col": 576 }, "geometry": { "type": "Point", "coordinates": [ 100.6457553, 13.8589495 ] } },
{ "type": "Feature", "properties": { "name": "Bangkhen Medical Sahaclinic", "type": "Clinic", "lon": 100.6455611, "lat": 13.8589387, "district_id": 4, "row": 235, "col": 575 }, "geometry": { "type": "Point", "coordinates": [ 100.6455611, 13.8589387 ] } },
{ "type": "Feature", "properties": { "name": "คลินิกผิวหนังชัยพฤกษ์", "type": "Clinic", "lon": 100.6439552, "lat": 13.8588488, "district_id": 4, "row": 235, "col": 573 }, "geometry": { "type": "Point", "coordinates": [ 100.6439552, 13.8588488 ] } },
{ "type": "Feature", "properties": { "name": "Tallsters", "type": "Clinic", "lon": 100.5281468, "lat": 13.7342007, "district_id": 30, "row": 442, "col": 380 }, "geometry": { "type": "Point", "coordinates": [ 100.5281468, 13.7342007 ] } },
{ "type": "Feature", "properties": { "name": "SWC Clinic and Students Health Services", "type": "Clinic", "lon": 100.5636666, "lat": 13.7446472, "district_id": 48, "row": 425, "col": 439 }, "geometry": { "type": "Point", "coordinates": [ 100.5636666, 13.7446472 ] } },
{ "type": "Feature", "properties": { "name": "ศูนย์ฝึกอบรมเทคโนโลยีการพิมพ์แห่งชาติ", "type": "University", "lon": 100.535345, "lat": 13.9095356, "district_id": 0, "row": 150, "col": 392 }, "geometry": { "type": "Point", "coordinates": [ 100.535345, 13.9095356 ] } },
{ "type": "Feature", "properties": { "name": "Purple Elephant at Samakee", "type": "School", "lon": 100.5214571, "lat": 13.882467, "district_id": 0, "row": 195, "col": 369 }, "geometry": { "type": "Point", "coordinates": [ 100.5214571, 13.882467 ] } },
{ "type": "Feature", "properties": { "name": "SWU Clinic", "type": "Clinic", "lon": 100.5637008, "lat": 13.7447137, "district_id": 48, "row": 425, "col": 439 }, "geometry": { "type": "Point", "coordinates": [ 100.5637008, 13.7447137 ] } },
{ "type": "Feature", "properties": { "name": "(unnamed)", "type": "Police", "lon": 100.5734681, "lat": 13.7783304, "district_id": 16, "row": 369, "col": 455 }, "geometry": { "type": "Point", "coordinates": [ 100.5734681, 13.7783304 ] } },
{ "type": "Feature", "properties": { "name": "Reva Clinic", "type": "Clinic", "lon": 100.5239616, "lat": 13.7463897, "district_id": 30, "row": 422, "col": 373 }, "geometry": { "type": "Point", "coordinates": [ 100.5239616, 13.7463897 ] } },
{ "type": "Feature", "properties": { "name": "Somchai Medical clinic", "type": "Clinic", "lon": 100.3301843, "lat": 13.7232238, "district_id": 0, "row": 461, "col": 50 }, "geometry": { "type": "Point", "coordinates": [ 100.3301843, 13.7232238 ] } },
{ "type": "Feature", "properties": { "name": "(unnamed)", "type": "School", "lon": 100.6039778, "lat": 13.6712613, "district_id": 7, "row": 547, "col": 506 }, "geometry": { "type": "Point", "coordinates": [ 100.6039778, 13.6712613 ] } },
{ "type": "Feature", "properties": { "name": "KTC Clinic", "type": "Clinic", "lon": 100.5667677, "lat": 13.7313699, "district_id": 23, "row": 447, "col": 444 }, "geometry": { "type": "Point", "coordinates": [ 100.5667677, 13.7313699 ] } },
{ "type": "Feature", "properties": { "name": "Prapas Wittaya School", "type": "School", "lon": 100.6619978, "lat": 13.8042595, "district_id": 13, "row": 326, "col": 603 }, "geometry": { "type": "Point", "coordinates": [ 100.6619978, 13.8042595 ] } },
{ "type": "Feature", "properties": { "name": "Jindaporn Kindergarten", "type": "School", "lon": 100.6946251, "lat": 13.6690208, "district_id": 36, "row": 551, "col": 657 }, "geometry": { "type": "Point", "coordinates": [ 100.6946251, 13.6690208 ] } },
{ "type": "Feature", "properties": { "name": "Jindaporn School", "type": "School", "lon": 100.6906984, "lat": 13.6716189, "district_id": 36, "row": 547, "col": 651 }, "geometry": { "type": "Point", "coordinates": [ 100.6906984, 13.6716189 ] } },
{ "type": "Feature", "properties": { "name": "Palina Kindergarten", "type": "School", "lon": 100.6812811, "lat": 13.7008764, "district_id": 36, "row": 498, "col": 635 }, "geometry": { "type": "Point", "coordinates": [ 100.6812811, 13.7008764 ] } },
{ "type": "Feature", "properties": { "name": "Prakhanongpittayalai School", "type": "School", "lon": 100.5915429, "lat": 13.6952529, "district_id": 33, "row": 507, "col": 485 }, "geometry": { "type": "Point", "coordinates": [ 100.5915429, 13.6952529 ] } },
{ "type": "Feature", "properties": { "name": "Borpit Witthaya School", "type": "School", "lon": 100.591966, "lat": 13.6920345, "district_id": 33, "row": 513, "col": 486 }, "geometry": { "type": "Point", "coordinates": [ 100.591966, 13.6920345 ] } },
{ "type": "Feature", "properties": { "name": "Wat Lad Phrao School", "type": "School", "lon": 100.5901786, "lat": 13.8031688, "district_id": 26, "row": 328, "col": 483 }, "geometry": { "type": "Point", "coordinates": [ 100.5901786, 13.8031688 ] } },
{ "type": "Feature", "properties": { "name": "Wat Uthai Tharam School", "type": "School", "lon": 100.5694573, "lat": 13.7497172, "district_id": 19, "row": 417, "col": 449 }, "geometry": { "type": "Point", "coordinates": [ 100.5694573, 13.7497172 ] } },
{ "type": "Feature", "properties": { "name": "Thonburi Medical Clinic", "type": "Clinic", "lon": 100.485389, "lat": 13.6868074, "district_id": 15, "row": 521, "col": 308 }, "geometry": { "type": "Point", "coordinates": [ 100.485389, 13.6868074 ] } },
{ "type": "Feature", "properties": { "name": "Faris Wellness Clinic", "type": "Clinic", "lon": 100.455915, "lat": 13.8448847, "district_id": 0, "row": 258, "col": 259 }, "geometry": { "type": "Point", "coordinates": [ 100.455915, 13.8448847 ] } },
{ "type": "Feature", "properties": { "name": "Watbangpho Omawas School", "type": "School", "lon": 100.5199436, "lat": 13.8088854, "district_id": 10, "row": 318, "col": 366 }, "geometry": { "type": "Point", "coordinates": [ 100.5199436, 13.8088854 ] } },
{ "type": "Feature", "properties": { "name": "Aestima", "type": "Clinic", "lon": 100.5469409, "lat": 13.7224627, "district_id": 42, "row": 462, "col": 411 }, "geometry": { "type": "Point", "coordinates": [ 100.5469409, 13.7224627 ] } },
{ "type": "Feature", "properties": { "name": "เลเซอร์คลินิก", "type": "Clinic", "lon": 100.4976677, "lat": 13.653797, "district_id": 47, "row": 577, "col": 329 }, "geometry": { "type": "Point", "coordinates": [ 100.4976677, 13.653797 ] } },
{ "type": "Feature", "properties": { "name": "โรงเรียนวัดลาดบัวขาว", "type": "School", "lon": 100.4972073, "lat": 13.7007874, "district_id": 5, "row": 498, "col": 328 }, "geometry": { "type": "Point", "coordinates": [ 100.4972073, 13.7007874 ] } },
{ "type": "Feature", "properties": { "name": "โรงเรียนวัดจันทร์ใน", "type": "School", "lon": 100.5037989, "lat": 13.695358, "district_id": 5, "row": 507, "col": 339 }, "geometry": { "type": "Point", "coordinates": [ 100.5037989, 13.695358 ] } },
{ "type": "Feature", "properties": { "name": "โรงเรียนวัดบางโคล่นอก", "type": "School", "lon": 100.512289, "lat": 13.6872392, "district_id": 5, "row": 521, "col": 353 }, "geometry": { "type": "Point", "coordinates": [ 100.512289, 13.6872392 ] } },
{ "type": "Feature", "properties": { "name": "โรงเรียนวัดบัวผัน", "type": "School", "lon": 100.4767891, "lat": 13.6122191, "district_id": 6, "row": 646, "col": 294 }, "geometry": { "type": "Point", "coordinates": [ 100.4767891, 13.6122191 ] } },
{ "type": "Feature", "properties": { "name": "Mor Ying Lardprao Animal Clinic", "type": "Clinic", "lon": 100.5674435, "lat": 13.8102023, "district_id": 14, "row": 316, "col": 445 }, "geometry": { "type": "Point", "coordinates": [ 100.5674435, 13.8102023 ] } },
{ "type": "Feature", "properties": { "name": "Watudomrangsee School", "type": "School", "lon": 100.3490309, "lat": 13.7042117, "district_id": 29, "row": 492, "col": 81 }, "geometry": { "type": "Point", "coordinates": [ 100.3490309, 13.7042117 ] } },
{ "type": "Feature", "properties": { "name": "โรงเรียนบ้านขุนประเทศ", "type": "School", "lon": 100.3431112, "lat": 13.7217704, "district_id": 29, "row": 463, "col": 71 }, "geometry": { "type": "Point", "coordinates": [ 100.3431112, 13.7217704 ] } },
{ "type": "Feature", "properties": { "name": "Matthayom Wat Nongkhaem School", "type": "School", "lon": 100.3395394, "lat": 13.6760406, "district_id": 29, "row": 539, "col": 65 }, "geometry": { "type": "Point", "coordinates": [ 100.3395394, 13.6760406 ] } },
{ "type": "Feature", "properties": { "name": "โรงเรียนวัดหนองแขม (สหราษฎร์บูรณะ)", "type": "School", "lon": 100.3394217, "lat": 13.6770598, "district_id": 29, "row": 538, "col": 65 }, "geometry": { "type": "Point", "coordinates": [ 100.3394217, 13.6770598 ] } },
{ "type": "Feature", "properties": { "name": "Tarad Nongkaem Community Policeing Station", "type": "Police", "lon": 100.3397815, "lat": 13.6776789, "district_id": 29, "row": 537, "col": 66 }, "geometry": { "type": "Point", "coordinates": [ 100.3397815, 13.6776789 ] } },
{ "type": "Feature", "properties": { "name": "โรงเรียนวัดศรีนวลธรรมวิมล", "type": "School", "lon": 100.3440647, "lat": 13.6567739, "district_id": 29, "row": 572, "col": 73 }, "geometry": { "type": "Point", "coordinates": [ 100.3440647, 13.6567739 ] } },
{ "type": "Feature", "properties": { "name": "Dipangkornwittayapat (Taweewattana) Under Royal Patronage School", "type": "School", "lon": 100.3488024, "lat": 13.7506135, "district_id": 45, "row": 415, "col": 81 }, "geometry": { "type": "Point", "coordinates": [ 100.3488024, 13.7506135 ] } },
{ "type": "Feature", "properties": { "name": "โรงเรียนโชติกาญจน์", "type": "School", "lon": 100.3444772, "lat": 13.7483512, "district_id": 45, "row": 419, "col": 74 }, "geometry": { "type": "Point", "coordinates": [ 100.3444772, 13.7483512 ] } },
{ "type": "Feature", "properties": { "name": "โรงเรียนวัดศาลาแดง", "type": "School", "lon": 100.3545965, "lat": 13.7494364, "district_id": 3, "row": 417, "col": 90 }, "geometry": { "type": "Point", "coordinates": [ 100.3545965, 13.7494364 ] } },
{ "type": "Feature", "properties": { "name": "โรงเรียนเปี่ยมสุวรรณวิทยา", "type": "School", "lon": 100.4611408, "lat": 13.7333116, "district_id": 31, "row": 444, "col": 268 }, "geometry": { "type": "Point", "coordinates": [ 100.4611408, 13.7333116 ] } },
{ "type": "Feature", "properties": { "name": "โรงเรียนวัดอ่างแก้ว (จีบ ปานขำ)", "type": "School", "lon": 100.4534315, "lat": 13.7163075, "district_id": 31, "row": 472, "col": 255 }, "geometry": { "type": "Point", "coordinates": [ 100.4534315, 13.7163075 ] } },
{ "type": "Feature", "properties": { "name": "โรงเรียนวัดชัยฉิมพลี", "type": "School", "lon": 100.4333563, "lat": 13.7341067, "district_id": 31, "row": 443, "col": 222 }, "geometry": { "type": "Point", "coordinates": [ 100.4333563, 13.7341067 ] } },
{ "type": "Feature", "properties": { "name": "Tha Phra Police Station", "type": "Police", "lon": 100.4656487, "lat": 13.7295416, "district_id": 12, "row": 450, "col": 276 }, "geometry": { "type": "Point", "coordinates": [ 100.4656487, 13.7295416 ] } },
{ "type": "Feature", "properties": { "name": "โรงเรียนวัดทองศาลางาม", "type": "School", "lon": 100.4640791, "lat": 13.7287168, "district_id": 31, "row": 452, "col": 273 }, "geometry": { "type": "Point", "coordinates": [ 100.4640791, 13.7287168 ] } },
{ "type": "Feature", "properties": { "name": "โรงเรียนสุภาคมศึกษา", "type": "School", "lon": 100.467406, "lat": 13.7236201, "district_id": 31, "row": 460, "col": 279 }, "geometry": { "type": "Point", "coordinates": [ 100.467406, 13.7236201 ] } },
{ "type": "Feature", "properties": { "name": "Watsrisudaram School", "type": "School", "lon": 100.4726193, "lat": 13.7667936, "district_id": 11, "row": 388, "col": 287 }, "geometry": { "type": "Point", "coordinates": [ 100.4726193, 13.7667936 ] } },
{ "type": "Feature", "properties": { "name": "โรงเรียนวัดบางเสาธง", "type": "School", "lon": 100.467473, "lat": 13.7432689, "district_id": 12, "row": 427, "col": 279 }, "geometry": { "type": "Point", "coordinates": [ 100.467473, 13.7432689 ] } },
{ "type": "Feature", "properties": { "name": "โรงเรียนวัดเจ้ามูล", "type": "School", "lon": 100.4725457, "lat": 13.7368528, "district_id": 12, "row": 438, "col": 287 }, "geometry": { "type": "Point", "coordinates": [ 100.4725457, 13.7368528 ] } },
{ "type": "Feature", "properties": { "name": "โรงเรียนวัดดีดวด", "type": "School", "lon": 100.474888, "lat": 13.7414202, "district_id": 12, "row": 430, "col": 291 }, "geometry": { "type": "Point", "coordinates": [ 100.474888, 13.7414202 ] } },
{ "type": "Feature", "properties": { "name": "โรงเรียนวัดดุสิตาราม", "type": "School", "lon": 100.4872697, "lat": 13.7640565, "district_id": 11, "row": 393, "col": 312 }, "geometry": { "type": "Point", "coordinates": [ 100.4872697, 13.7640565 ] } },
{ "type": "Feature", "properties": { "name": "โรงเรียนวัดปฐมบุตรอิศราราม", "type": "School", "lon": 100.4766135, "lat": 13.7732145, "district_id": 11, "row": 377, "col": 294 }, "geometry": { "type": "Point", "coordinates": [ 100.4766135, 13.7732145 ] } },
{ "type": "Feature", "properties": { "name": "Buranawit School", "type": "School", "lon": 100.5000548, "lat": 13.7888129, "district_id": 8, "row": 351, "col": 333 }, "geometry": { "type": "Point", "coordinates": [ 100.5000548, 13.7888129 ] } },
{ "type": "Feature", "properties": { "name": "Thewphaingarm School", "type": "School", "lon": 100.4944332, "lat": 13.7772663, "district_id": 8, "row": 371, "col": 324 }, "geometry": { "type": "Point", "coordinates": [ 100.4944332, 13.7772663 ] } },
{ "type": "Feature", "properties": { "name": "Canadian International School of Thailand", "type": "School", "lon": 100.4966672, "lat": 13.7767384, "district_id": 8, "row": 372, "col": 327 }, "geometry": { "type": "Point", "coordinates": [ 100.4966672, 13.7767384 ] } },
{ "type": "Feature", "properties": { "name": "โรงเรียนวัดฉัตรแก้วจงกลณี", "type": "School", "lon": 100.5134022, "lat": 13.8016483, "district_id": 8, "row": 330, "col": 355 }, "geometry": { "type": "Point", "coordinates": [ 100.5134022, 13.8016483 ] } },
{ "type": "Feature", "properties": { "name": "โรงเรียนวัดสามัคคีสุทธาวาส", "type": "School", "lon": 100.5024275, "lat": 13.7976044, "district_id": 8, "row": 337, "col": 337 }, "geometry": { "type": "Point", "coordinates": [ 100.5024275, 13.7976044 ] } },
{ "type": "Feature", "properties": { "name": "Thonburi Polytechnic College", "type": "University", "lon": 100.5069323, "lat": 13.7340061, "district_id": 22, "row": 443, "col": 344 }, "geometry": { "type": "Point", "coordinates": [ 100.5069323, 13.7340061 ] } },
{ "type": "Feature", "properties": { "name": "โรงเรียนวัดทองธรรมชาติ", "type": "School", "lon": 100.5064409, "lat": 13.7339649, "district_id": 22, "row": 443, "col": 344 }, "geometry": { "type": "Point", "coordinates": [ 100.5064409, 13.7339649 ] } },
{ "type": "Feature", "properties": { "name": "โรงเรียนวัดเศวตฉัตร", "type": "School", "lon": 100.5061089, "lat": 13.713291, "district_id": 22, "row": 477, "col": 343 }, "geometry": { "type": "Point", "coordinates": [ 100.5061089, 13.713291 ] } },
{ "type": "Feature", "properties": { "name": "โรงเรียนวัดประยุรวงศาวาส", "type": "School", "lon": 100.4946676, "lat": 13.7372317, "district_id": 46, "row": 437, "col": 324 }, "geometry": { "type": "Point", "coordinates": [ 100.4946676, 13.7372317 ] } },
{ "type": "Feature", "properties": { "name": "Santacruzsuksa School", "type": "School", "lon": 100.4941815, "lat": 13.7390315, "district_id": 46, "row": 434, "col": 323 }, "geometry": { "type": "Point", "coordinates": [ 100.4941815, 13.7390315 ] } },
{ "type": "Feature", "properties": { "name": "โรงเรียนวัดราชวรินทร์", "type": "School", "lon": 100.4924505, "lat": 13.7090484, "district_id": 46, "row": 484, "col": 320 }, "geometry": { "type": "Point", "coordinates": [ 100.4924505, 13.7090484 ] } },
{ "type": "Feature", "properties": { "name": "โรงเรียนวัดบางสะแกใน", "type": "School", "lon": 100.475631, "lat": 13.7115245, "district_id": 46, "row": 480, "col": 292 }, "geometry": { "type": "Point", "coordinates": [ 100.475631, 13.7115245 ] } },
{ "type": "Feature", "properties": { "name": "Saklasutthera U-patham School", "type": "School", "lon": 100.514859, "lat": 13.5424579, "district_id": 0, "row": 762, "col": 358 }, "geometry": { "type": "Point", "coordinates": [ 100.514859, 13.5424579 ] } },
{ "type": "Feature", "properties": { "name": "โรงเรียนวัดศรีคงคาราม", "type": "School", "lon": 100.4716081, "lat": 13.5428954, "district_id": 0, "row": 761, "col": 286 }, "geometry": { "type": "Point", "coordinates": [ 100.4716081, 13.5428954 ] } },
{ "type": "Feature", "properties": { "name": "Watkhae School", "type": "School", "lon": 100.5654269, "lat": 13.6061477, "district_id": 0, "row": 656, "col": 442 }, "geometry": { "type": "Point", "coordinates": [ 100.5654269, 13.6061477 ] } },
{ "type": "Feature", "properties": { "name": "โรงพยาบาลส่งเสริมสุขภาพตำบลแหลมฟ้าผ่า", "type": "Clinic", "lon": 100.5478784, "lat": 13.5677334, "district_id": 0, "row": 720, "col": 413 }, "geometry": { "type": "Point", "coordinates": [ 100.5478784, 13.5677334 ] } },
{ "type": "Feature", "properties": { "name": "โรงพยาบาลส่งเสริมสุขภาพตำบล บางยอ", "type": "Clinic", "lon": 100.5547936, "lat": 13.6692476, "district_id": 0, "row": 551, "col": 424 }, "geometry": { "type": "Point", "coordinates": [ 100.5547936, 13.6692476 ] } },
{ "type": "Feature", "properties": { "name": "คลินิกเวชกรรมมหาชนพระประแดง", "type": "Clinic", "lon": 100.5308912, "lat": 13.6607176, "district_id": 0, "row": 565, "col": 384 }, "geometry": { "type": "Point", "coordinates": [ 100.5308912, 13.6607176 ] } },
{ "type": "Feature", "properties": { "name": "โรงเรียนวัดกลาง (ธรรมวิธานราษฎร์วิทยา)", "type": "School", "lon": 100.5293203, "lat": 13.661844, "district_id": 0, "row": 563, "col": 382 }, "geometry": { "type": "Point", "coordinates": [ 100.5293203, 13.661844 ] } },
{ "type": "Feature", "properties": { "name": "Wat Bangkobua School", "type": "School", "lon": 100.5756797, "lat": 13.6963766, "district_id": 0, "row": 506, "col": 459 }, "geometry": { "type": "Point", "coordinates": [ 100.5756797, 13.6963766 ] } },
{ "type": "Feature", "properties": { "name": "Wat Kongkaew School", "type": "School", "lon": 100.5622704, "lat": 13.6841116, "district_id": 0, "row": 526, "col": 437 }, "geometry": { "type": "Point", "coordinates": [ 100.5622704, 13.6841116 ] } },
{ "type": "Feature", "properties": { "name": "Watbangnampuengnok School", "type": "School", "lon": 100.5847821, "lat": 13.6833147, "district_id": 0, "row": 527, "col": 474 }, "geometry": { "type": "Point", "coordinates": [ 100.5847821, 13.6833147 ] } },
{ "type": "Feature", "properties": { "name": "โรงเรียนณัฏฐเวศม์", "type": "School", "lon": 100.5397837, "lat": 13.6527422, "district_id": 0, "row": 578, "col": 399 }, "geometry": { "type": "Point", "coordinates": [ 100.5397837, 13.6527422 ] } },
{ "type": "Feature", "properties": { "name": "โรงเรียนวัดสำโรงเหนือ (สุขราษฎร์ศึกษา)", "type": "School", "lon": 100.5706599, "lat": 13.6575877, "district_id": 0, "row": 570, "col": 451 }, "geometry": { "type": "Point", "coordinates": [ 100.5706599, 13.6575877 ] } },
{ "type": "Feature", "properties": { "name": "โรงเรียนวัดสวนส้ม (สุขประชานุกูล)", "type": "School", "lon": 100.573185, "lat": 13.6351888, "district_id": 0, "row": 608, "col": 455 }, "geometry": { "type": "Point", "coordinates": [ 100.573185, 13.6351888 ] } },
{ "type": "Feature", "properties": { "name": "โรงเรียนวัดโยธินประดิษฐ์", "type": "School", "lon": 100.5805505, "lat": 13.6665467, "district_id": 0, "row": 555, "col": 467 }, "geometry": { "type": "Point", "coordinates": [ 100.5805505, 13.6665467 ] } },
{ "type": "Feature", "properties": { "name": "โรงเรียนนพคุณวิทยา", "type": "School", "lon": 100.6075211, "lat": 13.5940647, "district_id": 0, "row": 676, "col": 512 }, "geometry": { "type": "Point", "coordinates": [ 100.6075211, 13.5940647 ] } },
{ "type": "Feature", "properties": { "name": "โรงเรียนวัดคลองเก้า", "type": "School", "lon": 100.6916683, "lat": 13.5596663, "district_id": 0, "row": 733, "col": 652 }, "geometry": { "type": "Point", "coordinates": [ 100.6916683, 13.5596663 ] } },
{ "type": "Feature", "properties": { "name": "Watratphothong School", "type": "School", "lon": 100.6016517, "lat": 13.5662612, "district_id": 0, "row": 722, "col": 502 }, "geometry": { "type": "Point", "coordinates": [ 100.6016517, 13.5662612 ] } },
{ "type": "Feature", "properties": { "name": "Phada Clinic", "type": "Clinic", "lon": 100.5914169, "lat": 13.8237166, "district_id": 26, "row": 293, "col": 485 }, "geometry": { "type": "Point", "coordinates": [ 100.5914169, 13.8237166 ] } },
{ "type": "Feature", "properties": { "name": "โรงเรียนคันนายาว (ธารินเจริญสงเคราะห์)", "type": "School", "lon": 100.695213, "lat": 13.7931291, "district_id": 20, "row": 344, "col": 658 }, "geometry": { "type": "Point", "coordinates": [ 100.695213, 13.7931291 ] } },
{ "type": "Feature", "properties": { "name": "HYPE CLINIC ไฮป์คลินิกเวชกรรม", "type": "Clinic", "lon": 100.5669275, "lat": 13.8912278, "district_id": 24, "row": 181, "col": 444 }, "geometry": { "type": "Point", "coordinates": [ 100.5669275, 13.8912278 ] } },
{ "type": "Feature", "properties": { "name": "Watbangduan School", "type": "School", "lon": 100.5735293, "lat": 13.6174393, "district_id": 0, "row": 637, "col": 455 }, "geometry": { "type": "Point", "coordinates": [ 100.5735293, 13.6174393 ] } },
{ "type": "Feature", "properties": { "name": "Chumchonwatratbumrung School", "type": "School", "lon": 100.7279819, "lat": 13.5063922, "district_id": 0, "row": 822, "col": 713 }, "geometry": { "type": "Point", "coordinates": [ 100.7279819, 13.5063922 ] } },
{ "type": "Feature", "properties": { "name": "Mattayom Wat Sichanpradit School", "type": "School", "lon": 100.6441056, "lat": 13.5213298, "district_id": 0, "row": 797, "col": 573 }, "geometry": { "type": "Point", "coordinates": [ 100.6441056, 13.5213298 ] } },
{ "type": "Feature", "properties": { "name": "Watbangprong School", "type": "School", "lon": 100.5649147, "lat": 13.6185551, "district_id": 0, "row": 635, "col": 441 }, "geometry": { "type": "Point", "coordinates": [ 100.5649147, 13.6185551 ] } },
{ "type": "Feature", "properties": { "name": "Watsalut School", "type": "School", "lon": 100.6964739, "lat": 13.6507554, "district_id": 0, "row": 582, "col": 660 }, "geometry": { "type": "Point", "coordinates": [ 100.6964739, 13.6507554 ] } },
{ "type": "Feature", "properties": { "name": "โรงพยาบาลส่งเสริมสุขภาพตำบลวัดสลุด", "type": "Clinic", "lon": 100.695467, "lat": 13.6508699, "district_id": 0, "row": 581, "col": 659 }, "geometry": { "type": "Point", "coordinates": [ 100.695467, 13.6508699 ] } },
{ "type": "Feature", "properties": { "name": "Watkingkaeo School", "type": "School", "lon": 100.7193168, "lat": 13.677695, "district_id": 0, "row": 537, "col": 698 }, "geometry": { "type": "Point", "coordinates": [ 100.7193168, 13.677695 ] } },
{ "type": "Feature", "properties": { "name": "ScienArium", "type": "School", "lon": 100.6693947, "lat": 13.7757573, "district_id": 41, "row": 373, "col": 615 }, "geometry": { "type": "Point", "coordinates": [ 100.6693947, 13.7757573 ] } },
{ "type": "Feature", "properties": { "name": "โรงเรียนวัดบางโฉลงใน", "type": "School", "lon": 100.7402163, "lat": 13.615355, "district_id": 0, "row": 641, "col": 733 }, "geometry": { "type": "Point", "coordinates": [ 100.7402163, 13.615355 ] } },
{ "type": "Feature", "properties": { "name": "โรงเรียนวัดบัวโรย", "type": "School", "lon": 100.8293922, "lat": 13.6571802, "district_id": 0, "row": 571, "col": 882 }, "geometry": { "type": "Point", "coordinates": [ 100.8293922, 13.6571802 ] } },
{ "type": "Feature", "properties": { "name": "โรงพยาบาลส่งเสริมสุขภาพตำบลบางเสาธง", "type": "Clinic", "lon": 100.8290365, "lat": 13.6574761, "district_id": 0, "row": 570, "col": 881 }, "geometry": { "type": "Point", "coordinates": [ 100.8290365, 13.6574761 ] } },
{ "type": "Feature", "properties": { "name": "Watsaothongklang School", "type": "School", "lon": 100.8215111, "lat": 13.6138014, "district_id": 0, "row": 643, "col": 869 }, "geometry": { "type": "Point", "coordinates": [ 100.8215111, 13.6138014 ] } },
{ "type": "Feature", "properties": { "name": "โรงพยาบาลส่งเสริมสุขภาพตำบลเสาธงกลาง", "type": "Clinic", "lon": 100.8199039, "lat": 13.6129052, "district_id": 0, "row": 645, "col": 866 }, "geometry": { "type": "Point", "coordinates": [ 100.8199039, 13.6129052 ] } },
{ "type": "Feature", "properties": { "name": "โรงเรียนวัดมงคลนิมิตร (มงคลพิทยาคาร)", "type": "School", "lon": 100.789665, "lat": 13.591592, "district_id": 0, "row": 680, "col": 816 }, "geometry": { "type": "Point", "coordinates": [ 100.789665, 13.591592 ] } },
{ "type": "Feature", "properties": { "name": "โรงเรียนวัดหัวคู้", "type": "School", "lon": 100.786224, "lat": 13.7060665, "district_id": 0, "row": 489, "col": 810 }, "geometry": { "type": "Point", "coordinates": [ 100.786224, 13.7060665 ] } },
{ "type": "Feature", "properties": { "name": "Wat Sriwareenoi School", "type": "School", "lon": 100.798352, "lat": 13.6710055, "district_id": 0, "row": 548, "col": 830 }, "geometry": { "type": "Point", "coordinates": [ 100.798352, 13.6710055 ] } },
{ "type": "Feature", "properties": { "name": "โรงเรียนวัดบางเพรียง", "type": "School", "lon": 100.810814, "lat": 13.5338756, "district_id": 0, "row": 776, "col": 851 }, "geometry": { "type": "Point", "coordinates": [ 100.810814, 13.5338756 ] } },
{ "type": "Feature", "properties": { "name": "โรงเรียนบ้านท้องคุ้ง", "type": "School", "lon": 100.8335285, "lat": 13.5310546, "district_id": 0, "row": 781, "col": 889 }, "geometry": { "type": "Point", "coordinates": [ 100.8335285, 13.5310546 ] } },
{ "type": "Feature", "properties": { "name": "โรงเรียนสุดใจวิทยา", "type": "School", "lon": 100.8201364, "lat": 13.5120982, "district_id": 0, "row": 813, "col": 866 }, "geometry": { "type": "Point", "coordinates": [ 100.8201364, 13.5120982 ] } },
{ "type": "Feature", "properties": { "name": "โรงเรียนวัดสว่างอารมณ์", "type": "School", "lon": 100.8162499, "lat": 13.4924608, "district_id": 0, "row": 845, "col": 860 }, "geometry": { "type": "Point", "coordinates": [ 100.8162499, 13.4924608 ] } },
{ "type": "Feature", "properties": { "name": "Watparnprasittharam School", "type": "School", "lon": 100.8728654, "lat": 13.5308171, "district_id": 0, "row": 781, "col": 954 }, "geometry": { "type": "Point", "coordinates": [ 100.8728654, 13.5308171 ] } },
{ "type": "Feature", "properties": { "name": "โรงเรียนวัดบางนางเพ็ง", "type": "School", "lon": 100.8649313, "lat": 13.5474658, "district_id": 0, "row": 754, "col": 941 }, "geometry": { "type": "Point", "coordinates": [ 100.8649313, 13.5474658 ] } },
{ "type": "Feature", "properties": { "name": "โรงเรียนวัดคอลาด", "type": "School", "lon": 100.8850133, "lat": 13.6306767, "district_id": 0, "row": 615, "col": 975 }, "geometry": { "type": "Point", "coordinates": [ 100.8850133, 13.6306767 ] } },
{ "type": "Feature", "properties": { "name": "โรงเรียนธรรมศรีสุวรรณดิษฐ์", "type": "School", "lon": 100.9048377, "lat": 13.6271096, "district_id": 0, "row": 621, "col": 1008 }, "geometry": { "type": "Point", "coordinates": [ 100.9048377, 13.6271096 ] } },
{ "type": "Feature", "properties": { "name": "โรงเรียนวัดเปร็งราษฎร์บำรุง (ศรีวรพินิจวิทยาคาร)", "type": "School", "lon": 100.8955342, "lat": 13.6822453, "district_id": 0, "row": 529, "col": 992 }, "geometry": { "type": "Point", "coordinates": [ 100.8955342, 13.6822453 ] } },
{ "type": "Feature", "properties": { "name": "ศูนย์การแพทย์ประกันสังคมลาดพร้าว", "type": "Clinic", "lon": 100.6226394, "lat": 13.7781729, "district_id": 49, "row": 369, "col": 537 }, "geometry": { "type": "Point", "coordinates": [ 100.6226394, 13.7781729 ] } },
{ "type": "Feature", "properties": { "name": "สถานนีดับเพลิงชั่วคราว พระโขนง", "type": "Fire station", "lon": 100.6381996, "lat": 13.7115147, "district_id": 43, "row": 480, "col": 563 }, "geometry": { "type": "Point", "coordinates": [ 100.6381996, 13.7115147 ] } },
{ "type": "Feature", "properties": { "name": "โรงเรียนราชวินิต นนทบุรี", "type": "School", "lon": 100.3475018, "lat": 13.839408, "district_id": 0, "row": 267, "col": 79 }, "geometry": { "type": "Point", "coordinates": [ 100.3475018, 13.839408 ] } },
{ "type": "Feature", "properties": { "name": "Wat Sitaram School", "type": "School", "lon": 100.5100181, "lat": 13.7553949, "district_id": 35, "row": 407, "col": 350 }, "geometry": { "type": "Point", "coordinates": [ 100.5100181, 13.7553949 ] } },
{ "type": "Feature", "properties": { "name": "physiary clinic คลินิกเฉพาะทางเวชศาสตร์ฟื้นฟู", "type": "Clinic", "lon": 100.6393551, "lat": 13.8407155, "district_id": 13, "row": 265, "col": 565 }, "geometry": { "type": "Point", "coordinates": [ 100.6393551, 13.8407155 ] } },
{ "type": "Feature", "properties": { "name": "BeautUp Clinic Thonglo", "type": "Clinic", "lon": 100.5755684, "lat": 13.7264503, "district_id": 48, "row": 455, "col": 459 }, "geometry": { "type": "Point", "coordinates": [ 100.5755684, 13.7264503 ] } },
{ "type": "Feature", "properties": { "name": "โรงเรียนสุธรรมศึกษา", "type": "School", "lon": 100.4619413, "lat": 13.7314204, "district_id": 31, "row": 447, "col": 269 }, "geometry": { "type": "Point", "coordinates": [ 100.4619413, 13.7314204 ] } },
{ "type": "Feature", "properties": { "name": "(unnamed)", "type": "Police", "lon": 100.5651472, "lat": 13.7338458, "district_id": 48, "row": 443, "col": 441 }, "geometry": { "type": "Point", "coordinates": [ 100.5651472, 13.7338458 ] } },
{ "type": "Feature", "properties": { "name": "KPB Aesthetic Clinic", "type": "Clinic", "lon": 100.3440929, "lat": 13.7051575, "district_id": 29, "row": 491, "col": 73 }, "geometry": { "type": "Point", "coordinates": [ 100.3440929, 13.7051575 ] } },
{ "type": "Feature", "properties": { "name": "Health Space", "type": "Clinic", "lon": 100.6000124, "lat": 13.8445981, "district_id": 26, "row": 259, "col": 500 }, "geometry": { "type": "Point", "coordinates": [ 100.6000124, 13.8445981 ] } },
{ "type": "Feature", "properties": { "name": "Thong Lor Police Post", "type": "Police", "lon": 100.5819666, "lat": 13.7324379, "district_id": 48, "row": 445, "col": 469 }, "geometry": { "type": "Point", "coordinates": [ 100.5819666, 13.7324379 ] } },
{ "type": "Feature", "properties": { "name": "Edition Clinic Thonglor", "type": "Clinic", "lon": 100.5813431, "lat": 13.7287504, "district_id": 48, "row": 452, "col": 468 }, "geometry": { "type": "Point", "coordinates": [ 100.5813431, 13.7287504 ] } },
{ "type": "Feature", "properties": { "name": "Sera Clinic Rattanathibet", "type": "Clinic", "lon": 100.5116448, "lat": 13.8600676, "district_id": 0, "row": 233, "col": 352 }, "geometry": { "type": "Point", "coordinates": [ 100.5116448, 13.8600676 ] } },
{ "type": "Feature", "properties": { "name": "Synphaet Medical Center", "type": "Hospital", "lon": 100.6671478, "lat": 13.8335224, "district_id": 20, "row": 277, "col": 611 }, "geometry": { "type": "Point", "coordinates": [ 100.6671478, 13.8335224 ] } },
{ "type": "Feature", "properties": { "name": "Synphaet Children Hospital", "type": "Hospital", "lon": 100.6662891, "lat": 13.8335715, "district_id": 20, "row": 277, "col": 610 }, "geometry": { "type": "Point", "coordinates": [ 100.6662891, 13.8335715 ] } },
{ "type": "Feature", "properties": { "name": "Meira Clinic", "type": "Clinic", "lon": 100.5785094, "lat": 13.777789, "district_id": 19, "row": 370, "col": 464 }, "geometry": { "type": "Point", "coordinates": [ 100.5785094, 13.777789 ] } },
{ "type": "Feature", "properties": { "name": "(unnamed)", "type": "Police", "lon": 100.5762465, "lat": 13.710679, "district_id": 23, "row": 482, "col": 460 }, "geometry": { "type": "Point", "coordinates": [ 100.5762465, 13.710679 ] } },
{ "type": "Feature", "properties": { "name": "WellMed Bangkok Clinic", "type": "Clinic", "lon": 100.533484, "lat": 13.7284336, "district_id": 9, "row": 452, "col": 389 }, "geometry": { "type": "Point", "coordinates": [ 100.533484, 13.7284336 ] } },
{ "type": "Feature", "properties": { "name": "WellMed Bangkok Clinic", "type": "Clinic", "lon": 100.533484, "lat": 13.7284336, "district_id": 9, "row": 452, "col": 389 }, "geometry": { "type": "Point", "coordinates": [ 100.533484, 13.7284336 ] } },
{ "type": "Feature", "properties": { "name": "ชนะการแพทย์", "type": "Clinic", "lon": 100.4979586, "lat": 13.762546, "district_id": 34, "row": 395, "col": 329 }, "geometry": { "type": "Point", "coordinates": [ 100.4979586, 13.762546 ] } },
{ "type": "Feature", "properties": { "name": "โรงเรียนฝึกอาชีพกรุงเทพมหานคร หลวงพ่อทวีศักดิ์", "type": "School", "lon": 100.3439418, "lat": 13.6562856, "district_id": 29, "row": 572, "col": 73 }, "geometry": { "type": "Point", "coordinates": [ 100.3439418, 13.6562856 ] } },
{ "type": "Feature", "properties": { "name": "NP Prime Clinic - สาขาลาดพร้าว", "type": "Clinic", "lon": 100.5708801, "lat": 13.8082395, "district_id": 14, "row": 319, "col": 451 }, "geometry": { "type": "Point", "coordinates": [ 100.5708801, 13.8082395 ] } },
{ "type": "Feature", "properties": { "name": "Bankhaerai school", "type": "School", "lon": 100.32451, "lat": 13.6466633, "district_id": 0, "row": 588, "col": 40 }, "geometry": { "type": "Point", "coordinates": [ 100.32451, 13.6466633 ] } },
{ "type": "Feature", "properties": { "name": "Khokkham fire station", "type": "Fire station", "lon": 100.3111196, "lat": 13.5160947, "district_id": 0, "row": 806, "col": 18 }, "geometry": { "type": "Point", "coordinates": [ 100.3111196, 13.5160947 ] } },
{ "type": "Feature", "properties": { "name": "Sarasas Witaed Patcharamonthon School", "type": "School", "lon": 100.3171254, "lat": 13.6666194, "district_id": 0, "row": 555, "col": 28 }, "geometry": { "type": "Point", "coordinates": [ 100.3171254, 13.6666194 ] } },
{ "type": "Feature", "properties": { "name": "Samitivej Sukhumvit Hospital", "type": "Hospital", "lon": 100.5764713, "lat": 13.7348983, "district_id": 48, "row": 441, "col": 460 }, "geometry": { "type": "Point", "coordinates": [ 100.5764713, 13.7348983 ] } },
{ "type": "Feature", "properties": { "name": "Royal Thai Police Headquarters", "type": "Police", "lon": 100.5374196, "lat": 13.7442148, "district_id": 30, "row": 426, "col": 395 }, "geometry": { "type": "Point", "coordinates": [ 100.5374196, 13.7442148 ] } },
{ "type": "Feature", "properties": { "name": "Suan Lumpinee School", "type": "School", "lon": 100.545342, "lat": 13.733047, "district_id": 30, "row": 444, "col": 408 }, "geometry": { "type": "Point", "coordinates": [ 100.545342, 13.733047 ] } },
{ "type": "Feature", "properties": { "name": "Rajamangala University of Technology Krungthep", "type": "University", "lon": 100.5376935, "lat": 13.7135041, "district_id": 42, "row": 477, "col": 396 }, "geometry": { "type": "Point", "coordinates": [ 100.5376935, 13.7135041 ] } },
{ "type": "Feature", "properties": { "name": "Vibhavadi Hospital", "type": "Hospital", "lon": 100.5619709, "lat": 13.8461353, "district_id": 14, "row": 256, "col": 436 }, "geometry": { "type": "Point", "coordinates": [ 100.5619709, 13.8461353 ] } },
{ "type": "Feature", "properties": { "name": "โรงเรียนบางกะปิ", "type": "School", "lon": 100.6510901, "lat": 13.7709681, "district_id": 2, "row": 381, "col": 585 }, "geometry": { "type": "Point", "coordinates": [ 100.6510901, 13.7709681 ] } },
{ "type": "Feature", "properties": { "name": "Triam Udom Suksa School", "type": "School", "lon": 100.532578, "lat": 13.7408819, "district_id": 30, "row": 431, "col": 387 }, "geometry": { "type": "Point", "coordinates": [ 100.532578, 13.7408819 ] } },
{ "type": "Feature", "properties": { "name": "Patumwan Demonstration School, Srinakharinwirot University", "type": "School", "lon": 100.5341229, "lat": 13.7401753, "district_id": 30, "row": 433, "col": 390 }, "geometry": { "type": "Point", "coordinates": [ 100.5341229, 13.7401753 ] } },
{ "type": "Feature", "properties": { "name": "Rajamangala University of Technology Uthenthawai", "type": "University", "lon": 100.5311981, "lat": 13.7418147, "district_id": 30, "row": 430, "col": 385 }, "geometry": { "type": "Point", "coordinates": [ 100.5311981, 13.7418147 ] } },
{ "type": "Feature", "properties": { "name": "Chulalongkorn University Demonstration School, primary section", "type": "School", "lon": 100.5271306, "lat": 13.7375383, "district_id": 30, "row": 437, "col": 378 }, "geometry": { "type": "Point", "coordinates": [ 100.5271306, 13.7375383 ] } },
{ "type": "Feature", "properties": { "name": "Chulalongkorn University Demonstration School, secondary section", "type": "School", "lon": 100.5271831, "lat": 13.7360441, "district_id": 30, "row": 439, "col": 378 }, "geometry": { "type": "Point", "coordinates": [ 100.5271831, 13.7360441 ] } },
{ "type": "Feature", "properties": { "name": "King Chulalongkorn Memorial Hospital", "type": "Hospital", "lon": 100.5360833, "lat": 13.7327457, "district_id": 30, "row": 445, "col": 393 }, "geometry": { "type": "Point", "coordinates": [ 100.5360833, 13.7327457 ] } },
{ "type": "Feature", "properties": { "name": "Srisavarindhira Thai Red Cross Institute of Nursing", "type": "University", "lon": 100.5343767, "lat": 13.7320376, "district_id": 30, "row": 446, "col": 390 }, "geometry": { "type": "Point", "coordinates": [ 100.5343767, 13.7320376 ] } },
{ "type": "Feature", "properties": { "name": "Sukhothai Thammathirat Open University", "type": "University", "lon": 100.5365821, "lat": 13.9101784, "district_id": 0, "row": 149, "col": 394 }, "geometry": { "type": "Point", "coordinates": [ 100.5365821, 13.9101784 ] } },
{ "type": "Feature", "properties": { "name": "Wat Phasuk School", "type": "School", "lon": 100.5435284, "lat": 13.9122799, "district_id": 0, "row": 146, "col": 405 }, "geometry": { "type": "Point", "coordinates": [ 100.5435284, 13.9122799 ] } },
{ "type": "Feature", "properties": { "name": "Kasetsart University Laboratory School", "type": "School", "lon": 100.5679605, "lat": 13.8516078, "district_id": 14, "row": 247, "col": 446 }, "geometry": { "type": "Point", "coordinates": [ 100.5679605, 13.8516078 ] } },
{ "type": "Feature", "properties": { "name": "Ramkhamhaeng University Bangna Campus", "type": "University", "lon": 100.689084, "lat": 13.6662501, "district_id": 36, "row": 556, "col": 648 }, "geometry": { "type": "Point", "coordinates": [ 100.689084, 13.6662501 ] } },
{ "type": "Feature", "properties": { "name": "Kasetsart University", "type": "University", "lon": 100.5693598, "lat": 13.847942, "district_id": 14, "row": 253, "col": 448 }, "geometry": { "type": "Point", "coordinates": [ 100.5693598, 13.847942 ] } },
{ "type": "Feature", "properties": { "name": "Mater Dei School", "type": "School", "lon": 100.5430052, "lat": 13.7428929, "district_id": 30, "row": 428, "col": 405 }, "geometry": { "type": "Point", "coordinates": [ 100.5430052, 13.7428929 ] } },
{ "type": "Feature", "properties": { "name": "Assumption College Primary Section", "type": "School", "lon": 100.5265478, "lat": 13.716308, "district_id": 42, "row": 472, "col": 377 }, "geometry": { "type": "Point", "coordinates": [ 100.5265478, 13.716308 ] } },
{ "type": "Feature", "properties": { "name": "Saint Louis College", "type": "School", "lon": 100.5222942, "lat": 13.7171498, "district_id": 42, "row": 471, "col": 370 }, "geometry": { "type": "Point", "coordinates": [ 100.5222942, 13.7171498 ] } },
{ "type": "Feature", "properties": { "name": "(unnamed)", "type": "School", "lon": 100.6819368, "lat": 13.6668315, "district_id": 36, "row": 555, "col": 636 }, "geometry": { "type": "Point", "coordinates": [ 100.6819368, 13.6668315 ] } },
{ "type": "Feature", "properties": { "name": "Lumpini Police Station", "type": "Police", "lon": 100.5461204, "lat": 13.7316056, "district_id": 30, "row": 447, "col": 410 }, "geometry": { "type": "Point", "coordinates": [ 100.5461204, 13.7316056 ] } },
{ "type": "Feature", "properties": { "name": "โรงเรียนประถมนนทรี", "type": "School", "lon": 100.5520114, "lat": 13.7128459, "district_id": 50, "row": 478, "col": 420 }, "geometry": { "type": "Point", "coordinates": [ 100.5520114, 13.7128459 ] } },
{ "type": "Feature", "properties": { "name": "Thai Nakarin Hospital", "type": "Hospital", "lon": 100.6384211, "lat": 13.6680442, "district_id": 7, "row": 553, "col": 564 }, "geometry": { "type": "Point", "coordinates": [ 100.6384211, 13.6680442 ] } },
{ "type": "Feature", "properties": { "name": "Pra Mae Mary Prakhanong School", "type": "School", "lon": 100.5908847, "lat": 13.7183559, "district_id": 48, "row": 469, "col": 484 }, "geometry": { "type": "Point", "coordinates": [ 100.5908847, 13.7183559 ] } },
{ "type": "Feature", "properties": { "name": "Faculty of Science", "type": "University", "lon": 100.5714859, "lat": 13.8454533, "district_id": 14, "row": 257, "col": 452 }, "geometry": { "type": "Point", "coordinates": [ 100.5714859, 13.8454533 ] } },
{ "type": "Feature", "properties": { "name": "คณะประมง", "type": "University", "lon": 100.568357, "lat": 13.8548001, "district_id": 14, "row": 241, "col": 447 }, "geometry": { "type": "Point", "coordinates": [ 100.568357, 13.8548001 ] } },
{ "type": "Feature", "properties": { "name": "Faculty of Engineering", "type": "University", "lon": 100.5690917, "lat": 13.8456695, "district_id": 14, "row": 257, "col": 448 }, "geometry": { "type": "Point", "coordinates": [ 100.5690917, 13.8456695 ] } },
{ "type": "Feature", "properties": { "name": "Chuan Chuen Kindergarten", "type": "School", "lon": 100.5275066, "lat": 13.7214996, "district_id": 9, "row": 464, "col": 379 }, "geometry": { "type": "Point", "coordinates": [ 100.5275066, 13.7214996 ] } },
{ "type": "Feature", "properties": { "name": "Panyapiwat Institute of Management", "type": "University", "lon": 100.5315499, "lat": 13.901772, "district_id": 0, "row": 163, "col": 385 }, "geometry": { "type": "Point", "coordinates": [ 100.5315499, 13.901772 ] } },
{ "type": "Feature", "properties": { "name": "Phrapariyatthamma School, Ho Tissathevaphithan", "type": "School", "lon": 100.5002613, "lat": 13.7490585, "district_id": 34, "row": 418, "col": 333 }, "geometry": { "type": "Point", "coordinates": [ 100.5002613, 13.7490585 ] } },
{ "type": "Feature", "properties": { "name": "Kosolphattharawit School", "type": "School", "lon": 100.5173147, "lat": 13.715184, "district_id": 42, "row": 474, "col": 362 }, "geometry": { "type": "Point", "coordinates": [ 100.5173147, 13.715184 ] } },
{ "type": "Feature", "properties": { "name": "Wat Tai School", "type": "School", "lon": 100.6037861, "lat": 13.71301, "district_id": 43, "row": 478, "col": 506 }, "geometry": { "type": "Point", "coordinates": [ 100.6037861, 13.71301 ] } },
{ "type": "Feature", "properties": { "name": "(unnamed)", "type": "School", "lon": 100.5644033, "lat": 13.726847, "district_id": 23, "row": 455, "col": 440 }, "geometry": { "type": "Point", "coordinates": [ 100.5644033, 13.726847 ] } },
{ "type": "Feature", "properties": { "name": "(unnamed)", "type": "School", "lon": 100.5644086, "lat": 13.727306, "district_id": 23, "row": 454, "col": 440 }, "geometry": { "type": "Point", "coordinates": [ 100.5644086, 13.727306 ] } },
{ "type": "Feature", "properties": { "name": "(unnamed)", "type": "School", "lon": 100.5650256, "lat": 13.7275692, "district_id": 23, "row": 454, "col": 441 }, "geometry": { "type": "Point", "coordinates": [ 100.5650256, 13.7275692 ] } },
{ "type": "Feature", "properties": { "name": "(unnamed)", "type": "School", "lon": 100.5647653, "lat": 13.726876, "district_id": 23, "row": 455, "col": 441 }, "geometry": { "type": "Point", "coordinates": [ 100.5647653, 13.726876 ] } },
{ "type": "Feature", "properties": { "name": "(unnamed)", "type": "School", "lon": 100.5641797, "lat": 13.7271873, "district_id": 23, "row": 454, "col": 440 }, "geometry": { "type": "Point", "coordinates": [ 100.5641797, 13.7271873 ] } },
{ "type": "Feature", "properties": { "name": "(unnamed)", "type": "School", "lon": 100.5642773, "lat": 13.727751, "district_id": 23, "row": 453, "col": 440 }, "geometry": { "type": "Point", "coordinates": [ 100.5642773, 13.727751 ] } },
{ "type": "Feature", "properties": { "name": "Building 4", "type": "School", "lon": 100.5647528, "lat": 13.727818, "district_id": 23, "row": 453, "col": 441 }, "geometry": { "type": "Point", "coordinates": [ 100.5647528, 13.727818 ] } },
{ "type": "Feature", "properties": { "name": "Sainampeung School", "type": "School", "lon": 100.5645446, "lat": 13.7273496, "district_id": 23, "row": 454, "col": 440 }, "geometry": { "type": "Point", "coordinates": [ 100.5645446, 13.7273496 ] } },
{ "type": "Feature", "properties": { "name": "(unnamed)", "type": "School", "lon": 100.6078126, "lat": 13.7140173, "district_id": 43, "row": 476, "col": 513 }, "geometry": { "type": "Point", "coordinates": [ 100.6078126, 13.7140173 ] } },
{ "type": "Feature", "properties": { "name": "(unnamed)", "type": "School", "lon": 100.6075382, "lat": 13.7136803, "district_id": 43, "row": 477, "col": 512 }, "geometry": { "type": "Point", "coordinates": [ 100.6075382, 13.7136803 ] } },
{ "type": "Feature", "properties": { "name": "Wat Mahabut School", "type": "School", "lon": 100.6074273, "lat": 13.7139046, "district_id": 43, "row": 476, "col": 512 }, "geometry": { "type": "Point", "coordinates": [ 100.6074273, 13.7139046 ] } },
{ "type": "Feature", "properties": { "name": "(unnamed)", "type": "School", "lon": 100.607655, "lat": 13.7142316, "district_id": 43, "row": 476, "col": 512 }, "geometry": { "type": "Point", "coordinates": [ 100.607655, 13.7142316 ] } },
{ "type": "Feature", "properties": { "name": "Goethe Institute", "type": "School", "lon": 100.5457573, "lat": 13.7241481, "district_id": 42, "row": 459, "col": 409 }, "geometry": { "type": "Point", "coordinates": [ 100.5457573, 13.7241481 ] } },
{ "type": "Feature", "properties": { "name": "(unnamed)", "type": "University", "lon": 100.5608173, "lat": 13.8105146, "district_id": 14, "row": 315, "col": 434 }, "geometry": { "type": "Point", "coordinates": [ 100.5608173, 13.8105146 ] } },
{ "type": "Feature", "properties": { "name": "Infirmary of Kasetsart University", "type": "Hospital", "lon": 100.5683329, "lat": 13.8467299, "district_id": 14, "row": 255, "col": 447 }, "geometry": { "type": "Point", "coordinates": [ 100.5683329, 13.8467299 ] } },
{ "type": "Feature", "properties": { "name": "Phyathai 2 Hospital", "type": "Hospital", "lon": 100.5404351, "lat": 13.7702654, "district_id": 32, "row": 382, "col": 400 }, "geometry": { "type": "Point", "coordinates": [ 100.5404351, 13.7702654 ] } },
{ "type": "Feature", "properties": { "name": "Rajavithi Hospital", "type": "Hospital", "lon": 100.5359605, "lat": 13.7640676, "district_id": 38, "row": 393, "col": 393 }, "geometry": { "type": "Point", "coordinates": [ 100.5359605, 13.7640676 ] } },
{ "type": "Feature", "properties": { "name": "Faculty of Pharmacy, Mahidol University", "type": "University", "lon": 100.5286624, "lat": 13.7611706, "district_id": 38, "row": 398, "col": 381 }, "geometry": { "type": "Point", "coordinates": [ 100.5286624, 13.7611706 ] } },
{ "type": "Feature", "properties": { "name": "Phramongkutklao College of Medicine", "type": "University", "lon": 100.5313345, "lat": 13.769458, "district_id": 38, "row": 384, "col": 385 }, "geometry": { "type": "Point", "coordinates": [ 100.5313345, 13.769458 ] } },
{ "type": "Feature", "properties": { "name": "Metropolitan Police Department 6", "type": "Police", "lon": 100.4992978, "lat": 13.7460674, "district_id": 34, "row": 423, "col": 332 }, "geometry": { "type": "Point", "coordinates": [ 100.4992978, 13.7460674 ] } },
{ "type": "Feature", "properties": { "name": "Bansomdejchaopraya Rajabhat University", "type": "University", "lon": 100.489283, "lat": 13.7320154, "district_id": 46, "row": 446, "col": 315 }, "geometry": { "type": "Point", "coordinates": [ 100.489283, 13.7320154 ] } },
{ "type": "Feature", "properties": { "name": "The Demonstration School of Bansomdejchaopraya Rajabhat University", "type": "School", "lon": 100.4885739, "lat": 13.7320163, "district_id": 46, "row": 446, "col": 314 }, "geometry": { "type": "Point", "coordinates": [ 100.4885739, 13.7320163 ] } },
{ "type": "Feature", "properties": { "name": "โรงเรียนประถมสาธิตมหาวิทยาลัยราชภัฏบ้านสมเด็จเจ้าพระยา", "type": "School", "lon": 100.4872623, "lat": 13.7314772, "district_id": 46, "row": 447, "col": 312 }, "geometry": { "type": "Point", "coordinates": [ 100.4872623, 13.7314772 ] } },
{ "type": "Feature", "properties": { "name": "ตึกไทย-เยอรมัน", "type": "University", "lon": 100.5147243, "lat": 13.8187635, "district_id": 10, "row": 302, "col": 357 }, "geometry": { "type": "Point", "coordinates": [ 100.5147243, 13.8187635 ] } },
{ "type": "Feature", "properties": { "name": "Assumption Suksa school", "type": "School", "lon": 100.5154504, "lat": 13.7222262, "district_id": 9, "row": 462, "col": 359 }, "geometry": { "type": "Point", "coordinates": [ 100.5154504, 13.7222262 ] } },
{ "type": "Feature", "properties": { "name": "Dhonburi Rajabhat University", "type": "University", "lon": 100.4916714, "lat": 13.7341079, "district_id": 46, "row": 443, "col": 319 }, "geometry": { "type": "Point", "coordinates": [ 100.4916714, 13.7341079 ] } },
{ "type": "Feature", "properties": { "name": "Pakkred Secondary School", "type": "School", "lon": 100.4965429, "lat": 13.9111471, "district_id": 0, "row": 148, "col": 327 }, "geometry": { "type": "Point", "coordinates": [ 100.4965429, 13.9111471 ] } },
{ "type": "Feature", "properties": { "name": "โรงเรียนชลประทานวิทยา", "type": "School", "lon": 100.5091952, "lat": 13.8990736, "district_id": 0, "row": 168, "col": 348 }, "geometry": { "type": "Point", "coordinates": [ 100.5091952, 13.8990736 ] } },
{ "type": "Feature", "properties": { "name": "International School Bangkok", "type": "School", "lon": 100.5270454, "lat": 13.893529, "district_id": 0, "row": 177, "col": 378 }, "geometry": { "type": "Point", "coordinates": [ 100.5270454, 13.893529 ] } },
{ "type": "Feature", "properties": { "name": "สถานีตำรวจภูธรปากเกร็ด", "type": "Police", "lon": 100.5471967, "lat": 13.9379302, "district_id": 0, "row": 103, "col": 411 }, "geometry": { "type": "Point", "coordinates": [ 100.5471967, 13.9379302 ] } },
{ "type": "Feature", "properties": { "name": "โรงเรียนคลองเกลือ", "type": "School", "lon": 100.5407166, "lat": 13.8996298, "district_id": 0, "row": 167, "col": 401 }, "geometry": { "type": "Point", "coordinates": [ 100.5407166, 13.8996298 ] } },
{ "type": "Feature", "properties": { "name": "(unnamed)", "type": "School", "lon": 100.6004594, "lat": 13.7290757, "district_id": 48, "row": 451, "col": 500 }, "geometry": { "type": "Point", "coordinates": [ 100.6004594, 13.7290757 ] } },
{ "type": "Feature", "properties": { "name": "โรงพยาบาลเกษมราษฎร์ ประชาชื่น", "type": "Hospital", "lon": 100.5386866, "lat": 13.8318854, "district_id": 10, "row": 280, "col": 397 }, "geometry": { "type": "Point", "coordinates": [ 100.5386866, 13.8318854 ] } },
{ "type": "Feature", "properties": { "name": "คณะทันตแพทยศาสตร์ มหาวิทยาลัยมหิดล", "type": "University", "lon": 100.5332577, "lat": 13.7641328, "district_id": 38, "row": 393, "col": 388 }, "geometry": { "type": "Point", "coordinates": [ 100.5332577, 13.7641328 ] } },
{ "type": "Feature", "properties": { "name": "(unnamed)", "type": "Hospital", "lon": 100.5354378, "lat": 13.7639956, "district_id": 38, "row": 393, "col": 392 }, "geometry": { "type": "Point", "coordinates": [ 100.5354378, 13.7639956 ] } },
{ "type": "Feature", "properties": { "name": "Prasat Neurological Institute", "type": "Hospital", "lon": 100.5271609, "lat": 13.7687237, "district_id": 38, "row": 385, "col": 378 }, "geometry": { "type": "Point", "coordinates": [ 100.5271609, 13.7687237 ] } },
{ "type": "Feature", "properties": { "name": "National Cancer Institute", "type": "Hospital", "lon": 100.5272625, "lat": 13.7675199, "district_id": 38, "row": 387, "col": 378 }, "geometry": { "type": "Point", "coordinates": [ 100.5272625, 13.7675199 ] } },
{ "type": "Feature", "properties": { "name": "Faculty of Science, Mahidol University", "type": "University", "lon": 100.5254721, "lat": 13.7647094, "district_id": 38, "row": 392, "col": 375 }, "geometry": { "type": "Point", "coordinates": [ 100.5254721, 13.7647094 ] } },
{ "type": "Feature", "properties": { "name": "Assumption College", "type": "School", "lon": 100.5159137, "lat": 13.7230842, "district_id": 9, "row": 461, "col": 359 }, "geometry": { "type": "Point", "coordinates": [ 100.5159137, 13.7230842 ] } },
{ "type": "Feature", "properties": { "name": "(unnamed)", "type": "University", "lon": 100.5152357, "lat": 13.8204912, "district_id": 10, "row": 299, "col": 358 }, "geometry": { "type": "Point", "coordinates": [ 100.5152357, 13.8204912 ] } },
{ "type": "Feature", "properties": { "name": "Suankularb Wittayalai Nonthaburi", "type": "School", "lon": 100.5128146, "lat": 13.9101375, "district_id": 0, "row": 149, "col": 354 }, "geometry": { "type": "Point", "coordinates": [ 100.5128146, 13.9101375 ] } },
{ "type": "Feature", "properties": { "name": "โรงเรียนนวมิทนราชินูทิศ หอวังนนทบุรี", "type": "School", "lon": 100.5469357, "lat": 13.9370827, "district_id": 0, "row": 104, "col": 411 }, "geometry": { "type": "Point", "coordinates": [ 100.5469357, 13.9370827 ] } },
{ "type": "Feature", "properties": { "name": "Thonburi Bumrungmuang Hospital", "type": "Hospital", "lon": 100.5144643, "lat": 13.7505419, "district_id": 35, "row": 415, "col": 357 }, "geometry": { "type": "Point", "coordinates": [ 100.5144643, 13.7505419 ] } },
{ "type": "Feature", "properties": { "name": "Hua Chiew Hospital", "type": "Hospital", "lon": 100.515513, "lat": 13.7500111, "district_id": 35, "row": 416, "col": 359 }, "geometry": { "type": "Point", "coordinates": [ 100.515513, 13.7500111 ] } },
{ "type": "Feature", "properties": { "name": "Klang Hospital", "type": "Hospital", "lon": 100.5092037, "lat": 13.7464613, "district_id": 35, "row": 422, "col": 348 }, "geometry": { "type": "Point", "coordinates": [ 100.5092037, 13.7464613 ] } },
{ "type": "Feature", "properties": { "name": "Mahidol University (Salaya Campus)", "type": "University", "lon": 100.3218335, "lat": 13.7945149, "district_id": 0, "row": 342, "col": 36 }, "geometry": { "type": "Point", "coordinates": [ 100.3218335, 13.7945149 ] } },
{ "type": "Feature", "properties": { "name": "Central Chest Institute of Thailand", "type": "Hospital", "lon": 100.5217878, "lat": 13.8620951, "district_id": 0, "row": 229, "col": 369 }, "geometry": { "type": "Point", "coordinates": [ 100.5217878, 13.8620951 ] } },
{ "type": "Feature", "properties": { "name": "Bangkok Adventist Hospital", "type": "Hospital", "lon": 100.5191274, "lat": 13.7577321, "district_id": 18, "row": 403, "col": 365 }, "geometry": { "type": "Point", "coordinates": [ 100.5191274, 13.7577321 ] } },
{ "type": "Feature", "properties": { "name": "Lecture Hall 1", "type": "University", "lon": 100.5709504, "lat": 13.8471534, "district_id": 14, "row": 254, "col": 451 }, "geometry": { "type": "Point", "coordinates": [ 100.5709504, 13.8471534 ] } },
{ "type": "Feature", "properties": { "name": "Rajamangala University of Technology Rattanakosin", "type": "University", "lon": 100.300321, "lat": 13.7966329, "district_id": 0, "row": 338, "col": 0 }, "geometry": { "type": "Point", "coordinates": [ 100.300321, 13.7966329 ] } },
{ "type": "Feature", "properties": { "name": "Pichaya Suksa School", "type": "School", "lon": 100.5181825, "lat": 13.927666, "district_id": 0, "row": 120, "col": 363 }, "geometry": { "type": "Point", "coordinates": [ 100.5181825, 13.927666 ] } },
{ "type": "Feature", "properties": { "name": "Amphon Phaisan School", "type": "School", "lon": 100.5231733, "lat": 13.9254253, "district_id": 0, "row": 124, "col": 371 }, "geometry": { "type": "Point", "coordinates": [ 100.5231733, 13.9254253 ] } },
{ "type": "Feature", "properties": { "name": "สถานีตำรวจภูธร พุทธมณฑล", "type": "Police", "lon": 100.3206454, "lat": 13.8016897, "district_id": 0, "row": 330, "col": 34 }, "geometry": { "type": "Point", "coordinates": [ 100.3206454, 13.8016897 ] } },
{ "type": "Feature", "properties": { "name": "Silpakorn University City Campus", "type": "University", "lon": 100.5515209, "lat": 13.9146276, "district_id": 0, "row": 142, "col": 419 }, "geometry": { "type": "Point", "coordinates": [ 100.5515209, 13.9146276 ] } },
{ "type": "Feature", "properties": { "name": "Royal Thai Army Command and General Staff College", "type": "University", "lon": 100.526919, "lat": 13.7847357, "district_id": 18, "row": 358, "col": 378 }, "geometry": { "type": "Point", "coordinates": [ 100.526919, 13.7847357 ] } },
{ "type": "Feature", "properties": { "name": "สํานักงานส่งกําลังบํารุง", "type": "Police", "lon": 100.5280285, "lat": 13.781491, "district_id": 18, "row": 364, "col": 380 }, "geometry": { "type": "Point", "coordinates": [ 100.5280285, 13.781491 ] } },
{ "type": "Feature", "properties": { "name": "โรงพยาบาลเพชรเกษม 2", "type": "Hospital", "lon": 100.431882, "lat": 13.7118679, "district_id": 31, "row": 480, "col": 219 }, "geometry": { "type": "Point", "coordinates": [ 100.431882, 13.7118679 ] } },
{ "type": "Feature", "properties": { "name": "Metropolitan Police Bureau", "type": "Police", "lon": 100.5099924, "lat": 13.7676351, "district_id": 18, "row": 387, "col": 349 }, "geometry": { "type": "Point", "coordinates": [ 100.5099924, 13.7676351 ] } },
{ "type": "Feature", "properties": { "name": "Rajamangala University of Technology Phra Nakhon", "type": "University", "lon": 100.5135911, "lat": 13.7618921, "district_id": 18, "row": 396, "col": 355 }, "geometry": { "type": "Point", "coordinates": [ 100.5135911, 13.7618921 ] } },
{ "type": "Feature", "properties": { "name": "Siam University", "type": "University", "lon": 100.4531953, "lat": 13.7208335, "district_id": 31, "row": 465, "col": 255 }, "geometry": { "type": "Point", "coordinates": [ 100.4531953, 13.7208335 ] } },
{ "type": "Feature", "properties": { "name": "Silpakorn University Tha Phra Palace", "type": "University", "lon": 100.4903499, "lat": 13.7530631, "district_id": 34, "row": 411, "col": 317 }, "geometry": { "type": "Point", "coordinates": [ 100.4903499, 13.7530631 ] } },
{ "type": "Feature", "properties": { "name": "Dermatological Institute", "type": "Hospital", "lon": 100.5357574, "lat": 13.7656256, "district_id": 38, "row": 390, "col": 392 }, "geometry": { "type": "Point", "coordinates": [ 100.5357574, 13.7656256 ] } },
{ "type": "Feature", "properties": { "name": "Queen Sirikit National Institute of Child Health", "type": "Hospital", "lon": 100.5350533, "lat": 13.7655367, "district_id": 38, "row": 390, "col": 391 }, "geometry": { "type": "Point", "coordinates": [ 100.5350533, 13.7655367 ] } },
{ "type": "Feature", "properties": { "name": "Albert Laurence School of Communication Arts", "type": "University", "lon": 100.8352114, "lat": 13.6120613, "district_id": 0, "row": 646, "col": 892 }, "geometry": { "type": "Point", "coordinates": [ 100.8352114, 13.6120613 ] } },
{ "type": "Feature", "properties": { "name": "Communication Arts Studio", "type": "University", "lon": 100.8348198, "lat": 13.6121733, "district_id": 0, "row": 646, "col": 891 }, "geometry": { "type": "Point", "coordinates": [ 100.8348198, 13.6121733 ] } },
{ "type": "Feature", "properties": { "name": "Montfort Del Rosario School of Architecture and Design", "type": "University", "lon": 100.8355821, "lat": 13.6119518, "district_id": 0, "row": 646, "col": 892 }, "geometry": { "type": "Point", "coordinates": [ 100.8355821, 13.6119518 ] } },
{ "type": "Feature", "properties": { "name": "Martin De Tours School of Economics", "type": "University", "lon": 100.836332, "lat": 13.6130201, "district_id": 0, "row": 644, "col": 893 }, "geometry": { "type": "Point", "coordinates": [ 100.836332, 13.6130201 ] } },
{ "type": "Feature", "properties": { "name": "Srisakdi Charmonman IT Building", "type": "University", "lon": 100.8363403, "lat": 13.6118179, "district_id": 0, "row": 646, "col": 893 }, "geometry": { "type": "Point", "coordinates": [ 100.8363403, 13.6118179 ] } },
{ "type": "Feature", "properties": { "name": "The Cathedral of Learning", "type": "University", "lon": 100.8378264, "lat": 13.6120004, "district_id": 0, "row": 646, "col": 896 }, "geometry": { "type": "Point", "coordinates": [ 100.8378264, 13.6120004 ] } },
{ "type": "Feature", "properties": { "name": "Administrative Building", "type": "University", "lon": 100.6277103, "lat": 13.7547775, "district_id": 2, "row": 408, "col": 546 }, "geometry": { "type": "Point", "coordinates": [ 100.6277103, 13.7547775 ] } },
{ "type": "Feature", "properties": { "name": "Salle D' Expo", "type": "University", "lon": 100.6278214, "lat": 13.7540118, "district_id": 2, "row": 409, "col": 546 }, "geometry": { "type": "Point", "coordinates": [ 100.6278214, 13.7540118 ] } },
{ "type": "Feature", "properties": { "name": "St. Philip & Bernard Hall", "type": "University", "lon": 100.6275361, "lat": 13.7544477, "district_id": 2, "row": 409, "col": 545 }, "geometry": { "type": "Point", "coordinates": [ 100.6275361, 13.7544477 ] } },
{ "type": "Feature", "properties": { "name": "Assumption University Hua Mak Campus", "type": "University", "lon": 100.628145, "lat": 13.7532314, "district_id": 2, "row": 411, "col": 546 }, "geometry": { "type": "Point", "coordinates": [ 100.628145, 13.7532314 ] } },
{ "type": "Feature", "properties": { "name": "Assumption Hall", "type": "University", "lon": 100.6275773, "lat": 13.7539708, "district_id": 2, "row": 410, "col": 545 }, "geometry": { "type": "Point", "coordinates": [ 100.6275773, 13.7539708 ] } },
{ "type": "Feature", "properties": { "name": "De Montfort Hall", "type": "University", "lon": 100.6276594, "lat": 13.7549532, "district_id": 2, "row": 408, "col": 546 }, "geometry": { "type": "Point", "coordinates": [ 100.6276594, 13.7549532 ] } },
{ "type": "Feature", "properties": { "name": "Information Building", "type": "University", "lon": 100.6278458, "lat": 13.7548376, "district_id": 2, "row": 408, "col": 546 }, "geometry": { "type": "Point", "coordinates": [ 100.6278458, 13.7548376 ] } },
{ "type": "Feature", "properties": { "name": "St. Gabriel's Hall (Central Library)", "type": "University", "lon": 100.6279171, "lat": 13.7536847, "district_id": 2, "row": 410, "col": 546 }, "geometry": { "type": "Point", "coordinates": [ 100.6279171, 13.7536847 ] } },
{ "type": "Feature", "properties": { "name": "Martin De Tours Hall", "type": "University", "lon": 100.6277214, "lat": 13.7533875, "district_id": 2, "row": 411, "col": 546 }, "geometry": { "type": "Point", "coordinates": [ 100.6277214, 13.7533875 ] } },
{ "type": "Feature", "properties": { "name": "Coronation Hall", "type": "University", "lon": 100.6282883, "lat": 13.7518291, "district_id": 2, "row": 413, "col": 547 }, "geometry": { "type": "Point", "coordinates": [ 100.6282883, 13.7518291 ] } },
{ "type": "Feature", "properties": { "name": "Queen's Building", "type": "University", "lon": 100.6280766, "lat": 13.7512502, "district_id": 2, "row": 414, "col": 546 }, "geometry": { "type": "Point", "coordinates": [ 100.6280766, 13.7512502 ] } },
{ "type": "Feature", "properties": { "name": "St. Louis Hall", "type": "University", "lon": 100.627627, "lat": 13.7536452, "district_id": 2, "row": 410, "col": 546 }, "geometry": { "type": "Point", "coordinates": [ 100.627627, 13.7536452 ] } },
{ "type": "Feature", "properties": { "name": "Engineering Building", "type": "University", "lon": 100.6280255, "lat": 13.7516485, "district_id": 2, "row": 413, "col": 546 }, "geometry": { "type": "Point", "coordinates": [ 100.6280255, 13.7516485 ] } },
{ "type": "Feature", "properties": { "name": "Assumption College Samutprakarn", "type": "School", "lon": 100.6031009, "lat": 13.6289079, "district_id": 0, "row": 618, "col": 505 }, "geometry": { "type": "Point", "coordinates": [ 100.6031009, 13.6289079 ] } },
{ "type": "Feature", "properties": { "name": "Lampakchee Police Station", "type": "Police", "lon": 100.8459855, "lat": 13.8095102, "district_id": 28, "row": 317, "col": 909 }, "geometry": { "type": "Point", "coordinates": [ 100.8459855, 13.8095102 ] } },
{ "type": "Feature", "properties": { "name": "Mattayom Watnongchok School", "type": "School", "lon": 100.8604786, "lat": 13.8536882, "district_id": 28, "row": 243, "col": 934 }, "geometry": { "type": "Point", "coordinates": [ 100.8604786, 13.8536882 ] } },
{ "type": "Feature", "properties": { "name": "Mahanakorn University of Technology", "type": "University", "lon": 100.8562606, "lat": 13.8439135, "district_id": 28, "row": 260, "col": 927 }, "geometry": { "type": "Point", "coordinates": [ 100.8562606, 13.8439135 ] } },
{ "type": "Feature", "properties": { "name": "Chulabhorn Graduate Institute", "type": "University", "lon": 100.5789599, "lat": 13.8825033, "district_id": 24, "row": 195, "col": 464 }, "geometry": { "type": "Point", "coordinates": [ 100.5789599, 13.8825033 ] } },
{ "type": "Feature", "properties": { "name": "Chulabhorn Hospital", "type": "Hospital", "lon": 100.5781772, "lat": 13.880914, "district_id": 24, "row": 198, "col": 463 }, "geometry": { "type": "Point", "coordinates": [ 100.5781772, 13.880914 ] } },
{ "type": "Feature", "properties": { "name": "โรงเรียนฝึกอาชีพกรุงเทพมหานคร (หนองจอก)", "type": "University", "lon": 100.8487734, "lat": 13.8290084, "district_id": 28, "row": 284, "col": 914 }, "geometry": { "type": "Point", "coordinates": [ 100.8487734, 13.8290084 ] } },
{ "type": "Feature", "properties": { "name": "Thungsonghong Police Station", "type": "Police", "lon": 100.5712088, "lat": 13.8681368, "district_id": 24, "row": 219, "col": 452 }, "geometry": { "type": "Point", "coordinates": [ 100.5712088, 13.8681368 ] } },
{ "type": "Feature", "properties": { "name": "โรงเรียนการเคหะท่าทราย", "type": "School", "lon": 100.5535495, "lat": 13.8732618, "district_id": 24, "row": 211, "col": 422 }, "geometry": { "type": "Point", "coordinates": [ 100.5535495, 13.8732618 ] } },
{ "type": "Feature", "properties": { "name": "Palina-Tiwanon Kindergarten", "type": "School", "lon": 100.5476381, "lat": 13.9495001, "district_id": 0, "row": 84, "col": 412 }, "geometry": { "type": "Point", "coordinates": [ 100.5476381, 13.9495001 ] } },
{ "type": "Feature", "properties": { "name": "โรงเรียนพระหฤทัยนนทบุรี", "type": "School", "lon": 100.548266, "lat": 13.94684, "district_id": 0, "row": 88, "col": 413 }, "geometry": { "type": "Point", "coordinates": [ 100.548266, 13.94684 ] } },
{ "type": "Feature", "properties": { "name": "โรงเรียนเบญจมราชานุสรณ์", "type": "School", "lon": 100.5318013, "lat": 13.8808698, "district_id": 0, "row": 198, "col": 386 }, "geometry": { "type": "Point", "coordinates": [ 100.5318013, 13.8808698 ] } },
{ "type": "Feature", "properties": { "name": "โรงเรียนประชาอุทิศ", "type": "School", "lon": 100.5842238, "lat": 13.9228583, "district_id": 17, "row": 128, "col": 473 }, "geometry": { "type": "Point", "coordinates": [ 100.5842238, 13.9228583 ] } },
{ "type": "Feature", "properties": { "name": "โรงเรียนพระหฤทัยดอนเมือง", "type": "School", "lon": 100.5886124, "lat": 13.9250599, "district_id": 17, "row": 124, "col": 481 }, "geometry": { "type": "Point", "coordinates": [ 100.5886124, 13.9250599 ] } },
{ "type": "Feature", "properties": { "name": "โรงเรียนวัดเวฬุวนาราม", "type": "School", "lon": 100.5659088, "lat": 13.9146455, "district_id": 17, "row": 142, "col": 443 }, "geometry": { "type": "Point", "coordinates": [ 100.5659088, 13.9146455 ] } },
{ "type": "Feature", "properties": { "name": "โรงเรียนวัดเวฬุวนาราม (มัธยม)", "type": "School", "lon": 100.5683994, "lat": 13.9142881, "district_id": 17, "row": 142, "col": 447 }, "geometry": { "type": "Point", "coordinates": [ 100.5683994, 13.9142881 ] } },
{ "type": "Feature", "properties": { "name": "Donmuang Chaturachinda School", "type": "School", "lon": 100.5931671, "lat": 13.9146887, "district_id": 17, "row": 142, "col": 488 }, "geometry": { "type": "Point", "coordinates": [ 100.5931671, 13.9146887 ] } },
{ "type": "Feature", "properties": { "name": "Harrow International School", "type": "School", "lon": 100.5835479, "lat": 13.9061314, "district_id": 17, "row": 156, "col": 472 }, "geometry": { "type": "Point", "coordinates": [ 100.5835479, 13.9061314 ] } },
{ "type": "Feature", "properties": { "name": "Seekan (Wattananunuppathum) School", "type": "School", "lon": 100.594274, "lat": 13.9243865, "district_id": 17, "row": 126, "col": 490 }, "geometry": { "type": "Point", "coordinates": [ 100.594274, 13.9243865 ] } },
{ "type": "Feature", "properties": { "name": "โรงเรียนวัดดอนเมือง (ทหารอากาศอุทิศ)", "type": "School", "lon": 100.6010901, "lat": 13.9215473, "district_id": 17, "row": 130, "col": 501 }, "geometry": { "type": "Point", "coordinates": [ 100.6010901, 13.9215473 ] } },
{ "type": "Feature", "properties": { "name": "Kasem Bundit University", "type": "University", "lon": 100.6277027, "lat": 13.7391787, "district_id": 43, "row": 434, "col": 546 }, "geometry": { "type": "Point", "coordinates": [ 100.6277027, 13.7391787 ] } },
{ "type": "Feature", "properties": { "name": "Tree House Montesori", "type": "School", "lon": 100.5400504, "lat": 13.8919771, "district_id": 0, "row": 180, "col": 400 }, "geometry": { "type": "Point", "coordinates": [ 100.5400504, 13.8919771 ] } },
{ "type": "Feature", "properties": { "name": "Nonthaburi Provincial Police", "type": "Police", "lon": 100.5041208, "lat": 13.8826131, "district_id": 0, "row": 195, "col": 340 }, "geometry": { "type": "Point", "coordinates": [ 100.5041208, 13.8826131 ] } },
{ "type": "Feature", "properties": { "name": "โรงเรียนอนุราชประสิทธิ์", "type": "School", "lon": 100.4974883, "lat": 13.8734137, "district_id": 0, "row": 210, "col": 329 }, "geometry": { "type": "Point", "coordinates": [ 100.4974883, 13.8734137 ] } },
{ "type": "Feature", "properties": { "name": "Kasem Bundit University Romklao Campus", "type": "University", "lon": 100.7369887, "lat": 13.8026524, "district_id": 27, "row": 328, "col": 728 }, "geometry": { "type": "Point", "coordinates": [ 100.7369887, 13.8026524 ] } },
{ "type": "Feature", "properties": { "name": "Nonsi Withaya School", "type": "School", "lon": 100.5467449, "lat": 13.7070942, "district_id": 50, "row": 488, "col": 411 }, "geometry": { "type": "Point", "coordinates": [ 100.5467449, 13.7070942 ] } },
{ "type": "Feature", "properties": { "name": "Saint Peter Thonburi School", "type": "School", "lon": 100.4295365, "lat": 13.7362116, "district_id": 31, "row": 439, "col": 215 }, "geometry": { "type": "Point", "coordinates": [ 100.4295365, 13.7362116 ] } },
{ "type": "Feature", "properties": { "name": "Dental Hospital Bangkok", "type": "Clinic", "lon": 100.576713, "lat": 13.7327735, "district_id": 48, "row": 445, "col": 461 }, "geometry": { "type": "Point", "coordinates": [ 100.576713, 13.7327735 ] } },
{ "type": "Feature", "properties": { "name": "โรงเรียนนนทบุรีพิทยาคม", "type": "School", "lon": 100.5208064, "lat": 13.8690912, "district_id": 0, "row": 218, "col": 368 }, "geometry": { "type": "Point", "coordinates": [ 100.5208064, 13.8690912 ] } },
{ "type": "Feature", "properties": { "name": "โรงเรียนประชาอุปถัมภ์", "type": "School", "lon": 100.547435, "lat": 13.8785283, "district_id": 0, "row": 202, "col": 412 }, "geometry": { "type": "Point", "coordinates": [ 100.547435, 13.8785283 ] } },
{ "type": "Feature", "properties": { "name": "โรงเรียนวัดตำหนักใต้", "type": "School", "lon": 100.4906488, "lat": 13.8863707, "district_id": 0, "row": 189, "col": 317 }, "geometry": { "type": "Point", "coordinates": [ 100.4906488, 13.8863707 ] } },
{ "type": "Feature", "properties": { "name": "Pak Kret Hospital", "type": "Hospital", "lon": 100.4982339, "lat": 13.9121504, "district_id": 0, "row": 146, "col": 330 }, "geometry": { "type": "Point", "coordinates": [ 100.4982339, 13.9121504 ] } },
{ "type": "Feature", "properties": { "name": "(unnamed)", "type": "School", "lon": 100.4402398, "lat": 13.9400349, "district_id": 0, "row": 99, "col": 233 }, "geometry": { "type": "Point", "coordinates": [ 100.4402398, 13.9400349 ] } },
{ "type": "Feature", "properties": { "name": "โรงเรียนเตรียมอุดมศึกษาน้อมเกล้า นนทบุรี", "type": "School", "lon": 100.4809951, "lat": 13.926468, "district_id": 0, "row": 122, "col": 301 }, "geometry": { "type": "Point", "coordinates": [ 100.4809951, 13.926468 ] } },
{ "type": "Feature", "properties": { "name": "โรงเรียนวัดปรมัยยิกาวาส", "type": "School", "lon": 100.48971, "lat": 13.9116107, "district_id": 0, "row": 147, "col": 316 }, "geometry": { "type": "Point", "coordinates": [ 100.48971, 13.9116107 ] } },
{ "type": "Feature", "properties": { "name": "Wat Choeng Len School", "type": "School", "lon": 100.4862302, "lat": 13.8958856, "district_id": 0, "row": 173, "col": 310 }, "geometry": { "type": "Point", "coordinates": [ 100.4862302, 13.8958856 ] } },
{ "type": "Feature", "properties": { "name": "Jetanin Institute for Assisted Reproduction", "type": "Hospital", "lon": 100.5448787, "lat": 13.7471925, "district_id": 30, "row": 421, "col": 408 }, "geometry": { "type": "Point", "coordinates": [ 100.5448787, 13.7471925 ] } },
{ "type": "Feature", "properties": { "name": "Sarasas Witaed Ratchaphruek School", "type": "School", "lon": 100.4742799, "lat": 13.958756, "district_id": 0, "row": 68, "col": 290 }, "geometry": { "type": "Point", "coordinates": [ 100.4742799, 13.958756 ] } },
{ "type": "Feature", "properties": { "name": "โรงเรียนดอนเมืองทหารอากาศบำรุง", "type": "School", "lon": 100.6058778, "lat": 13.9311845, "district_id": 17, "row": 114, "col": 509 }, "geometry": { "type": "Point", "coordinates": [ 100.6058778, 13.9311845 ] } },
{ "type": "Feature", "properties": { "name": "Mathayom Wat Makutkasat School", "type": "School", "lon": 100.5079095, "lat": 13.7642131, "district_id": 34, "row": 392, "col": 346 }, "geometry": { "type": "Point", "coordinates": [ 100.5079095, 13.7642131 ] } },
{ "type": "Feature", "properties": { "name": "Faculty of Tropical Medicine, MU", "type": "University", "lon": 100.5337771, "lat": 13.7655325, "district_id": 38, "row": 390, "col": 389 }, "geometry": { "type": "Point", "coordinates": [ 100.5337771, 13.7655325 ] } },
{ "type": "Feature", "properties": { "name": "Faculty of Public Health, MU", "type": "University", "lon": 100.5340769, "lat": 13.7662768, "district_id": 38, "row": 389, "col": 390 }, "geometry": { "type": "Point", "coordinates": [ 100.5340769, 13.7662768 ] } },
{ "type": "Feature", "properties": { "name": "Dusit Commercial School", "type": "School", "lon": 100.5401925, "lat": 13.7626793, "district_id": 38, "row": 395, "col": 400 }, "geometry": { "type": "Point", "coordinates": [ 100.5401925, 13.7626793 ] } },
{ "type": "Feature", "properties": { "name": "Boromarajonani College of Nursing", "type": "University", "lon": 100.5362759, "lat": 13.7625313, "district_id": 38, "row": 395, "col": 393 }, "geometry": { "type": "Point", "coordinates": [ 100.5362759, 13.7625313 ] } },
{ "type": "Feature", "properties": { "name": "School of Engineering", "type": "University", "lon": 100.8357138, "lat": 13.6132053, "district_id": 0, "row": 644, "col": 892 }, "geometry": { "type": "Point", "coordinates": [ 100.8357138, 13.6132053 ] } },
{ "type": "Feature", "properties": { "name": "Civil Aviation Institute", "type": "University", "lon": 100.553931, "lat": 13.799924, "district_id": 14, "row": 333, "col": 423 }, "geometry": { "type": "Point", "coordinates": [ 100.553931, 13.799924 ] } },
{ "type": "Feature", "properties": { "name": "Assumption Commercial College", "type": "University", "lon": 100.5259466, "lat": 13.716883, "district_id": 42, "row": 471, "col": 376 }, "geometry": { "type": "Point", "coordinates": [ 100.5259466, 13.716883 ] } },
{ "type": "Feature", "properties": { "name": "โรงเรียนวัดบ่อ (นันทวิทยา)", "type": "School", "lon": 100.4953632, "lat": 13.9134212, "district_id": 0, "row": 144, "col": 325 }, "geometry": { "type": "Point", "coordinates": [ 100.4953632, 13.9134212 ] } },
{ "type": "Feature", "properties": { "name": "ศูนย์สุขภาพสงเคราะห์ กรมพัฒนาสังคมและสวัสดิการ", "type": "Clinic", "lon": 100.4973416, "lat": 13.9012332, "district_id": 0, "row": 164, "col": 328 }, "geometry": { "type": "Point", "coordinates": [ 100.4973416, 13.9012332 ] } },
{ "type": "Feature", "properties": { "name": "โรงเรียนวัฒนพฤกษา", "type": "School", "lon": 100.5012121, "lat": 13.9070594, "district_id": 0, "row": 154, "col": 335 }, "geometry": { "type": "Point", "coordinates": [ 100.5012121, 13.9070594 ] } },
{ "type": "Feature", "properties": { "name": "โรงเรียนวัฒนพฤกษา แผนกอนุบาล", "type": "School", "lon": 100.5006916, "lat": 13.9058272, "district_id": 0, "row": 156, "col": 334 }, "geometry": { "type": "Point", "coordinates": [ 100.5006916, 13.9058272 ] } },
{ "type": "Feature", "properties": { "name": "หน่วยบริการประชาชนตลาดเทศบาลนครปากเกร็ด สถานีตำรวจภูธรปากเกร็ด", "type": "Police", "lon": 100.4979507, "lat": 13.9120549, "district_id": 0, "row": 146, "col": 329 }, "geometry": { "type": "Point", "coordinates": [ 100.4979507, 13.9120549 ] } },
{ "type": "Feature", "properties": { "name": "Pramaesakolsongkroh School", "type": "School", "lon": 100.416904, "lat": 13.9164096, "district_id": 0, "row": 139, "col": 194 }, "geometry": { "type": "Point", "coordinates": [ 100.416904, 13.9164096 ] } },
{ "type": "Feature", "properties": { "name": "Bang Bua Thong Hospital", "type": "Hospital", "lon": 100.4230939, "lat": 13.9182198, "district_id": 0, "row": 136, "col": 205 }, "geometry": { "type": "Point", "coordinates": [ 100.4230939, 13.9182198 ] } },
{ "type": "Feature", "properties": { "name": "(unnamed)", "type": "School", "lon": 100.423254, "lat": 13.9100156, "district_id": 0, "row": 149, "col": 205 }, "geometry": { "type": "Point", "coordinates": [ 100.423254, 13.9100156 ] } },
{ "type": "Feature", "properties": { "name": "(unnamed)", "type": "School", "lon": 100.4216138, "lat": 13.9192881, "district_id": 0, "row": 134, "col": 202 }, "geometry": { "type": "Point", "coordinates": [ 100.4216138, 13.9192881 ] } },
{ "type": "Feature", "properties": { "name": "(unnamed)", "type": "School", "lon": 100.4143378, "lat": 13.9122476, "district_id": 0, "row": 146, "col": 190 }, "geometry": { "type": "Point", "coordinates": [ 100.4143378, 13.9122476 ] } },
{ "type": "Feature", "properties": { "name": "Watlahan School", "type": "School", "lon": 100.4230022, "lat": 13.9151838, "district_id": 0, "row": 141, "col": 205 }, "geometry": { "type": "Point", "coordinates": [ 100.4230022, 13.9151838 ] } },
{ "type": "Feature", "properties": { "name": "Nonthaburi School for the Deaf", "type": "School", "lon": 100.4238844, "lat": 13.914278, "district_id": 0, "row": 142, "col": 206 }, "geometry": { "type": "Point", "coordinates": [ 100.4238844, 13.914278 ] } },
{ "type": "Feature", "properties": { "name": "Horwang School", "type": "School", "lon": 100.560922, "lat": 13.8187811, "district_id": 14, "row": 302, "col": 434 }, "geometry": { "type": "Point", "coordinates": [ 100.560922, 13.8187811 ] } },
{ "type": "Feature", "properties": { "name": "Kasemrad International Rattanatibeth Hospital", "type": "Hospital", "lon": 100.4101059, "lat": 13.881229, "district_id": 0, "row": 197, "col": 183 }, "geometry": { "type": "Point", "coordinates": [ 100.4101059, 13.881229 ] } },
{ "type": "Feature", "properties": { "name": "Chularat 3 Hospital", "type": "Hospital", "lon": 100.7212961, "lat": 13.5995257, "district_id": 0, "row": 667, "col": 702 }, "geometry": { "type": "Point", "coordinates": [ 100.7212961, 13.5995257 ] } },
{ "type": "Feature", "properties": { "name": "(unnamed)", "type": "School", "lon": 100.5378686, "lat": 13.987043, "district_id": 0, "row": 21, "col": 396 }, "geometry": { "type": "Point", "coordinates": [ 100.5378686, 13.987043 ] } },
{ "type": "Feature", "properties": { "name": "โรงเรียนในฝัน \"โรงเรียนดีใกล้บ้าน\"", "type": "School", "lon": 100.5407383, "lat": 13.9636505, "district_id": 0, "row": 60, "col": 401 }, "geometry": { "type": "Point", "coordinates": [ 100.5407383, 13.9636505 ] } },
{ "type": "Feature", "properties": { "name": "Rittiyawannalai School", "type": "School", "lon": 100.6263244, "lat": 13.9135093, "district_id": 39, "row": 144, "col": 543 }, "geometry": { "type": "Point", "coordinates": [ 100.6263244, 13.9135093 ] } },
{ "type": "Feature", "properties": { "name": "สถานีตำรวจนครบาลพญาไท", "type": "Police", "lon": 100.5301764, "lat": 13.7594074, "district_id": 38, "row": 400, "col": 383 }, "geometry": { "type": "Point", "coordinates": [ 100.5301764, 13.7594074 ] } },
{ "type": "Feature", "properties": { "name": "Sripatum University", "type": "University", "lon": 100.5850672, "lat": 13.8549521, "district_id": 14, "row": 241, "col": 475 }, "geometry": { "type": "Point", "coordinates": [ 100.5850672, 13.8549521 ] } },
{ "type": "Feature", "properties": { "name": "Sarawittaya School", "type": "School", "lon": 100.583581, "lat": 13.8511698, "district_id": 14, "row": 248, "col": 472 }, "geometry": { "type": "Point", "coordinates": [ 100.583581, 13.8511698 ] } },
{ "type": "Feature", "properties": { "name": "Wat Raja o ros school", "type": "School", "lon": 100.4626587, "lat": 13.7024659, "district_id": 15, "row": 495, "col": 271 }, "geometry": { "type": "Point", "coordinates": [ 100.4626587, 13.7024659 ] } },
{ "type": "Feature", "properties": { "name": "Plengprasiddhi School", "type": "School", "lon": 100.5191429, "lat": 13.7208272, "district_id": 9, "row": 465, "col": 365 }, "geometry": { "type": "Point", "coordinates": [ 100.5191429, 13.7208272 ] } },
{ "type": "Feature", "properties": { "name": "(unnamed)", "type": "Hospital", "lon": 100.5421504, "lat": 13.7774726, "district_id": 32, "row": 370, "col": 403 }, "geometry": { "type": "Point", "coordinates": [ 100.5421504, 13.7774726 ] } },
{ "type": "Feature", "properties": { "name": "โรงเรียนวัดม่วงแค", "type": "School", "lon": 100.5151192, "lat": 13.726224, "district_id": 9, "row": 456, "col": 358 }, "geometry": { "type": "Point", "coordinates": [ 100.5151192, 13.726224 ] } },
{ "type": "Feature", "properties": { "name": "Bangkok Christian Hospital", "type": "Hospital", "lon": 100.5311844, "lat": 13.7284252, "district_id": 9, "row": 452, "col": 385 }, "geometry": { "type": "Point", "coordinates": [ 100.5311844, 13.7284252 ] } },
{ "type": "Feature", "properties": { "name": "Watsamiennaree School", "type": "School", "lon": 100.5564182, "lat": 13.8406297, "district_id": 14, "row": 265, "col": 427 }, "geometry": { "type": "Point", "coordinates": [ 100.5564182, 13.8406297 ] } },
{ "type": "Feature", "properties": { "name": "Hospital of the Faculty of Dentistry", "type": "Hospital", "lon": 100.5349465, "lat": 13.7432919, "district_id": 30, "row": 427, "col": 391 }, "geometry": { "type": "Point", "coordinates": [ 100.5349465, 13.7432919 ] } },
{ "type": "Feature", "properties": { "name": "Kumon", "type": "School", "lon": 100.4968998, "lat": 13.7626913, "district_id": 34, "row": 395, "col": 328 }, "geometry": { "type": "Point", "coordinates": [ 100.4968998, 13.7626913 ] } },
{ "type": "Feature", "properties": { "name": "Military Technical Training School", "type": "University", "lon": 100.5760051, "lat": 13.8305932, "district_id": 14, "row": 282, "col": 460 }, "geometry": { "type": "Point", "coordinates": [ 100.5760051, 13.8305932 ] } },
{ "type": "Feature", "properties": { "name": "วิทยาลัยพาณิชการอินทราชัย", "type": "University", "lon": 100.6059942, "lat": 13.7615086, "district_id": 49, "row": 397, "col": 509 }, "geometry": { "type": "Point", "coordinates": [ 100.6059942, 13.7615086 ] } },
{ "type": "Feature", "properties": { "name": "(unnamed)", "type": "School", "lon": 100.5176412, "lat": 13.9600986, "district_id": 0, "row": 66, "col": 362 }, "geometry": { "type": "Point", "coordinates": [ 100.5176412, 13.9600986 ] } },
{ "type": "Feature", "properties": { "name": "World Medical Center", "type": "Hospital", "lon": 100.52424, "lat": 13.9048052, "district_id": 0, "row": 158, "col": 373 }, "geometry": { "type": "Point", "coordinates": [ 100.52424, 13.9048052 ] } },
{ "type": "Feature", "properties": { "name": "โรงเรียนวัดลาดปลาเค้า", "type": "School", "lon": 100.604085, "lat": 13.8475755, "district_id": 26, "row": 254, "col": 506 }, "geometry": { "type": "Point", "coordinates": [ 100.604085, 13.8475755 ] } },
{ "type": "Feature", "properties": { "name": "โรงเรียนวัดสุทธิสะอาด", "type": "School", "lon": 100.7323736, "lat": 13.877478, "district_id": 21, "row": 204, "col": 720 }, "geometry": { "type": "Point", "coordinates": [ 100.7323736, 13.877478 ] } },
{ "type": "Feature", "properties": { "name": "TPA School of Language and Culture", "type": "School", "lon": 100.5651166, "lat": 13.7353293, "district_id": 48, "row": 441, "col": 441 }, "geometry": { "type": "Point", "coordinates": [ 100.5651166, 13.7353293 ] } },
{ "type": "Feature", "properties": { "name": "(unnamed)", "type": "Police", "lon": 100.5545863, "lat": 13.831702, "district_id": 14, "row": 280, "col": 424 }, "geometry": { "type": "Point", "coordinates": [ 100.5545863, 13.831702 ] } },
{ "type": "Feature", "properties": { "name": "Sri Ayudhya School", "type": "School", "lon": 100.5389618, "lat": 13.7585373, "district_id": 38, "row": 402, "col": 398 }, "geometry": { "type": "Point", "coordinates": [ 100.5389618, 13.7585373 ] } },
{ "type": "Feature", "properties": { "name": "North Bangkok University", "type": "University", "lon": 100.6732687, "lat": 14.0046318, "district_id": 0, "row": 0, "col": 622 }, "geometry": { "type": "Point", "coordinates": [ 100.6732687, 14.0046318 ] } },
{ "type": "Feature", "properties": { "name": "(unnamed)", "type": "School", "lon": 100.6767465, "lat": 14.0006003, "district_id": 0, "row": 0, "col": 627 }, "geometry": { "type": "Point", "coordinates": [ 100.6767465, 14.0006003 ] } },
{ "type": "Feature", "properties": { "name": "(unnamed)", "type": "School", "lon": 100.671441, "lat": 13.994698, "district_id": 0, "row": 8, "col": 619 }, "geometry": { "type": "Point", "coordinates": [ 100.671441, 13.994698 ] } },
{ "type": "Feature", "properties": { "name": "โชคชัยรังสิต", "type": "School", "lon": 100.6652081, "lat": 13.9936199, "district_id": 0, "row": 10, "col": 608 }, "geometry": { "type": "Point", "coordinates": [ 100.6652081, 13.9936199 ] } },
{ "type": "Feature", "properties": { "name": "Beaconhouse Yamsaard School", "type": "School", "lon": 100.6860075, "lat": 13.9756637, "district_id": 0, "row": 40, "col": 643 }, "geometry": { "type": "Point", "coordinates": [ 100.6860075, 13.9756637 ] } },
{ "type": "Feature", "properties": { "name": "Klongkalantan", "type": "School", "lon": 100.6405133, "lat": 13.733269, "district_id": 43, "row": 444, "col": 567 }, "geometry": { "type": "Point", "coordinates": [ 100.6405133, 13.733269 ] } },
{ "type": "Feature", "properties": { "name": "Vibharam Hospital", "type": "Hospital", "lon": 100.6454946, "lat": 13.7347423, "district_id": 43, "row": 442, "col": 575 }, "geometry": { "type": "Point", "coordinates": [ 100.6454946, 13.7347423 ] } },
{ "type": "Feature", "properties": { "name": "Ramkhamhaeng Hospital", "type": "Hospital", "lon": 100.6368222, "lat": 13.7580245, "district_id": 2, "row": 403, "col": 561 }, "geometry": { "type": "Point", "coordinates": [ 100.6368222, 13.7580245 ] } },
{ "type": "Feature", "properties": { "name": "สวน 60 ปี มหาวิทยาลัยเกษตรศาสตร์", "type": "University", "lon": 100.5661669, "lat": 13.8498175, "district_id": 14, "row": 250, "col": 443 }, "geometry": { "type": "Point", "coordinates": [ 100.5661669, 13.8498175 ] } },
{ "type": "Feature", "properties": { "name": "Pittayaphat Suksa School", "type": "School", "lon": 100.7715502, "lat": 13.8358576, "district_id": 21, "row": 273, "col": 785 }, "geometry": { "type": "Point", "coordinates": [ 100.7715502, 13.8358576 ] } },
{ "type": "Feature", "properties": { "name": "Police General Hospital", "type": "Hospital", "lon": 100.5377612, "lat": 13.7433947, "district_id": 30, "row": 427, "col": 396 }, "geometry": { "type": "Point", "coordinates": [ 100.5377612, 13.7433947 ] } },
{ "type": "Feature", "properties": { "name": "Christham Wittaya School", "type": "School", "lon": 100.5234602, "lat": 13.7344127, "district_id": 9, "row": 442, "col": 372 }, "geometry": { "type": "Point", "coordinates": [ 100.5234602, 13.7344127 ] } },
{ "type": "Feature", "properties": { "name": "Chaophya Hospital", "type": "Hospital", "lon": 100.470588, "lat": 13.7802789, "district_id": 11, "row": 366, "col": 284 }, "geometry": { "type": "Point", "coordinates": [ 100.470588, 13.7802789 ] } },
{ "type": "Feature", "properties": { "name": "Triam Udom Suksa Pattanakarn Ratchada School", "type": "School", "lon": 100.5747047, "lat": 13.7729296, "district_id": 19, "row": 378, "col": 457 }, "geometry": { "type": "Point", "coordinates": [ 100.5747047, 13.7729296 ] } },
{ "type": "Feature", "properties": { "name": "Triam Udom Suksa Pattanakarn School", "type": "School", "lon": 100.6463765, "lat": 13.7292131, "district_id": 43, "row": 451, "col": 577 }, "geometry": { "type": "Point", "coordinates": [ 100.6463765, 13.7292131 ] } },
{ "type": "Feature", "properties": { "name": "Ratwinit Bangkaew School", "type": "School", "lon": 100.6714075, "lat": 13.6473266, "district_id": 0, "row": 587, "col": 619 }, "geometry": { "type": "Point", "coordinates": [ 100.6714075, 13.6473266 ] } },
{ "type": "Feature", "properties": { "name": "Assumption University Suvarnabhumi Campus", "type": "University", "lon": 100.8361337, "lat": 13.613702, "district_id": 0, "row": 643, "col": 893 }, "geometry": { "type": "Point", "coordinates": [ 100.8361337, 13.613702 ] } },
{ "type": "Feature", "properties": { "name": "Martin De Tours School of Management", "type": "University", "lon": 100.83671, "lat": 13.6129051, "district_id": 0, "row": 645, "col": 894 }, "geometry": { "type": "Point", "coordinates": [ 100.83671, 13.6129051 ] } },
{ "type": "Feature", "properties": { "name": "Praram 9 Hospital", "type": "Hospital", "lon": 100.5707886, "lat": 13.7528989, "district_id": 19, "row": 411, "col": 451 }, "geometry": { "type": "Point", "coordinates": [ 100.5707886, 13.7528989 ] } },
{ "type": "Feature", "properties": { "name": "Sarasas Wittaed Romklao School", "type": "School", "lon": 100.7427218, "lat": 13.7487461, "district_id": 25, "row": 418, "col": 737 }, "geometry": { "type": "Point", "coordinates": [ 100.7427218, 13.7487461 ] } },
{ "type": "Feature", "properties": { "name": "Yannawa Police Station", "type": "Police", "lon": 100.5193881, "lat": 13.7203989, "district_id": 9, "row": 466, "col": 365 }, "geometry": { "type": "Point", "coordinates": [ 100.5193881, 13.7203989 ] } },
{ "type": "Feature", "properties": { "name": "Saint Louis Suksa School", "type": "School", "lon": 100.5241634, "lat": 13.7183148, "district_id": 42, "row": 469, "col": 373 }, "geometry": { "type": "Point", "coordinates": [ 100.5241634, 13.7183148 ] } },
{ "type": "Feature", "properties": { "name": "Tungmahamek School", "type": "School", "lon": 100.5301287, "lat": 13.7140841, "district_id": 42, "row": 476, "col": 383 }, "geometry": { "type": "Point", "coordinates": [ 100.5301287, 13.7140841 ] } },
{ "type": "Feature", "properties": { "name": "Samitivej Thonburi Hospital", "type": "Hospital", "lon": 100.4898251, "lat": 13.7142787, "district_id": 46, "row": 476, "col": 316 }, "geometry": { "type": "Point", "coordinates": [ 100.4898251, 13.7142787 ] } },
{ "type": "Feature", "properties": { "name": "โรงเรียนวัดโพธินิมิตร", "type": "School", "lon": 100.4847704, "lat": 13.7208399, "district_id": 46, "row": 465, "col": 307 }, "geometry": { "type": "Point", "coordinates": [ 100.4847704, 13.7208399 ] } },
{ "type": "Feature", "properties": { "name": "โรงเรียนซาลีมุนยีนาน", "type": "School", "lon": 100.771968, "lat": 13.8345853, "district_id": 21, "row": 275, "col": 786 }, "geometry": { "type": "Point", "coordinates": [ 100.771968, 13.8345853 ] } },
{ "type": "Feature", "properties": { "name": "Korean International School of Bangkok", "type": "School", "lon": 100.8000155, "lat": 13.8625153, "district_id": 28, "row": 229, "col": 833 }, "geometry": { "type": "Point", "coordinates": [ 100.8000155, 13.8625153 ] } },
{ "type": "Feature", "properties": { "name": "โรงเรียนสุเหร่าแสนแสบ", "type": "School", "lon": 100.7512503, "lat": 13.8258032, "district_id": 21, "row": 290, "col": 752 }, "geometry": { "type": "Point", "coordinates": [ 100.7512503, 13.8258032 ] } },
{ "type": "Feature", "properties": { "name": "Bang O Fire Station", "type": "Fire station", "lon": 100.5122098, "lat": 13.8028429, "district_id": 8, "row": 328, "col": 353 }, "geometry": { "type": "Point", "coordinates": [ 100.5122098, 13.8028429 ] } },
{ "type": "Feature", "properties": { "name": "Phra Ram Hok Technological College", "type": "University", "lon": 100.5127209, "lat": 13.803457, "district_id": 8, "row": 327, "col": 354 }, "geometry": { "type": "Point", "coordinates": [ 100.5127209, 13.803457 ] } },
{ "type": "Feature", "properties": { "name": "Samsenwittayalai School", "type": "School", "lon": 100.5334395, "lat": 13.7845984, "district_id": 32, "row": 359, "col": 389 }, "geometry": { "type": "Point", "coordinates": [ 100.5334395, 13.7845984 ] } },
{ "type": "Feature", "properties": { "name": "Vichaiyut Hospital (Old [North] Building)", "type": "Hospital", "lon": 100.5337807, "lat": 13.7834092, "district_id": 32, "row": 360, "col": 389 }, "geometry": { "type": "Point", "coordinates": [ 100.5337807, 13.7834092 ] } },
{ "type": "Feature", "properties": { "name": "Ramkhamhaeng University (Hua Mak)", "type": "University", "lon": 100.6180202, "lat": 13.7560306, "district_id": 2, "row": 406, "col": 530 }, "geometry": { "type": "Point", "coordinates": [ 100.6180202, 13.7560306 ] } },
{ "type": "Feature", "properties": { "name": "(unnamed)", "type": "School", "lon": 100.4267527, "lat": 13.9643809, "district_id": 0, "row": 59, "col": 211 }, "geometry": { "type": "Point", "coordinates": [ 100.4267527, 13.9643809 ] } },
{ "type": "Feature", "properties": { "name": "Wat Kanika Pol school", "type": "School", "lon": 100.51, "lat": 13.7446373, "district_id": 35, "row": 425, "col": 350 }, "geometry": { "type": "Point", "coordinates": [ 100.51, 13.7446373 ] } },
{ "type": "Feature", "properties": { "name": "Phapphachai Police Station", "type": "Police", "lon": 100.5106455, "lat": 13.7439375, "district_id": 35, "row": 426, "col": 351 }, "geometry": { "type": "Point", "coordinates": [ 100.5106455, 13.7439375 ] } },
{ "type": "Feature", "properties": { "name": "Wat Pathum Khongkha School", "type": "School", "lon": 100.5109578, "lat": 13.7369079, "district_id": 40, "row": 438, "col": 351 }, "geometry": { "type": "Point", "coordinates": [ 100.5109578, 13.7369079 ] } },
{ "type": "Feature", "properties": { "name": "Thian Fah Foundation Hospital", "type": "Hospital", "lon": 100.5123052, "lat": 13.7382455, "district_id": 40, "row": 436, "col": 353 }, "geometry": { "type": "Point", "coordinates": [ 100.5123052, 13.7382455 ] } },
{ "type": "Feature", "properties": { "name": "วิทยาลัยเทคโนโลยีจรัลสนิทวงศ์", "type": "School", "lon": 100.4753416, "lat": 13.7690757, "district_id": 11, "row": 384, "col": 292 }, "geometry": { "type": "Point", "coordinates": [ 100.4753416, 13.7690757 ] } },
{ "type": "Feature", "properties": { "name": "Royal Thai Naval Academy", "type": "University", "lon": 100.5923001, "lat": 13.6093913, "district_id": 0, "row": 651, "col": 487 }, "geometry": { "type": "Point", "coordinates": [ 100.5923001, 13.6093913 ] } },
{ "type": "Feature", "properties": { "name": "School Wat Nong Yai", "type": "School", "lon": 100.6865512, "lat": 13.9182755, "district_id": 39, "row": 136, "col": 644 }, "geometry": { "type": "Point", "coordinates": [ 100.6865512, 13.9182755 ] } },
{ "type": "Feature", "properties": { "name": "The Early Learning Centre", "type": "School", "lon": 100.5784369, "lat": 13.7339626, "district_id": 48, "row": 443, "col": 464 }, "geometry": { "type": "Point", "coordinates": [ 100.5784369, 13.7339626 ] } },
{ "type": "Feature", "properties": { "name": "ตู้ควบคุมสัญญาณไฟจราจร เดอะมอลล์ บางกะปิ", "type": "Police", "lon": 100.6417194, "lat": 13.7678245, "district_id": 2, "row": 386, "col": 569 }, "geometry": { "type": "Point", "coordinates": [ 100.6417194, 13.7678245 ] } },
{ "type": "Feature", "properties": { "name": "โรงเรียนสิริรัตนาธร", "type": "School", "lon": 100.6243109, "lat": 13.6756058, "district_id": 7, "row": 540, "col": 540 }, "geometry": { "type": "Point", "coordinates": [ 100.6243109, 13.6756058 ] } },
{ "type": "Feature", "properties": { "name": "ตู้ควบคุมสัญญาณไฟจราจร สี่แยกบางกะปิ", "type": "Police", "lon": 100.6477097, "lat": 13.766521, "district_id": 2, "row": 389, "col": 579 }, "geometry": { "type": "Point", "coordinates": [ 100.6477097, 13.766521 ] } },
{ "type": "Feature", "properties": { "name": "ตู้ควบคุมสัญญาณไฟจราจร แยกนิด้า", "type": "Police", "lon": 100.6543382, "lat": 13.7728157, "district_id": 2, "row": 378, "col": 590 }, "geometry": { "type": "Point", "coordinates": [ 100.6543382, 13.7728157 ] } },
{ "type": "Feature", "properties": { "name": "โรงเรียนโสมาภา 2", "type": "School", "lon": 100.6505246, "lat": 13.7899589, "district_id": 13, "row": 350, "col": 584 }, "geometry": { "type": "Point", "coordinates": [ 100.6505246, 13.7899589 ] } },
{ "type": "Feature", "properties": { "name": "Ruamrudee International School", "type": "School", "lon": 100.7283724, "lat": 13.782101, "district_id": 27, "row": 363, "col": 713 }, "geometry": { "type": "Point", "coordinates": [ 100.7283724, 13.782101 ] } },
{ "type": "Feature", "properties": { "name": "(unnamed)", "type": "School", "lon": 100.596564, "lat": 13.7156564, "district_id": 48, "row": 473, "col": 494 }, "geometry": { "type": "Point", "coordinates": [ 100.596564, 13.7156564 ] } },
{ "type": "Feature", "properties": { "name": "(unnamed)", "type": "School", "lon": 100.594959, "lat": 13.7255462, "district_id": 48, "row": 457, "col": 491 }, "geometry": { "type": "Point", "coordinates": [ 100.594959, 13.7255462 ] } },
{ "type": "Feature", "properties": { "name": "Kasintorn St. Peters School", "type": "School", "lon": 100.3962134, "lat": 13.9001143, "district_id": 0, "row": 166, "col": 160 }, "geometry": { "type": "Point", "coordinates": [ 100.3962134, 13.9001143 ] } },
{ "type": "Feature", "properties": { "name": "โรงพยาบาล เปาโลพระประแดง", "type": "Hospital", "lon": 100.5513661, "lat": 13.6083888, "district_id": 0, "row": 652, "col": 418 }, "geometry": { "type": "Point", "coordinates": [ 100.5513661, 13.6083888 ] } },
{ "type": "Feature", "properties": { "name": "สถานีตำรวจนครบาลบางบอน", "type": "Police", "lon": 100.3814819, "lat": 13.6457366, "district_id": 1, "row": 590, "col": 135 }, "geometry": { "type": "Point", "coordinates": [ 100.3814819, 13.6457366 ] } },
{ "type": "Feature", "properties": { "name": "Lat Krabang Police Station", "type": "Police", "lon": 100.7639126, "lat": 13.7210582, "district_id": 25, "row": 464, "col": 773 }, "geometry": { "type": "Point", "coordinates": [ 100.7639126, 13.7210582 ] } },
{ "type": "Feature", "properties": { "name": "Thonburi Business Administration Technological College", "type": "University", "lon": 100.3887512, "lat": 13.653398, "district_id": 1, "row": 577, "col": 147 }, "geometry": { "type": "Point", "coordinates": [ 100.3887512, 13.653398 ] } },
{ "type": "Feature", "properties": { "name": "Camillian Hospital", "type": "Hospital", "lon": 100.5835244, "lat": 13.7391614, "district_id": 48, "row": 434, "col": 472 }, "geometry": { "type": "Point", "coordinates": [ 100.5835244, 13.7391614 ] } },
{ "type": "Feature", "properties": { "name": "Thong Lor Metropolitan Police Station", "type": "Police", "lon": 100.5836154, "lat": 13.7359342, "district_id": 48, "row": 440, "col": 472 }, "geometry": { "type": "Point", "coordinates": [ 100.5836154, 13.7359342 ] } },
{ "type": "Feature", "properties": { "name": "Wells International School", "type": "School", "lon": 100.576964, "lat": 13.7271685, "district_id": 48, "row": 454, "col": 461 }, "geometry": { "type": "Point", "coordinates": [ 100.576964, 13.7271685 ] } },
{ "type": "Feature", "properties": { "name": "Bangkok Plastic Surgery Clinic", "type": "Clinic", "lon": 100.5626195, "lat": 13.789139, "district_id": 16, "row": 351, "col": 437 }, "geometry": { "type": "Point", "coordinates": [ 100.5626195, 13.789139 ] } },
{ "type": "Feature", "properties": { "name": "Chamchan School", "type": "School", "lon": 100.5876462, "lat": 13.7391493, "district_id": 48, "row": 434, "col": 479 }, "geometry": { "type": "Point", "coordinates": [ 100.5876462, 13.7391493 ] } },
{ "type": "Feature", "properties": { "name": "Rutnin Eye Hospital", "type": "Hospital", "lon": 100.5631219, "lat": 13.7465043, "district_id": 48, "row": 422, "col": 438 }, "geometry": { "type": "Point", "coordinates": [ 100.5631219, 13.7465043 ] } },
{ "type": "Feature", "properties": { "name": "Srinakharinwirot University Prasarnmit Campus", "type": "University", "lon": 100.5649317, "lat": 13.744883, "district_id": 48, "row": 425, "col": 441 }, "geometry": { "type": "Point", "coordinates": [ 100.5649317, 13.744883 ] } },
{ "type": "Feature", "properties": { "name": "Wattana Wittaya Academy", "type": "School", "lon": 100.5601422, "lat": 13.74467, "district_id": 48, "row": 425, "col": 433 }, "geometry": { "type": "Point", "coordinates": [ 100.5601422, 13.74467 ] } },
{ "type": "Feature", "properties": { "name": "Piyavate Hospital", "type": "Hospital", "lon": 100.5801179, "lat": 13.7534185, "district_id": 19, "row": 410, "col": 466 }, "geometry": { "type": "Point", "coordinates": [ 100.5801179, 13.7534185 ] } },
{ "type": "Feature", "properties": { "name": "Banphaeo Hospital", "type": "Hospital", "lon": 100.5736826, "lat": 13.7331603, "district_id": 48, "row": 444, "col": 456 }, "geometry": { "type": "Point", "coordinates": [ 100.5736826, 13.7331603 ] } },
{ "type": "Feature", "properties": { "name": "Benchakitti Park Hospital", "type": "Hospital", "lon": 100.5539979, "lat": 13.7246218, "district_id": 23, "row": 458, "col": 423 }, "geometry": { "type": "Point", "coordinates": [ 100.5539979, 13.7246218 ] } },
{ "type": "Feature", "properties": { "name": "ABC Pathways International Kindergarten", "type": "School", "lon": 100.571333, "lat": 13.7440505, "district_id": 48, "row": 426, "col": 452 }, "geometry": { "type": "Point", "coordinates": [ 100.571333, 13.7440505 ] } },
{ "type": "Feature", "properties": { "name": "(unnamed)", "type": "School", "lon": 100.581403, "lat": 13.7189079, "district_id": 23, "row": 468, "col": 469 }, "geometry": { "type": "Point", "coordinates": [ 100.581403, 13.7189079 ] } },
{ "type": "Feature", "properties": { "name": "โรงพยาบาล เพชรเวช", "type": "Hospital", "lon": 100.5936225, "lat": 13.7433306, "district_id": 19, "row": 427, "col": 489 }, "geometry": { "type": "Point", "coordinates": [ 100.5936225, 13.7433306 ] } },
{ "type": "Feature", "properties": { "name": "Asoke Skin Hospital", "type": "Hospital", "lon": 100.5643501, "lat": 13.7508493, "district_id": 19, "row": 415, "col": 440 }, "geometry": { "type": "Point", "coordinates": [ 100.5643501, 13.7508493 ] } },
{ "type": "Feature", "properties": { "name": "Sarasas Witaed Saimai School", "type": "School", "lon": 100.6807874, "lat": 13.9179839, "district_id": 39, "row": 136, "col": 634 }, "geometry": { "type": "Point", "coordinates": [ 100.6807874, 13.9179839 ] } },
{ "type": "Feature", "properties": { "name": "(unnamed)", "type": "Police", "lon": 100.6838093, "lat": 13.9213318, "district_id": 39, "row": 131, "col": 639 }, "geometry": { "type": "Point", "coordinates": [ 100.6838093, 13.9213318 ] } },
{ "type": "Feature", "properties": { "name": "Wat Suthi Wararam School", "type": "School", "lon": 100.5118748, "lat": 13.7127958, "district_id": 42, "row": 478, "col": 353 }, "geometry": { "type": "Point", "coordinates": [ 100.5118748, 13.7127958 ] } },
{ "type": "Feature", "properties": { "name": "Phyathai 1 Hospital", "type": "Hospital", "lon": 100.5394304, "lat": 13.7562463, "district_id": 38, "row": 406, "col": 399 }, "geometry": { "type": "Point", "coordinates": [ 100.5394304, 13.7562463 ] } },
{ "type": "Feature", "properties": { "name": "Wat Sommanat School", "type": "School", "lon": 100.5111243, "lat": 13.7612191, "district_id": 35, "row": 397, "col": 351 }, "geometry": { "type": "Point", "coordinates": [ 100.5111243, 13.7612191 ] } },
{ "type": "Feature", "properties": { "name": "Debsirin School", "type": "School", "lon": 100.5156352, "lat": 13.7467549, "district_id": 35, "row": 422, "col": 359 }, "geometry": { "type": "Point", "coordinates": [ 100.5156352, 13.7467549 ] } },
{ "type": "Feature", "properties": { "name": "Ekamai International School", "type": "School", "lon": 100.592484, "lat": 13.7307791, "district_id": 48, "row": 448, "col": 487 }, "geometry": { "type": "Point", "coordinates": [ 100.592484, 13.7307791 ] } },
{ "type": "Feature", "properties": { "name": "Concordian International School", "type": "School", "lon": 100.6749338, "lat": 13.6381101, "district_id": 0, "row": 603, "col": 624 }, "geometry": { "type": "Point", "coordinates": [ 100.6749338, 13.6381101 ] } },
{ "type": "Feature", "properties": { "name": "Phranakhon Rajabhat University", "type": "University", "lon": 100.5919751, "lat": 13.8764357, "district_id": 4, "row": 205, "col": 486 }, "geometry": { "type": "Point", "coordinates": [ 100.5919751, 13.8764357 ] } },
{ "type": "Feature", "properties": { "name": "St. Andrews International School", "type": "School", "lon": 100.5978566, "lat": 13.7237591, "district_id": 48, "row": 460, "col": 496 }, "geometry": { "type": "Point", "coordinates": [ 100.5978566, 13.7237591 ] } },
{ "type": "Feature", "properties": { "name": "Bangprakok 9 International Hospital", "type": "Hospital", "lon": 100.474626, "lat": 13.6819541, "district_id": 15, "row": 530, "col": 291 }, "geometry": { "type": "Point", "coordinates": [ 100.474626, 13.6819541 ] } },
{ "type": "Feature", "properties": { "name": "Phyathai 3 Hospital", "type": "Hospital", "lon": 100.4640154, "lat": 13.7230926, "district_id": 31, "row": 461, "col": 273 }, "geometry": { "type": "Point", "coordinates": [ 100.4640154, 13.7230926 ] } },
{ "type": "Feature", "properties": { "name": "โรงเรียนวัดสุทธาราม", "type": "School", "lon": 100.4933895, "lat": 13.7130743, "district_id": 22, "row": 478, "col": 322 }, "geometry": { "type": "Point", "coordinates": [ 100.4933895, 13.7130743 ] } },
{ "type": "Feature", "properties": { "name": "รร.เกื้อวิทยา", "type": "School", "lon": 100.4951746, "lat": 13.7097821, "district_id": 46, "row": 483, "col": 325 }, "geometry": { "type": "Point", "coordinates": [ 100.4951746, 13.7097821 ] } },
{ "type": "Feature", "properties": { "name": "Somdech Phra Pinklao Hospital", "type": "Hospital", "lon": 100.4847344, "lat": 13.7101671, "district_id": 46, "row": 483, "col": 307 }, "geometry": { "type": "Point", "coordinates": [ 100.4847344, 13.7101671 ] } },
{ "type": "Feature", "properties": { "name": "WangTongLang Police Station", "type": "Police", "lon": 100.6017279, "lat": 13.7598918, "district_id": 49, "row": 400, "col": 502 }, "geometry": { "type": "Point", "coordinates": [ 100.6017279, 13.7598918 ] } },
{ "type": "Feature", "properties": { "name": "Ladprao Hospital", "type": "Hospital", "lon": 100.6242922, "lat": 13.7781337, "district_id": 49, "row": 369, "col": 540 }, "geometry": { "type": "Point", "coordinates": [ 100.6242922, 13.7781337 ] } },
{ "type": "Feature", "properties": { "name": "Vejthani Hospital", "type": "Hospital", "lon": 100.6369087, "lat": 13.7721804, "district_id": 2, "row": 379, "col": 561 }, "geometry": { "type": "Point", "coordinates": [ 100.6369087, 13.7721804 ] } },
{ "type": "Feature", "properties": { "name": "Lertlah School Kaset-Nawamin", "type": "School", "lon": 100.6381909, "lat": 13.8167573, "district_id": 13, "row": 305, "col": 563 }, "geometry": { "type": "Point", "coordinates": [ 100.6381909, 13.8167573 ] } },
{ "type": "Feature", "properties": { "name": "รร.อนุบาลสุวาวรรณ", "type": "School", "lon": 100.4955892, "lat": 13.7101016, "district_id": 22, "row": 483, "col": 325 }, "geometry": { "type": "Point", "coordinates": [ 100.4955892, 13.7101016 ] } },
{ "type": "Feature", "properties": { "name": "Huamark Police Station", "type": "Police", "lon": 100.6273675, "lat": 13.7597746, "district_id": 2, "row": 400, "col": 545 }, "geometry": { "type": "Point", "coordinates": [ 100.6273675, 13.7597746 ] } },
{ "type": "Feature", "properties": { "name": "Bang Khae School", "type": "School", "lon": 100.4006234, "lat": 13.7072804, "district_id": 3, "row": 487, "col": 167 }, "geometry": { "type": "Point", "coordinates": [ 100.4006234, 13.7072804 ] } },
{ "type": "Feature", "properties": { "name": "Sawasdee Witthaya School", "type": "School", "lon": 100.5663967, "lat": 13.739815, "district_id": 48, "row": 433, "col": 443 }, "geometry": { "type": "Point", "coordinates": [ 100.5663967, 13.739815 ] } },
{ "type": "Feature", "properties": { "name": "(unnamed)", "type": "School", "lon": 100.5655754, "lat": 13.7415309, "district_id": 48, "row": 430, "col": 442 }, "geometry": { "type": "Point", "coordinates": [ 100.5655754, 13.7415309 ] } },
{ "type": "Feature", "properties": { "name": "Pathumwan Institute of Technology", "type": "University", "lon": 100.5258558, "lat": 13.7482694, "district_id": 30, "row": 419, "col": 376 }, "geometry": { "type": "Point", "coordinates": [ 100.5258558, 13.7482694 ] } },
{ "type": "Feature", "properties": { "name": "BSB British International Primary School", "type": "School", "lon": 100.5527583, "lat": 13.7363597, "district_id": 23, "row": 439, "col": 421 }, "geometry": { "type": "Point", "coordinates": [ 100.5527583, 13.7363597 ] } },
{ "type": "Feature", "properties": { "name": "Nopparat Rajathanee Hospital", "type": "Hospital", "lon": 100.6883458, "lat": 13.8173643, "district_id": 20, "row": 304, "col": 647 }, "geometry": { "type": "Point", "coordinates": [ 100.6883458, 13.8173643 ] } },
{ "type": "Feature", "properties": { "name": "Taweethapisek School", "type": "School", "lon": 100.4826973, "lat": 13.7451321, "district_id": 12, "row": 424, "col": 304 }, "geometry": { "type": "Point", "coordinates": [ 100.4826973, 13.7451321 ] } },
{ "type": "Feature", "properties": { "name": "Watsungwej School", "type": "School", "lon": 100.4971553, "lat": 13.7639615, "district_id": 34, "row": 393, "col": 328 }, "geometry": { "type": "Point", "coordinates": [ 100.4971553, 13.7639615 ] } },
{ "type": "Feature", "properties": { "name": "สถานบำบัดโรคผิวหนัง สถาบันราชประชาสมาสัย", "type": "Clinic", "lon": 100.5054405, "lat": 13.7640406, "district_id": 34, "row": 393, "col": 342 }, "geometry": { "type": "Point", "coordinates": [ 100.5054405, 13.7640406 ] } },
{ "type": "Feature", "properties": { "name": "Shrewsbury International School Bangkok", "type": "School", "lon": 100.5092568, "lat": 13.7098831, "district_id": 5, "row": 483, "col": 348 }, "geometry": { "type": "Point", "coordinates": [ 100.5092568, 13.7098831 ] } },
{ "type": "Feature", "properties": { "name": "Saint Joseph Convent School", "type": "School", "lon": 100.5348391, "lat": 13.7261371, "district_id": 9, "row": 456, "col": 391 }, "geometry": { "type": "Point", "coordinates": [ 100.5348391, 13.7261371 ] } },
{ "type": "Feature", "properties": { "name": "อาคารส่วนวิทยบริการ", "type": "University", "lon": 100.5338196, "lat": 13.7666667, "district_id": 38, "row": 388, "col": 389 }, "geometry": { "type": "Point", "coordinates": [ 100.5338196, 13.7666667 ] } },
{ "type": "Feature", "properties": { "name": "Rajamangala University of Technology Phra Nakhon Thewet Campus", "type": "University", "lon": 100.5038232, "lat": 13.7707483, "district_id": 18, "row": 382, "col": 339 }, "geometry": { "type": "Point", "coordinates": [ 100.5038232, 13.7707483 ] } },
{ "type": "Feature", "properties": { "name": "Saint Francis Xavier Convent School", "type": "School", "lon": 100.5057724, "lat": 13.7769289, "district_id": 18, "row": 371, "col": 342 }, "geometry": { "type": "Point", "coordinates": [ 100.5057724, 13.7769289 ] } },
{ "type": "Feature", "properties": { "name": "Suan Sunandha Rajabhat University", "type": "University", "lon": 100.5083453, "lat": 13.7753986, "district_id": 18, "row": 374, "col": 347 }, "geometry": { "type": "Point", "coordinates": [ 100.5083453, 13.7753986 ] } },
{ "type": "Feature", "properties": { "name": "Saint Louis Hospital", "type": "Hospital", "lon": 100.5250946, "lat": 13.7191392, "district_id": 42, "row": 468, "col": 375 }, "geometry": { "type": "Point", "coordinates": [ 100.5250946, 13.7191392 ] } },
{ "type": "Feature", "properties": { "name": "Silom Thai Cooking school", "type": "School", "lon": 100.5244196, "lat": 13.7226412, "district_id": 9, "row": 462, "col": 374 }, "geometry": { "type": "Point", "coordinates": [ 100.5244196, 13.7226412 ] } },
{ "type": "Feature", "properties": { "name": "Matthayom Wat Benchamabophit School", "type": "School", "lon": 100.512699, "lat": 13.7659764, "district_id": 18, "row": 390, "col": 354 }, "geometry": { "type": "Point", "coordinates": [ 100.512699, 13.7659764 ] } },
{ "type": "Feature", "properties": { "name": "โรงเรียนเบญจมบพิตร", "type": "School", "lon": 100.5135581, "lat": 13.7647698, "district_id": 18, "row": 392, "col": 355 }, "geometry": { "type": "Point", "coordinates": [ 100.5135581, 13.7647698 ] } },
{ "type": "Feature", "properties": { "name": "Wat Rachapatikaram School", "type": "School", "lon": 100.5046356, "lat": 13.7803666, "district_id": 18, "row": 366, "col": 341 }, "geometry": { "type": "Point", "coordinates": [ 100.5046356, 13.7803666 ] } },
{ "type": "Feature", "properties": { "name": "Faculty of Medicine Vajira Hospital, Navamindradhiraj University", "type": "University", "lon": 100.5080147, "lat": 13.7810785, "district_id": 18, "row": 364, "col": 346 }, "geometry": { "type": "Point", "coordinates": [ 100.5080147, 13.7810785 ] } },
{ "type": "Feature", "properties": { "name": "โรงเรียนทีปังกรวิทยาพัฒน์", "type": "School", "lon": 100.5107101, "lat": 13.7824453, "district_id": 18, "row": 362, "col": 351 }, "geometry": { "type": "Point", "coordinates": [ 100.5107101, 13.7824453 ] } },
{ "type": "Feature", "properties": { "name": "Rajavinit Matthayom School", "type": "School", "lon": 100.5147196, "lat": 13.762938, "district_id": 18, "row": 395, "col": 357 }, "geometry": { "type": "Point", "coordinates": [ 100.5147196, 13.762938 ] } },
{ "type": "Feature", "properties": { "name": "Wat Rajabopit School", "type": "School", "lon": 100.4953136, "lat": 13.744293, "district_id": 34, "row": 426, "col": 325 }, "geometry": { "type": "Point", "coordinates": [ 100.4953136, 13.744293 ] } },
{ "type": "Feature", "properties": { "name": "Suankularb Wittayalai School", "type": "School", "lon": 100.497977, "lat": 13.7428666, "district_id": 34, "row": 428, "col": 329 }, "geometry": { "type": "Point", "coordinates": [ 100.497977, 13.7428666 ] } },
{ "type": "Feature", "properties": { "name": "Wat Chakrawatat School", "type": "School", "lon": 100.5038439, "lat": 13.7428389, "district_id": 40, "row": 428, "col": 339 }, "geometry": { "type": "Point", "coordinates": [ 100.5038439, 13.7428389 ] } },
{ "type": "Feature", "properties": { "name": "International Community School", "type": "School", "lon": 100.6523175, "lat": 13.6678053, "district_id": 7, "row": 553, "col": 587 }, "geometry": { "type": "Point", "coordinates": [ 100.6523175, 13.6678053 ] } },
{ "type": "Feature", "properties": { "name": "Pak Kred Wittaya Foundation School", "type": "School", "lon": 100.4933017, "lat": 13.9135287, "district_id": 0, "row": 144, "col": 322 }, "geometry": { "type": "Point", "coordinates": [ 100.4933017, 13.9135287 ] } },
{ "type": "Feature", "properties": { "name": "Wat Lannaboon School", "type": "School", "lon": 100.5094494, "lat": 13.8430371, "district_id": 0, "row": 261, "col": 349 }, "geometry": { "type": "Point", "coordinates": [ 100.5094494, 13.8430371 ] } },
{ "type": "Feature", "properties": { "name": "American School of Bangkok - Bangna Campus", "type": "School", "lon": 100.7248067, "lat": 13.6132163, "district_id": 0, "row": 644, "col": 708 }, "geometry": { "type": "Point", "coordinates": [ 100.7248067, 13.6132163 ] } },
{ "type": "Feature", "properties": { "name": "Saint Gabriel's College", "type": "School", "lon": 100.5064403, "lat": 13.7759659, "district_id": 18, "row": 373, "col": 344 }, "geometry": { "type": "Point", "coordinates": [ 100.5064403, 13.7759659 ] } },
{ "type": "Feature", "properties": { "name": "(unnamed)", "type": "School", "lon": 100.7302386, "lat": 13.5871272, "district_id": 0, "row": 688, "col": 717 }, "geometry": { "type": "Point", "coordinates": [ 100.7302386, 13.5871272 ] } },
{ "type": "Feature", "properties": { "name": "Praserttham Vittaya School", "type": "School", "lon": 100.5217679, "lat": 13.7391435, "district_id": 30, "row": 434, "col": 369 }, "geometry": { "type": "Point", "coordinates": [ 100.5217679, 13.7391435 ] } },
{ "type": "Feature", "properties": { "name": "Nong Ngu Hao Sat Prasert School", "type": "School", "lon": 100.7248881, "lat": 13.6256584, "district_id": 0, "row": 623, "col": 708 }, "geometry": { "type": "Point", "coordinates": [ 100.7248881, 13.6256584 ] } },
{ "type": "Feature", "properties": { "name": "Nonthavej Hospital", "type": "Hospital", "lon": 100.5430371, "lat": 13.8555341, "district_id": 0, "row": 240, "col": 405 }, "geometry": { "type": "Point", "coordinates": [ 100.5430371, 13.8555341 ] } },
{ "type": "Feature", "properties": { "name": "(unnamed)", "type": "Clinic", "lon": 100.4003378, "lat": 13.7104486, "district_id": 3, "row": 482, "col": 167 }, "geometry": { "type": "Point", "coordinates": [ 100.4003378, 13.7104486 ] } },
{ "type": "Feature", "properties": { "name": "รพ เกษมราษฎร์ บางแค", "type": "Hospital", "lon": 100.3988257, "lat": 13.7108222, "district_id": 3, "row": 481, "col": 164 }, "geometry": { "type": "Point", "coordinates": [ 100.3988257, 13.7108222 ] } },
{ "type": "Feature", "properties": { "name": "ศูนย์บริการสาธารณสุข 40", "type": "Clinic", "lon": 100.4003428, "lat": 13.7105253, "district_id": 3, "row": 482, "col": 167 }, "geometry": { "type": "Point", "coordinates": [ 100.4003428, 13.7105253 ] } },
{ "type": "Feature", "properties": { "name": "Kunnatee Rutharam Wittayakhom School", "type": "School", "lon": 100.5725336, "lat": 13.7820645, "district_id": 16, "row": 363, "col": 454 }, "geometry": { "type": "Point", "coordinates": [ 100.5725336, 13.7820645 ] } },
{ "type": "Feature", "properties": { "name": "Saint Carlos Hospital", "type": "Hospital", "lon": 100.57659, "lat": 13.7838555, "district_id": 19, "row": 360, "col": 460 }, "geometry": { "type": "Point", "coordinates": [ 100.57659, 13.7838555 ] } },
{ "type": "Feature", "properties": { "name": "Huai Khwang Metropolitan Police Station", "type": "Police", "lon": 100.5698642, "lat": 13.7770475, "district_id": 16, "row": 371, "col": 449 }, "geometry": { "type": "Point", "coordinates": [ 100.5698642, 13.7770475 ] } },
{ "type": "Feature", "properties": { "name": "Sai Mai Hospital", "type": "Hospital", "lon": 100.6841823, "lat": 13.9234182, "district_id": 39, "row": 127, "col": 640 }, "geometry": { "type": "Point", "coordinates": [ 100.6841823, 13.9234182 ] } },
{ "type": "Feature", "properties": { "name": "Vichaiyut Hospital (New [South] Building)", "type": "Hospital", "lon": 100.532883, "lat": 13.7806615, "district_id": 32, "row": 365, "col": 388 }, "geometry": { "type": "Point", "coordinates": [ 100.532883, 13.7806615 ] } },
{ "type": "Feature", "properties": { "name": "Suvarnabhumi Airport Fire Station", "type": "Fire station", "lon": 100.742199, "lat": 13.6840133, "district_id": 0, "row": 526, "col": 736 }, "geometry": { "type": "Point", "coordinates": [ 100.742199, 13.6840133 ] } },
{ "type": "Feature", "properties": { "name": "Huai Khwang Police Fire Brigade Station", "type": "Fire station", "lon": 100.570223, "lat": 13.7770808, "district_id": 16, "row": 371, "col": 450 }, "geometry": { "type": "Point", "coordinates": [ 100.570223, 13.7770808 ] } },
{ "type": "Feature", "properties": { "name": "Sam Saen Nok School", "type": "School", "lon": 100.5693396, "lat": 13.7775743, "district_id": 16, "row": 370, "col": 448 }, "geometry": { "type": "Point", "coordinates": [ 100.5693396, 13.7775743 ] } },
{ "type": "Feature", "properties": { "name": "Samsen Nok School", "type": "School", "lon": 100.5723604, "lat": 13.7744193, "district_id": 16, "row": 375, "col": 453 }, "geometry": { "type": "Point", "coordinates": [ 100.5723604, 13.7744193 ] } },
{ "type": "Feature", "properties": { "name": "Sutthisan Check Point", "type": "Police", "lon": 100.5669674, "lat": 13.7861407, "district_id": 16, "row": 356, "col": 444 }, "geometry": { "type": "Point", "coordinates": [ 100.5669674, 13.7861407 ] } },
{ "type": "Feature", "properties": { "name": "Chinnaphong", "type": "School", "lon": 100.5690905, "lat": 13.7861476, "district_id": 16, "row": 356, "col": 448 }, "geometry": { "type": "Point", "coordinates": [ 100.5690905, 13.7861476 ] } },
{ "type": "Feature", "properties": { "name": "Chinnaphong", "type": "School", "lon": 100.5722641, "lat": 13.7830694, "district_id": 16, "row": 361, "col": 453 }, "geometry": { "type": "Point", "coordinates": [ 100.5722641, 13.7830694 ] } },
{ "type": "Feature", "properties": { "name": "ศูนย์บริการสาธารณสุข 52 สามเสนนอก", "type": "Hospital", "lon": 100.5702045, "lat": 13.7774692, "district_id": 16, "row": 370, "col": 450 }, "geometry": { "type": "Point", "coordinates": [ 100.5702045, 13.7774692 ] } },
{ "type": "Feature", "properties": { "name": "(unnamed)", "type": "School", "lon": 100.4691589, "lat": 13.7242246, "district_id": 12, "row": 459, "col": 281 }, "geometry": { "type": "Point", "coordinates": [ 100.4691589, 13.7242246 ] } },
{ "type": "Feature", "properties": { "name": "โรงเรียนวัดจันทร์ประดิษฐาราม", "type": "School", "lon": 100.4405301, "lat": 13.7209338, "district_id": 31, "row": 465, "col": 234 }, "geometry": { "type": "Point", "coordinates": [ 100.4405301, 13.7209338 ] } },
{ "type": "Feature", "properties": { "name": "โรงเรียนวัดปากน้ำ (พิบูลสงคราม)", "type": "School", "lon": 100.5063322, "lat": 13.8213328, "district_id": 0, "row": 297, "col": 343 }, "geometry": { "type": "Point", "coordinates": [ 100.5063322, 13.8213328 ] } },
{ "type": "Feature", "properties": { "name": "Rattana Bundit University", "type": "University", "lon": 100.6385491, "lat": 13.779273, "district_id": 2, "row": 367, "col": 564 }, "geometry": { "type": "Point", "coordinates": [ 100.6385491, 13.779273 ] } },
{ "type": "Feature", "properties": { "name": "Wat Phai Tan School", "type": "School", "lon": 100.548259, "lat": 13.7962252, "district_id": 32, "row": 339, "col": 413 }, "geometry": { "type": "Point", "coordinates": [ 100.548259, 13.7962252 ] } },
{ "type": "Feature", "properties": { "name": "Thepleela School", "type": "School", "lon": 100.6154379, "lat": 13.7583454, "district_id": 2, "row": 402, "col": 525 }, "geometry": { "type": "Point", "coordinates": [ 100.6154379, 13.7583454 ] } },
{ "type": "Feature", "properties": { "name": "Vibhavadi Metropolitan Police Station", "type": "Police", "lon": 100.5582706, "lat": 13.8337912, "district_id": 14, "row": 277, "col": 430 }, "geometry": { "type": "Point", "coordinates": [ 100.5582706, 13.8337912 ] } },
{ "type": "Feature", "properties": { "name": "Sikarin Hospital", "type": "Hospital", "lon": 100.6461512, "lat": 13.6542071, "district_id": 7, "row": 576, "col": 576 }, "geometry": { "type": "Point", "coordinates": [ 100.6461512, 13.6542071 ] } },
{ "type": "Feature", "properties": { "name": "Bangpakok 8 Hospital", "type": "Hospital", "lon": 100.4071856, "lat": 13.6626335, "district_id": 1, "row": 562, "col": 178 }, "geometry": { "type": "Point", "coordinates": [ 100.4071856, 13.6626335 ] } },
{ "type": "Feature", "properties": { "name": "Charoenkrung Pracharak Hospital", "type": "Hospital", "lon": 100.4947203, "lat": 13.6935556, "district_id": 5, "row": 510, "col": 324 }, "geometry": { "type": "Point", "coordinates": [ 100.4947203, 13.6935556 ] } },
{ "type": "Feature", "properties": { "name": "Bangkok Hospital", "type": "Hospital", "lon": 100.5832663, "lat": 13.749195, "district_id": 19, "row": 418, "col": 472 }, "geometry": { "type": "Point", "coordinates": [ 100.5832663, 13.749195 ] } },
{ "type": "Feature", "properties": { "name": "Yanhee International Hospital", "type": "Hospital", "lon": 100.511543, "lat": 13.7996304, "district_id": 8, "row": 333, "col": 352 }, "geometry": { "type": "Point", "coordinates": [ 100.511543, 13.7996304 ] } },
{ "type": "Feature", "properties": { "name": "Stanford International University", "type": "University", "lon": 100.6615139, "lat": 13.7352518, "district_id": 36, "row": 441, "col": 602 }, "geometry": { "type": "Point", "coordinates": [ 100.6615139, 13.7352518 ] } },
{ "type": "Feature", "properties": { "name": "สถานีดับเพลิงและกู้ภัยหนองแขม", "type": "Fire station", "lon": 100.3635687, "lat": 13.7203848, "district_id": 29, "row": 466, "col": 105 }, "geometry": { "type": "Point", "coordinates": [ 100.3635687, 13.7203848 ] } },
{ "type": "Feature", "properties": { "name": "King Mongkut's University of Technology, Thonburi", "type": "University", "lon": 100.4938398, "lat": 13.6517757, "district_id": 47, "row": 580, "col": 323 }, "geometry": { "type": "Point", "coordinates": [ 100.4938398, 13.6517757 ] } },
{ "type": "Feature", "properties": { "name": "(unnamed)", "type": "School", "lon": 100.4919487, "lat": 13.9047165, "district_id": 0, "row": 158, "col": 319 }, "geometry": { "type": "Point", "coordinates": [ 100.4919487, 13.9047165 ] } },
{ "type": "Feature", "properties": { "name": "Debsirin Nonthaburi School", "type": "School", "lon": 100.4136258, "lat": 13.8136779, "district_id": 0, "row": 310, "col": 189 }, "geometry": { "type": "Point", "coordinates": [ 100.4136258, 13.8136779 ] } },
{ "type": "Feature", "properties": { "name": "Phra Kanong Fire Station", "type": "Fire station", "lon": 100.6001548, "lat": 13.7081901, "district_id": 48, "row": 486, "col": 500 }, "geometry": { "type": "Point", "coordinates": [ 100.6001548, 13.7081901 ] } },
{ "type": "Feature", "properties": { "name": "โรงเรียนนาหลวง", "type": "School", "lon": 100.4946594, "lat": 13.648229, "district_id": 47, "row": 586, "col": 324 }, "geometry": { "type": "Point", "coordinates": [ 100.4946594, 13.648229 ] } },
{ "type": "Feature", "properties": { "name": "โรงเรียนวัดแป้นทอง", "type": "School", "lon": 100.7087981, "lat": 13.8859563, "district_id": 21, "row": 190, "col": 681 }, "geometry": { "type": "Point", "coordinates": [ 100.7087981, 13.8859563 ] } },
{ "type": "Feature", "properties": { "name": "โรงเรียนอุดมวิทยา", "type": "School", "lon": 100.6430787, "lat": 13.9937793, "district_id": 0, "row": 10, "col": 571 }, "geometry": { "type": "Point", "coordinates": [ 100.6430787, 13.9937793 ] } },
{ "type": "Feature", "properties": { "name": "Jularat 9 Hospital", "type": "Hospital", "lon": 100.7224494, "lat": 13.6775385, "district_id": 0, "row": 537, "col": 704 }, "geometry": { "type": "Point", "coordinates": [ 100.7224494, 13.6775385 ] } },
{ "type": "Feature", "properties": { "name": "Samitivej Chinatown Hospital", "type": "Hospital", "lon": 100.5125458, "lat": 13.7377811, "district_id": 40, "row": 437, "col": 354 }, "geometry": { "type": "Point", "coordinates": [ 100.5125458, 13.7377811 ] } },
{ "type": "Feature", "properties": { "name": "โรงเรียนปราโมชวิทยารามอินทรา", "type": "School", "lon": 100.6057828, "lat": 13.8697871, "district_id": 4, "row": 217, "col": 509 }, "geometry": { "type": "Point", "coordinates": [ 100.6057828, 13.8697871 ] } },
{ "type": "Feature", "properties": { "name": "Phrakhanong Metropolitan Police Station", "type": "Police", "lon": 100.5999503, "lat": 13.7086558, "district_id": 48, "row": 485, "col": 499 }, "geometry": { "type": "Point", "coordinates": [ 100.5999503, 13.7086558 ] } },
{ "type": "Feature", "properties": { "name": "Wat Songtham School", "type": "School", "lon": 100.5362969, "lat": 13.6629749, "district_id": 0, "row": 561, "col": 393 }, "geometry": { "type": "Point", "coordinates": [ 100.5362969, 13.6629749 ] } },
{ "type": "Feature", "properties": { "name": "โรงเรียนเทศบาล 1 เทศบาลเมืองอ้อมน้อย", "type": "School", "lon": 100.318631, "lat": 13.6982364, "district_id": 0, "row": 502, "col": 31 }, "geometry": { "type": "Point", "coordinates": [ 100.318631, 13.6982364 ] } },
{ "type": "Feature", "properties": { "name": "โรงเรียนไผทอุดมศึกษา", "type": "School", "lon": 100.5789536, "lat": 13.8767126, "district_id": 24, "row": 205, "col": 464 }, "geometry": { "type": "Point", "coordinates": [ 100.5789536, 13.8767126 ] } },
{ "type": "Feature", "properties": { "name": "Pimonwit School", "type": "School", "lon": 100.4945795, "lat": 13.7855627, "district_id": 8, "row": 357, "col": 324 }, "geometry": { "type": "Point", "coordinates": [ 100.4945795, 13.7855627 ] } },
{ "type": "Feature", "properties": { "name": "(unnamed)", "type": "University", "lon": 100.5546259, "lat": 13.9808809, "district_id": 0, "row": 31, "col": 424 }, "geometry": { "type": "Point", "coordinates": [ 100.5546259, 13.9808809 ] } },
{ "type": "Feature", "properties": { "name": "(unnamed)", "type": "University", "lon": 100.5546259, "lat": 13.980885, "district_id": 0, "row": 31, "col": 424 }, "geometry": { "type": "Point", "coordinates": [ 100.5546259, 13.980885 ] } },
{ "type": "Feature", "properties": { "name": "(unnamed)", "type": "University", "lon": 100.554626, "lat": 13.9808863, "district_id": 0, "row": 31, "col": 424 }, "geometry": { "type": "Point", "coordinates": [ 100.554626, 13.9808863 ] } },
{ "type": "Feature", "properties": { "name": "(unnamed)", "type": "University", "lon": 100.554626, "lat": 13.9808778, "district_id": 0, "row": 31, "col": 424 }, "geometry": { "type": "Point", "coordinates": [ 100.554626, 13.9808778 ] } },
{ "type": "Feature", "properties": { "name": "(unnamed)", "type": "University", "lon": 100.5546259, "lat": 13.9808848, "district_id": 0, "row": 31, "col": 424 }, "geometry": { "type": "Point", "coordinates": [ 100.5546259, 13.9808848 ] } },
{ "type": "Feature", "properties": { "name": "(unnamed)", "type": "University", "lon": 100.5549313, "lat": 13.9802862, "district_id": 0, "row": 32, "col": 424 }, "geometry": { "type": "Point", "coordinates": [ 100.5549313, 13.9802862 ] } },
{ "type": "Feature", "properties": { "name": "Western University Watcharaphon Campus", "type": "University", "lon": 100.7040514, "lat": 13.9210752, "district_id": 0, "row": 131, "col": 673 }, "geometry": { "type": "Point", "coordinates": [ 100.7040514, 13.9210752 ] } },
{ "type": "Feature", "properties": { "name": "(unnamed)", "type": "University", "lon": 100.5549314, "lat": 13.9802862, "district_id": 0, "row": 32, "col": 424 }, "geometry": { "type": "Point", "coordinates": [ 100.5549314, 13.9802862 ] } },
{ "type": "Feature", "properties": { "name": "(unnamed)", "type": "University", "lon": 100.5549327, "lat": 13.9802852, "district_id": 0, "row": 32, "col": 424 }, "geometry": { "type": "Point", "coordinates": [ 100.5549327, 13.9802852 ] } },
{ "type": "Feature", "properties": { "name": "(unnamed)", "type": "University", "lon": 100.5549457, "lat": 13.9802853, "district_id": 0, "row": 32, "col": 424 }, "geometry": { "type": "Point", "coordinates": [ 100.5549457, 13.9802853 ] } },
{ "type": "Feature", "properties": { "name": "(unnamed)", "type": "University", "lon": 100.5549847, "lat": 13.9802853, "district_id": 0, "row": 32, "col": 424 }, "geometry": { "type": "Point", "coordinates": [ 100.5549847, 13.9802853 ] } },
{ "type": "Feature", "properties": { "name": "(unnamed)", "type": "University", "lon": 100.5549848, "lat": 13.9802852, "district_id": 0, "row": 32, "col": 424 }, "geometry": { "type": "Point", "coordinates": [ 100.5549848, 13.9802852 ] } },
{ "type": "Feature", "properties": { "name": "Pak Tang Bangkruai Community Police Box", "type": "Police", "lon": 100.5095274, "lat": 13.8094268, "district_id": 0, "row": 317, "col": 349 }, "geometry": { "type": "Point", "coordinates": [ 100.5095274, 13.8094268 ] } },
{ "type": "Feature", "properties": { "name": "Wimuttayarampittayakorn School", "type": "School", "lon": 100.5132336, "lat": 13.810132, "district_id": 8, "row": 316, "col": 355 }, "geometry": { "type": "Point", "coordinates": [ 100.5132336, 13.810132 ] } },
{ "type": "Feature", "properties": { "name": "Ban Bang Ping School", "type": "School", "lon": 100.310265, "lat": 13.6010747, "district_id": 0, "row": 664, "col": 17 }, "geometry": { "type": "Point", "coordinates": [ 100.310265, 13.6010747 ] } },
{ "type": "Feature", "properties": { "name": "Ban Kok School", "type": "School", "lon": 100.3616988, "lat": 13.5560087, "district_id": 0, "row": 739, "col": 102 }, "geometry": { "type": "Point", "coordinates": [ 100.3616988, 13.5560087 ] } },
{ "type": "Feature", "properties": { "name": "Ban San Dap School", "type": "School", "lon": 100.3467402, "lat": 13.5384533, "district_id": 0, "row": 769, "col": 77 }, "geometry": { "type": "Point", "coordinates": [ 100.3467402, 13.5384533 ] } },
{ "type": "Feature", "properties": { "name": "Ban Bang Nam Chut School", "type": "School", "lon": 100.3614665, "lat": 13.6053844, "district_id": 0, "row": 657, "col": 102 }, "geometry": { "type": "Point", "coordinates": [ 100.3614665, 13.6053844 ] } },
{ "type": "Feature", "properties": { "name": "Ban Nong Hat Yai School", "type": "School", "lon": 100.3257694, "lat": 13.6249336, "district_id": 0, "row": 625, "col": 42 }, "geometry": { "type": "Point", "coordinates": [ 100.3257694, 13.6249336 ] } },
{ "type": "Feature", "properties": { "name": "Phaya Thai Hospital Navamin", "type": "Hospital", "lon": 100.657498, "lat": 13.8254686, "district_id": 13, "row": 290, "col": 595 }, "geometry": { "type": "Point", "coordinates": [ 100.657498, 13.8254686 ] } },
{ "type": "Feature", "properties": { "name": "Krungthai General Hospital", "type": "Hospital", "lon": 100.5092336, "lat": 13.9130933, "district_id": 0, "row": 144, "col": 348 }, "geometry": { "type": "Point", "coordinates": [ 100.5092336, 13.9130933 ] } },
{ "type": "Feature", "properties": { "name": "Vibharam Pakkred Hospital", "type": "Hospital", "lon": 100.4983431, "lat": 13.9081828, "district_id": 0, "row": 153, "col": 330 }, "geometry": { "type": "Point", "coordinates": [ 100.4983431, 13.9081828 ] } },
{ "type": "Feature", "properties": { "name": "Crescent International School", "type": "School", "lon": 100.5469772, "lat": 13.7183361, "district_id": 42, "row": 469, "col": 411 }, "geometry": { "type": "Point", "coordinates": [ 100.5469772, 13.7183361 ] } },
{ "type": "Feature", "properties": { "name": "(unnamed)", "type": "School", "lon": 100.4493401, "lat": 13.5932046, "district_id": 6, "row": 677, "col": 248 }, "geometry": { "type": "Point", "coordinates": [ 100.4493401, 13.5932046 ] } },
{ "type": "Feature", "properties": { "name": "Bangkok Prep Campus", "type": "School", "lon": 100.6016685, "lat": 13.7153955, "district_id": 48, "row": 474, "col": 502 }, "geometry": { "type": "Point", "coordinates": [ 100.6016685, 13.7153955 ] } },
{ "type": "Feature", "properties": { "name": "โรงเรียนวัดปลูกศรัทธา", "type": "School", "lon": 100.7683175, "lat": 13.7270787, "district_id": 25, "row": 454, "col": 780 }, "geometry": { "type": "Point", "coordinates": [ 100.7683175, 13.7270787 ] } },
{ "type": "Feature", "properties": { "name": "Satri Woranat School", "type": "School", "lon": 100.5044099, "lat": 13.7671813, "district_id": 34, "row": 388, "col": 340 }, "geometry": { "type": "Point", "coordinates": [ 100.5044099, 13.7671813 ] } },
{ "type": "Feature", "properties": { "name": "Bangkok College of Technology", "type": "University", "lon": 100.6061448, "lat": 13.6965956, "district_id": 33, "row": 505, "col": 510 }, "geometry": { "type": "Point", "coordinates": [ 100.6061448, 13.6965956 ] } },
{ "type": "Feature", "properties": { "name": "Rajadhiwas School", "type": "School", "lon": 100.5045767, "lat": 13.7747548, "district_id": 18, "row": 375, "col": 340 }, "geometry": { "type": "Point", "coordinates": [ 100.5045767, 13.7747548 ] } },
{ "type": "Feature", "properties": { "name": "Taksin Hospital", "type": "Hospital", "lon": 100.5079233, "lat": 13.7308535, "district_id": 22, "row": 448, "col": 346 }, "geometry": { "type": "Point", "coordinates": [ 100.5079233, 13.7308535 ] } },
{ "type": "Feature", "properties": { "name": "Pinthip Kindergarten", "type": "School", "lon": 100.5480993, "lat": 13.7797106, "district_id": 32, "row": 367, "col": 413 }, "geometry": { "type": "Point", "coordinates": [ 100.5480993, 13.7797106 ] } },
{ "type": "Feature", "properties": { "name": "Prachachuen MRI", "type": "Hospital", "lon": 100.4742864, "lat": 13.6815129, "district_id": 15, "row": 530, "col": 290 }, "geometry": { "type": "Point", "coordinates": [ 100.4742864, 13.6815129 ] } },
{ "type": "Feature", "properties": { "name": "St. Joseph Tippawan School", "type": "School", "lon": 100.6033872, "lat": 13.6296526, "district_id": 0, "row": 617, "col": 505 }, "geometry": { "type": "Point", "coordinates": [ 100.6033872, 13.6296526 ] } },
{ "type": "Feature", "properties": { "name": "Public Health Center 24 Bang Khen", "type": "Hospital", "lon": 100.581165, "lat": 13.8497864, "district_id": 14, "row": 250, "col": 468 }, "geometry": { "type": "Point", "coordinates": [ 100.581165, 13.8497864 ] } },
{ "type": "Feature", "properties": { "name": "Chokchai Police Station", "type": "Police", "lon": 100.5933428, "lat": 13.7952891, "district_id": 49, "row": 341, "col": 488 }, "geometry": { "type": "Point", "coordinates": [ 100.5933428, 13.7952891 ] } },
{ "type": "Feature", "properties": { "name": "RSU Police Station", "type": "Police", "lon": 100.5887345, "lat": 13.9637945, "district_id": 0, "row": 60, "col": 481 }, "geometry": { "type": "Point", "coordinates": [ 100.5887345, 13.9637945 ] } },
{ "type": "Feature", "properties": { "name": "Sisb Nursery Center", "type": "School", "lon": 100.5896815, "lat": 13.731509, "district_id": 48, "row": 447, "col": 482 }, "geometry": { "type": "Point", "coordinates": [ 100.5896815, 13.731509 ] } },
{ "type": "Feature", "properties": { "name": "Public Health Center 1", "type": "Clinic", "lon": 100.4965835, "lat": 13.7474377, "district_id": 34, "row": 420, "col": 327 }, "geometry": { "type": "Point", "coordinates": [ 100.4965835, 13.7474377 ] } },
{ "type": "Feature", "properties": { "name": "Khlongkum (Serithai Anusorn) School", "type": "School", "lon": 100.6738963, "lat": 13.7861156, "district_id": 13, "row": 356, "col": 623 }, "geometry": { "type": "Point", "coordinates": [ 100.6738963, 13.7861156 ] } },
{ "type": "Feature", "properties": { "name": "Chokchaihathairaj School", "type": "School", "lon": 100.7225161, "lat": 13.8474135, "district_id": 21, "row": 254, "col": 704 }, "geometry": { "type": "Point", "coordinates": [ 100.7225161, 13.8474135 ] } },
{ "type": "Feature", "properties": { "name": "โรงเรียนราชประชาสมาสัย ในพระบรมราชูปถัมภ์", "type": "School", "lon": 100.5320631, "lat": 13.6285371, "district_id": 0, "row": 619, "col": 386 }, "geometry": { "type": "Point", "coordinates": [ 100.5320631, 13.6285371 ] } },
{ "type": "Feature", "properties": { "name": "โรงเรียนรัตนโกสินทร์สมโภชบางขุนเทียน", "type": "School", "lon": 100.4197336, "lat": 13.6465568, "district_id": 6, "row": 589, "col": 199 }, "geometry": { "type": "Point", "coordinates": [ 100.4197336, 13.6465568 ] } },
{ "type": "Feature", "properties": { "name": "สถานีดับเพลิงบางขุนเทียน", "type": "Fire station", "lon": 100.4223581, "lat": 13.6442904, "district_id": 6, "row": 592, "col": 203 }, "geometry": { "type": "Point", "coordinates": [ 100.4223581, 13.6442904 ] } },
{ "type": "Feature", "properties": { "name": "Saint Dominic School", "type": "School", "lon": 100.559686, "lat": 13.74885, "district_id": 38, "row": 418, "col": 432 }, "geometry": { "type": "Point", "coordinates": [ 100.559686, 13.74885 ] } },
{ "type": "Feature", "properties": { "name": "Kasem Phithaya School", "type": "School", "lon": 100.5955522, "lat": 13.731119, "district_id": 48, "row": 448, "col": 492 }, "geometry": { "type": "Point", "coordinates": [ 100.5955522, 13.731119 ] } },
{ "type": "Feature", "properties": { "name": "(unnamed)", "type": "School", "lon": 100.5950253, "lat": 13.7961338, "district_id": 49, "row": 339, "col": 491 }, "geometry": { "type": "Point", "coordinates": [ 100.5950253, 13.7961338 ] } },
{ "type": "Feature", "properties": { "name": "St. Andrews International School", "type": "School", "lon": 100.5874184, "lat": 13.7172537, "district_id": 23, "row": 471, "col": 479 }, "geometry": { "type": "Point", "coordinates": [ 100.5874184, 13.7172537 ] } },
{ "type": "Feature", "properties": { "name": "โรงพยาบาลสุขุมวิท", "type": "Hospital", "lon": 100.587386, "lat": 13.7189835, "district_id": 48, "row": 468, "col": 478 }, "geometry": { "type": "Point", "coordinates": [ 100.587386, 13.7189835 ] } },
{ "type": "Feature", "properties": { "name": "Bodindecha (Sing Singhaseni) School", "type": "School", "lon": 100.615196, "lat": 13.768606, "district_id": 49, "row": 385, "col": 525 }, "geometry": { "type": "Point", "coordinates": [ 100.615196, 13.768606 ] } },
{ "type": "Feature", "properties": { "name": "โรงเรียนสุขุมนวพันธ์อุปถัมภ์", "type": "School", "lon": 100.6682909, "lat": 13.7870587, "district_id": 13, "row": 354, "col": 613 }, "geometry": { "type": "Point", "coordinates": [ 100.6682909, 13.7870587 ] } },
{ "type": "Feature", "properties": { "name": "อนุบาลพุทธชาติ", "type": "School", "lon": 100.6724155, "lat": 13.7941279, "district_id": 13, "row": 343, "col": 620 }, "geometry": { "type": "Point", "coordinates": [ 100.6724155, 13.7941279 ] } },
{ "type": "Feature", "properties": { "name": "(unnamed)", "type": "Fire station", "lon": 100.6077181, "lat": 13.9145112, "district_id": 17, "row": 142, "col": 512 }, "geometry": { "type": "Point", "coordinates": [ 100.6077181, 13.9145112 ] } },
{ "type": "Feature", "properties": { "name": "(unnamed)", "type": "Fire station", "lon": 100.6077311, "lat": 13.9142248, "district_id": 17, "row": 142, "col": 512 }, "geometry": { "type": "Point", "coordinates": [ 100.6077311, 13.9142248 ] } },
{ "type": "Feature", "properties": { "name": "Bankrathumlom School", "type": "School", "lon": 100.3239121, "lat": 13.7437961, "district_id": 0, "row": 427, "col": 39 }, "geometry": { "type": "Point", "coordinates": [ 100.3239121, 13.7437961 ] } },
{ "type": "Feature", "properties": { "name": "Ban Phloen Watthana School", "type": "School", "lon": 100.3095405, "lat": 13.7268037, "district_id": 0, "row": 455, "col": 15 }, "geometry": { "type": "Point", "coordinates": [ 100.3095405, 13.7268037 ] } },
{ "type": "Feature", "properties": { "name": "Wat Soi Thong School", "type": "School", "lon": 100.5176118, "lat": 13.8133319, "district_id": 10, "row": 311, "col": 362 }, "geometry": { "type": "Point", "coordinates": [ 100.5176118, 13.8133319 ] } },
{ "type": "Feature", "properties": { "name": "Wat Salawan School", "type": "School", "lon": 100.3232637, "lat": 13.8051984, "district_id": 0, "row": 324, "col": 38 }, "geometry": { "type": "Point", "coordinates": [ 100.3232637, 13.8051984 ] } },
{ "type": "Feature", "properties": { "name": "Faculty of Veterinary Medicine", "type": "University", "lon": 100.577273, "lat": 13.844551, "district_id": 14, "row": 259, "col": 462 }, "geometry": { "type": "Point", "coordinates": [ 100.577273, 13.844551 ] } },
{ "type": "Feature", "properties": { "name": "Faculty of Veterinary Technology", "type": "University", "lon": 100.5763912, "lat": 13.8459345, "district_id": 14, "row": 256, "col": 460 }, "geometry": { "type": "Point", "coordinates": [ 100.5763912, 13.8459345 ] } },
{ "type": "Feature", "properties": { "name": "สมาคมนิสิตเก่ามหาวิทยาลัยเกษตรศาสตร์ ในพระบรมราชูปถัมภ์", "type": "University", "lon": 100.5790083, "lat": 13.8466719, "district_id": 14, "row": 255, "col": 465 }, "geometry": { "type": "Point", "coordinates": [ 100.5790083, 13.8466719 ] } },
{ "type": "Feature", "properties": { "name": "คณะวนศาสตร์", "type": "University", "lon": 100.5740778, "lat": 13.8455322, "district_id": 14, "row": 257, "col": 456 }, "geometry": { "type": "Point", "coordinates": [ 100.5740778, 13.8455322 ] } },
{ "type": "Feature", "properties": { "name": "Boonyasrisawad School", "type": "School", "lon": 100.3060649, "lat": 13.8426068, "district_id": 0, "row": 262, "col": 10 }, "geometry": { "type": "Point", "coordinates": [ 100.3060649, 13.8426068 ] } },
{ "type": "Feature", "properties": { "name": "Wat Pho Chae School", "type": "School", "lon": 100.3508151, "lat": 13.6215194, "district_id": 0, "row": 630, "col": 84 }, "geometry": { "type": "Point", "coordinates": [ 100.3508151, 13.6215194 ] } },
{ "type": "Feature", "properties": { "name": "Wat Sop Naram School", "type": "School", "lon": 100.3137789, "lat": 13.5641762, "district_id": 0, "row": 726, "col": 22 }, "geometry": { "type": "Point", "coordinates": [ 100.3137789, 13.5641762 ] } },
{ "type": "Feature", "properties": { "name": "Wat Khok Kham School", "type": "School", "lon": 100.3433514, "lat": 13.5677215, "district_id": 0, "row": 720, "col": 72 }, "geometry": { "type": "Point", "coordinates": [ 100.3433514, 13.5677215 ] } },
{ "type": "Feature", "properties": { "name": "Si Samran Rat Bamrung", "type": "School", "lon": 100.3242788, "lat": 13.7046887, "district_id": 0, "row": 492, "col": 40 }, "geometry": { "type": "Point", "coordinates": [ 100.3242788, 13.7046887 ] } },
{ "type": "Feature", "properties": { "name": "Wat Suwan Rat Naram School", "type": "School", "lon": 100.3139962, "lat": 13.631047, "district_id": 0, "row": 614, "col": 23 }, "geometry": { "type": "Point", "coordinates": [ 100.3139962, 13.631047 ] } },
{ "type": "Feature", "properties": { "name": "engzci", "type": "School", "lon": 100.6933462, "lat": 13.7438066, "district_id": 41, "row": 426, "col": 655 }, "geometry": { "type": "Point", "coordinates": [ 100.6933462, 13.7438066 ] } },
{ "type": "Feature", "properties": { "name": "Don Bosco Technological College", "type": "School", "lon": 100.5603491, "lat": 13.7501405, "district_id": 38, "row": 416, "col": 433 }, "geometry": { "type": "Point", "coordinates": [ 100.5603491, 13.7501405 ] } },
{ "type": "Feature", "properties": { "name": "โรงเรียนสมโภชกรุงอนุสรณ์ (200 ปี)", "type": "School", "lon": 100.6926793, "lat": 13.7403555, "district_id": 41, "row": 432, "col": 654 }, "geometry": { "type": "Point", "coordinates": [ 100.6926793, 13.7403555 ] } },
{ "type": "Feature", "properties": { "name": "โรงเรียนผ่องสุวรรณวิทยา", "type": "School", "lon": 100.6571784, "lat": 13.9326637, "district_id": 0, "row": 112, "col": 595 }, "geometry": { "type": "Point", "coordinates": [ 100.6571784, 13.9326637 ] } },
{ "type": "Feature", "properties": { "name": "Piboon Prachasan School", "type": "School", "lon": 100.5514513, "lat": 13.7628882, "district_id": 16, "row": 395, "col": 419 }, "geometry": { "type": "Point", "coordinates": [ 100.5514513, 13.7628882 ] } },
{ "type": "Feature", "properties": { "name": "Surasak Montree School", "type": "School", "lon": 100.5556257, "lat": 13.7753011, "district_id": 16, "row": 374, "col": 426 }, "geometry": { "type": "Point", "coordinates": [ 100.5556257, 13.7753011 ] } },
{ "type": "Feature", "properties": { "name": "โรงเรียนสตรีวรนารถ บางเขน", "type": "School", "lon": 100.5663203, "lat": 13.8222198, "district_id": 14, "row": 296, "col": 443 }, "geometry": { "type": "Point", "coordinates": [ 100.5663203, 13.8222198 ] } },
{ "type": "Feature", "properties": { "name": "(unnamed)", "type": "School", "lon": 100.6751906, "lat": 13.7418199, "district_id": 41, "row": 430, "col": 625 }, "geometry": { "type": "Point", "coordinates": [ 100.6751906, 13.7418199 ] } },
{ "type": "Feature", "properties": { "name": "(unnamed)", "type": "School", "lon": 100.5926195, "lat": 13.7207701, "district_id": 48, "row": 465, "col": 487 }, "geometry": { "type": "Point", "coordinates": [ 100.5926195, 13.7207701 ] } },
{ "type": "Feature", "properties": { "name": "Poh-Chang Academy of Arts, Rajamangala University of Technology Rattanakosin", "type": "University", "lon": 100.4987086, "lat": 13.7443717, "district_id": 34, "row": 426, "col": 331 }, "geometry": { "type": "Point", "coordinates": [ 100.4987086, 13.7443717 ] } },
{ "type": "Feature", "properties": { "name": "Tippawas School Playground", "type": "School", "lon": 100.8024682, "lat": 13.7801899, "district_id": 25, "row": 366, "col": 837 }, "geometry": { "type": "Point", "coordinates": [ 100.8024682, 13.7801899 ] } },
{ "type": "Feature", "properties": { "name": "serithai animalclinic", "type": "Hospital", "lon": 100.6887858, "lat": 13.7939042, "district_id": 20, "row": 343, "col": 647 }, "geometry": { "type": "Point", "coordinates": [ 100.6887858, 13.7939042 ] } },
{ "type": "Feature", "properties": { "name": "Kasemrad Hospital Ramkhamhaeng", "type": "Hospital", "lon": 100.6761541, "lat": 13.7799742, "district_id": 41, "row": 366, "col": 626 }, "geometry": { "type": "Point", "coordinates": [ 100.6761541, 13.7799742 ] } },
{ "type": "Feature", "properties": { "name": "Satriwithaya School", "type": "School", "lon": 100.5011406, "lat": 13.7578933, "district_id": 34, "row": 403, "col": 335 }, "geometry": { "type": "Point", "coordinates": [ 100.5011406, 13.7578933 ] } },
{ "type": "Feature", "properties": { "name": "Wat Bowonniwet School", "type": "School", "lon": 100.5017207, "lat": 13.7588647, "district_id": 34, "row": 401, "col": 336 }, "geometry": { "type": "Point", "coordinates": [ 100.5017207, 13.7588647 ] } },
{ "type": "Feature", "properties": { "name": "Wat Plubplachai School", "type": "School", "lon": 100.513131, "lat": 13.7457428, "district_id": 35, "row": 423, "col": 355 }, "geometry": { "type": "Point", "coordinates": [ 100.513131, 13.7457428 ] } },
{ "type": "Feature", "properties": { "name": "Watputthiprangpramote School", "type": "School", "lon": 100.4703145, "lat": 13.8398934, "district_id": 0, "row": 266, "col": 283 }, "geometry": { "type": "Point", "coordinates": [ 100.4703145, 13.8398934 ] } },
{ "type": "Feature", "properties": { "name": "Wat Chaloem Prakiat School", "type": "School", "lon": 100.4857514, "lat": 13.8477629, "district_id": 0, "row": 253, "col": 309 }, "geometry": { "type": "Point", "coordinates": [ 100.4857514, 13.8477629 ] } },
{ "type": "Feature", "properties": { "name": "Rajapruk University", "type": "University", "lon": 100.4582905, "lat": 13.8218672, "district_id": 0, "row": 296, "col": 263 }, "geometry": { "type": "Point", "coordinates": [ 100.4582905, 13.8218672 ] } },
{ "type": "Feature", "properties": { "name": "Pranangklao Hospital", "type": "Hospital", "lon": 100.4808758, "lat": 13.8648237, "district_id": 0, "row": 225, "col": 301 }, "geometry": { "type": "Point", "coordinates": [ 100.4808758, 13.8648237 ] } },
{ "type": "Feature", "properties": { "name": "Bang Si Mueang Subdivision of Disaster Prevention and Mitigation", "type": "Fire station", "lon": 100.4816044, "lat": 13.8432601, "district_id": 0, "row": 261, "col": 302 }, "geometry": { "type": "Point", "coordinates": [ 100.4816044, 13.8432601 ] } },
{ "type": "Feature", "properties": { "name": "Nonthaburi Police Station", "type": "Police", "lon": 100.4916822, "lat": 13.8429886, "district_id": 0, "row": 261, "col": 319 }, "geometry": { "type": "Point", "coordinates": [ 100.4916822, 13.8429886 ] } },
{ "type": "Feature", "properties": { "name": "Ratthanabandhitwittaya School", "type": "School", "lon": 100.4746125, "lat": 13.8300706, "district_id": 0, "row": 283, "col": 291 }, "geometry": { "type": "Point", "coordinates": [ 100.4746125, 13.8300706 ] } },
{ "type": "Feature", "properties": { "name": "Pongsawadi Technological College", "type": "School", "lon": 100.4982067, "lat": 13.8361382, "district_id": 0, "row": 273, "col": 330 }, "geometry": { "type": "Point", "coordinates": [ 100.4982067, 13.8361382 ] } },
{ "type": "Feature", "properties": { "name": "Wat Duang Khae School", "type": "School", "lon": 100.5194848, "lat": 13.7420406, "district_id": 30, "row": 429, "col": 365 }, "geometry": { "type": "Point", "coordinates": [ 100.5194848, 13.7420406 ] } },
{ "type": "Feature", "properties": { "name": "Sitabutr Bamrung School", "type": "School", "lon": 100.5211442, "lat": 13.7429767, "district_id": 30, "row": 428, "col": 368 }, "geometry": { "type": "Point", "coordinates": [ 100.5211442, 13.7429767 ] } },
{ "type": "Feature", "properties": { "name": "Yothinburana School", "type": "School", "lon": 100.5199624, "lat": 13.8135216, "district_id": 10, "row": 310, "col": 366 }, "geometry": { "type": "Point", "coordinates": [ 100.5199624, 13.8135216 ] } },
{ "type": "Feature", "properties": { "name": "Sarasas Witaed Samutprakarn", "type": "School", "lon": 100.6682684, "lat": 13.568915, "district_id": 0, "row": 718, "col": 613 }, "geometry": { "type": "Point", "coordinates": [ 100.6682684, 13.568915 ] } },
{ "type": "Feature", "properties": { "name": "College of Management, Mahidol University", "type": "University", "lon": 100.5498421, "lat": 13.7688562, "district_id": 32, "row": 385, "col": 416 }, "geometry": { "type": "Point", "coordinates": [ 100.5498421, 13.7688562 ] } },
{ "type": "Feature", "properties": { "name": "(unnamed)", "type": "Clinic", "lon": 100.546599, "lat": 13.7641383, "district_id": 32, "row": 393, "col": 410 }, "geometry": { "type": "Point", "coordinates": [ 100.546599, 13.7641383 ] } },
{ "type": "Feature", "properties": { "name": "The Brain", "type": "School", "lon": 100.5405596, "lat": 13.7642483, "district_id": 38, "row": 392, "col": 400 }, "geometry": { "type": "Point", "coordinates": [ 100.5405596, 13.7642483 ] } },
{ "type": "Feature", "properties": { "name": "Wat Rach Singkorn School", "type": "School", "lon": 100.5051945, "lat": 13.7053469, "district_id": 5, "row": 491, "col": 341 }, "geometry": { "type": "Point", "coordinates": [ 100.5051945, 13.7053469 ] } },
{ "type": "Feature", "properties": { "name": "Watsamrong school", "type": "School", "lon": 100.4880645, "lat": 13.8059121, "district_id": 0, "row": 323, "col": 313 }, "geometry": { "type": "Point", "coordinates": [ 100.4880645, 13.8059121 ] } },
{ "type": "Feature", "properties": { "name": "โรงพยาบาลคลองสามวา", "type": "Hospital", "lon": 100.7531228, "lat": 13.910418, "district_id": 21, "row": 149, "col": 755 }, "geometry": { "type": "Point", "coordinates": [ 100.7531228, 13.910418 ] } },
{ "type": "Feature", "properties": { "name": "Public Health Center 6", "type": "Clinic", "lon": 100.5168613, "lat": 13.7602012, "district_id": 18, "row": 399, "col": 361 }, "geometry": { "type": "Point", "coordinates": [ 100.5168613, 13.7602012 ] } },
{ "type": "Feature", "properties": { "name": "Wat Ruak School (Phrom Pittayakarn)", "type": "School", "lon": 100.4836167, "lat": 13.820036, "district_id": 0, "row": 299, "col": 306 }, "geometry": { "type": "Point", "coordinates": [ 100.4836167, 13.820036 ] } },
{ "type": "Feature", "properties": { "name": "Bang Si Thong Fire Station", "type": "Fire station", "lon": 100.4801104, "lat": 13.8208829, "district_id": 0, "row": 298, "col": 300 }, "geometry": { "type": "Point", "coordinates": [ 100.4801104, 13.8208829 ] } },
{ "type": "Feature", "properties": { "name": "Triamudomsuksapattanakarn Nonthaburi School", "type": "School", "lon": 100.4435314, "lat": 13.8481156, "district_id": 0, "row": 253, "col": 239 }, "geometry": { "type": "Point", "coordinates": [ 100.4435314, 13.8481156 ] } },
{ "type": "Feature", "properties": { "name": "Thairathwithaya 55 (Wat Bot Don Prom) School", "type": "School", "lon": 100.4431613, "lat": 13.850141, "district_id": 0, "row": 249, "col": 238 }, "geometry": { "type": "Point", "coordinates": [ 100.4431613, 13.850141 ] } },
{ "type": "Feature", "properties": { "name": "Bodindecha (Sing Singhaseni) Nonthaburi School", "type": "School", "lon": 100.4791469, "lat": 13.8055376, "district_id": 0, "row": 324, "col": 298 }, "geometry": { "type": "Point", "coordinates": [ 100.4791469, 13.8055376 ] } },
{ "type": "Feature", "properties": { "name": "Ruamrudee International School Ratchapruek Campus", "type": "School", "lon": 100.4557668, "lat": 13.8405469, "district_id": 0, "row": 265, "col": 259 }, "geometry": { "type": "Point", "coordinates": [ 100.4557668, 13.8405469 ] } },
{ "type": "Feature", "properties": { "name": "โรงเรียนสายปัญญารังสิต", "type": "School", "lon": 100.6092506, "lat": 13.974495, "district_id": 0, "row": 42, "col": 515 }, "geometry": { "type": "Point", "coordinates": [ 100.6092506, 13.974495 ] } },
{ "type": "Feature", "properties": { "name": "Waisai Kindergarten", "type": "School", "lon": 100.4478891, "lat": 13.8460221, "district_id": 0, "row": 256, "col": 246 }, "geometry": { "type": "Point", "coordinates": [ 100.4478891, 13.8460221 ] } },
{ "type": "Feature", "properties": { "name": "Wat Bang Rahong School (Piromsiri)", "type": "School", "lon": 100.4620628, "lat": 13.8483499, "district_id": 0, "row": 252, "col": 270 }, "geometry": { "type": "Point", "coordinates": [ 100.4620628, 13.8483499 ] } },
{ "type": "Feature", "properties": { "name": "Wat Khaenai School", "type": "School", "lon": 100.4406853, "lat": 13.8393, "district_id": 0, "row": 267, "col": 234 }, "geometry": { "type": "Point", "coordinates": [ 100.4406853, 13.8393 ] } },
{ "type": "Feature", "properties": { "name": "Wat Bang Aoi Chang School", "type": "School", "lon": 100.472528, "lat": 13.8185588, "district_id": 0, "row": 302, "col": 287 }, "geometry": { "type": "Point", "coordinates": [ 100.472528, 13.8185588 ] } },
{ "type": "Feature", "properties": { "name": "Sri Rattanopas School", "type": "School", "lon": 100.4657227, "lat": 13.8358899, "district_id": 0, "row": 273, "col": 276 }, "geometry": { "type": "Point", "coordinates": [ 100.4657227, 13.8358899 ] } },
{ "type": "Feature", "properties": { "name": "Siphraya Polytechnic College", "type": "University", "lon": 100.5129249, "lat": 13.7330776, "district_id": 40, "row": 444, "col": 354 }, "geometry": { "type": "Point", "coordinates": [ 100.5129249, 13.7330776 ] } },
{ "type": "Feature", "properties": { "name": "Siam Nonthaburi Foundation Fire & Rescue Station", "type": "Fire station", "lon": 100.4222535, "lat": 13.8551602, "district_id": 0, "row": 241, "col": 203 }, "geometry": { "type": "Point", "coordinates": [ 100.4222535, 13.8551602 ] } },
{ "type": "Feature", "properties": { "name": "Bangmoung Fire Station", "type": "Fire station", "lon": 100.423504, "lat": 13.8517801, "district_id": 0, "row": 247, "col": 205 }, "geometry": { "type": "Point", "coordinates": [ 100.423504, 13.8517801 ] } },
{ "type": "Feature", "properties": { "name": "Rattanathibate School", "type": "School", "lon": 100.493865, "lat": 13.8420554, "district_id": 0, "row": 263, "col": 323 }, "geometry": { "type": "Point", "coordinates": [ 100.493865, 13.8420554 ] } },
{ "type": "Feature", "properties": { "name": "Thep Prathan Phon School", "type": "School", "lon": 100.4932767, "lat": 13.8420762, "district_id": 0, "row": 263, "col": 322 }, "geometry": { "type": "Point", "coordinates": [ 100.4932767, 13.8420762 ] } },
{ "type": "Feature", "properties": { "name": "NakornNon Wittaya 2 (Wat Thinnakorn Nimit)", "type": "School", "lon": 100.4984888, "lat": 13.8442275, "district_id": 0, "row": 259, "col": 330 }, "geometry": { "type": "Point", "coordinates": [ 100.4984888, 13.8442275 ] } },
{ "type": "Feature", "properties": { "name": "Wat Yannawa School", "type": "School", "lon": 100.5139839, "lat": 13.7166335, "district_id": 42, "row": 472, "col": 356 }, "geometry": { "type": "Point", "coordinates": [ 100.5139839, 13.7166335 ] } },
{ "type": "Feature", "properties": { "name": "Karun Sueksa School", "type": "School", "lon": 100.4991198, "lat": 13.8365512, "district_id": 0, "row": 272, "col": 331 }, "geometry": { "type": "Point", "coordinates": [ 100.4991198, 13.8365512 ] } },
{ "type": "Feature", "properties": { "name": "Sribunyanon School", "type": "School", "lon": 100.4809721, "lat": 13.8573198, "district_id": 0, "row": 237, "col": 301 }, "geometry": { "type": "Point", "coordinates": [ 100.4809721, 13.8573198 ] } },
{ "type": "Feature", "properties": { "name": "SIMES DIALYSIS", "type": "Clinic", "lon": 100.474809, "lat": 13.8369902, "district_id": 0, "row": 271, "col": 291 }, "geometry": { "type": "Point", "coordinates": [ 100.474809, 13.8369902 ] } },
{ "type": "Feature", "properties": { "name": "Bang Si Mueang Police Station", "type": "Police", "lon": 100.4407963, "lat": 13.8355854, "district_id": 0, "row": 274, "col": 234 }, "geometry": { "type": "Point", "coordinates": [ 100.4407963, 13.8355854 ] } },
{ "type": "Feature", "properties": { "name": "Sunflower Trilingual School", "type": "School", "lon": 100.3434779, "lat": 13.620573, "district_id": 0, "row": 632, "col": 72 }, "geometry": { "type": "Point", "coordinates": [ 100.3434779, 13.620573 ] } },
{ "type": "Feature", "properties": { "name": "Saipanya School Under the Royal Patronage of her Majesty the Queen", "type": "School", "lon": 100.5151068, "lat": 13.7432136, "district_id": 35, "row": 427, "col": 358 }, "geometry": { "type": "Point", "coordinates": [ 100.5151068, 13.7432136 ] } },
{ "type": "Feature", "properties": { "name": "Buddhajakwittaya", "type": "School", "lon": 100.5295646, "lat": 13.7306635, "district_id": 9, "row": 448, "col": 382 }, "geometry": { "type": "Point", "coordinates": [ 100.5295646, 13.7306635 ] } },
{ "type": "Feature", "properties": { "name": "Thanyaburi School", "type": "School", "lon": 100.6214731, "lat": 13.9740702, "district_id": 0, "row": 43, "col": 535 }, "geometry": { "type": "Point", "coordinates": [ 100.6214731, 13.9740702 ] } },
{ "type": "Feature", "properties": { "name": "St. Andrews International School", "type": "School", "lon": 100.6022518, "lat": 13.6603519, "district_id": 7, "row": 566, "col": 503 }, "geometry": { "type": "Point", "coordinates": [ 100.6022518, 13.6603519 ] } },
{ "type": "Feature", "properties": { "name": "Global English School (Satit Christian Wittaya)", "type": "School", "lon": 100.5013718, "lat": 13.8434417, "district_id": 0, "row": 260, "col": 335 }, "geometry": { "type": "Point", "coordinates": [ 100.5013718, 13.8434417 ] } },
{ "type": "Feature", "properties": { "name": "Chumchon Wat Samon Kot School", "type": "School", "lon": 100.4986588, "lat": 13.8613096, "district_id": 0, "row": 231, "col": 331 }, "geometry": { "type": "Point", "coordinates": [ 100.4986588, 13.8613096 ] } },
{ "type": "Feature", "properties": { "name": "Nakornnonwittaya 4 Watbangphreaknaue School", "type": "School", "lon": 100.4941944, "lat": 13.850115, "district_id": 0, "row": 249, "col": 323 }, "geometry": { "type": "Point", "coordinates": [ 100.4941944, 13.850115 ] } },
{ "type": "Feature", "properties": { "name": "Wat Khlong Chun School", "type": "School", "lon": 100.6888148, "lat": 13.9318502, "district_id": 0, "row": 113, "col": 648 }, "geometry": { "type": "Point", "coordinates": [ 100.6888148, 13.9318502 ] } },
{ "type": "Feature", "properties": { "name": "Yuvavit Kindergarten", "type": "School", "lon": 100.5069668, "lat": 13.7773702, "district_id": 18, "row": 371, "col": 344 }, "geometry": { "type": "Point", "coordinates": [ 100.5069668, 13.7773702 ] } },
{ "type": "Feature", "properties": { "name": "โรงเรียนสวนอักษร", "type": "School", "lon": 100.6287453, "lat": 13.9707584, "district_id": 0, "row": 48, "col": 547 }, "geometry": { "type": "Point", "coordinates": [ 100.6287453, 13.9707584 ] } },
{ "type": "Feature", "properties": { "name": "Donmueng Technical College", "type": "University", "lon": 100.579538, "lat": 13.9281322, "district_id": 17, "row": 119, "col": 465 }, "geometry": { "type": "Point", "coordinates": [ 100.579538, 13.9281322 ] } },
{ "type": "Feature", "properties": { "name": "Rattanakosin Somphot Bowonniwet Salaya School", "type": "School", "lon": 100.2992307, "lat": 13.8006959, "district_id": 0, "row": 332, "col": 0 }, "geometry": { "type": "Point", "coordinates": [ 100.2992307, 13.8006959 ] } },
{ "type": "Feature", "properties": { "name": "โรงเรียนกาญจนาภิเษกวิทยาลัย นครปฐม (พระตำหนักสวนกุหลาบมัธยม)", "type": "School", "lon": 100.3189265, "lat": 13.818502, "district_id": 0, "row": 302, "col": 31 }, "geometry": { "type": "Point", "coordinates": [ 100.3189265, 13.818502 ] } },
{ "type": "Feature", "properties": { "name": "Phra Tamnak Suankularb Mahamongkol School", "type": "School", "lon": 100.3181745, "lat": 13.8159354, "district_id": 0, "row": 306, "col": 30 }, "geometry": { "type": "Point", "coordinates": [ 100.3181745, 13.8159354 ] } },
{ "type": "Feature", "properties": { "name": "Bang Kruai Hospital 2", "type": "Hospital", "lon": 100.4524719, "lat": 13.8255618, "district_id": 0, "row": 290, "col": 254 }, "geometry": { "type": "Point", "coordinates": [ 100.4524719, 13.8255618 ] } },
{ "type": "Feature", "properties": { "name": "International Academy of Aviation Industry", "type": "University", "lon": 100.7885953, "lat": 13.7305965, "district_id": 25, "row": 449, "col": 814 }, "geometry": { "type": "Point", "coordinates": [ 100.7885953, 13.7305965 ] } },
{ "type": "Feature", "properties": { "name": "Child development center local community Lat Sawai", "type": "School", "lon": 100.6891134, "lat": 13.9326816, "district_id": 0, "row": 112, "col": 648 }, "geometry": { "type": "Point", "coordinates": [ 100.6891134, 13.9326816 ] } },
{ "type": "Feature", "properties": { "name": "โรงเรียนราชประชาสมาสัย ฝ่ายมัธยม รัชดาภิเษก ในพระบรมราชูปถัมภ์", "type": "School", "lon": 100.5356671, "lat": 13.6292964, "district_id": 0, "row": 617, "col": 392 }, "geometry": { "type": "Point", "coordinates": [ 100.5356671, 13.6292964 ] } },
{ "type": "Feature", "properties": { "name": "โรงเรียนอนุบาลสุขสวัสดิ์", "type": "School", "lon": 100.5328308, "lat": 13.6275288, "district_id": 0, "row": 620, "col": 388 }, "geometry": { "type": "Point", "coordinates": [ 100.5328308, 13.6275288 ] } },
{ "type": "Feature", "properties": { "name": "Rajamangala University of Technology Suvarnabhumi Nonthaburi South Campus", "type": "University", "lon": 100.4807187, "lat": 13.8590097, "district_id": 0, "row": 234, "col": 301 }, "geometry": { "type": "Point", "coordinates": [ 100.4807187, 13.8590097 ] } },
{ "type": "Feature", "properties": { "name": "Rajamangala University of Technology Suvarnabhumi Nonthaburi North Campus", "type": "University", "lon": 100.4828929, "lat": 13.8681413, "district_id": 0, "row": 219, "col": 304 }, "geometry": { "type": "Point", "coordinates": [ 100.4828929, 13.8681413 ] } },
{ "type": "Feature", "properties": { "name": "Prasartvidhyanonthaburi School", "type": "School", "lon": 100.4731432, "lat": 13.8255871, "district_id": 0, "row": 290, "col": 288 }, "geometry": { "type": "Point", "coordinates": [ 100.4731432, 13.8255871 ] } },
{ "type": "Feature", "properties": { "name": "Wat Prasat School", "type": "School", "lon": 100.4507524, "lat": 13.8394318, "district_id": 0, "row": 267, "col": 251 }, "geometry": { "type": "Point", "coordinates": [ 100.4507524, 13.8394318 ] } },
{ "type": "Feature", "properties": { "name": "Wat Wat Pracharangsan School", "type": "School", "lon": 100.4474443, "lat": 13.8629297, "district_id": 0, "row": 228, "col": 245 }, "geometry": { "type": "Point", "coordinates": [ 100.4474443, 13.8629297 ] } },
{ "type": "Feature", "properties": { "name": "Ban Pho Chae Sub-district Health Promoting Hospital", "type": "Clinic", "lon": 100.360515, "lat": 13.6292282, "district_id": 0, "row": 617, "col": 100 }, "geometry": { "type": "Point", "coordinates": [ 100.360515, 13.6292282 ] } },
{ "type": "Feature", "properties": { "name": "Bang Bua Thong Fire Station", "type": "Fire station", "lon": 100.4224501, "lat": 13.9184203, "district_id": 0, "row": 135, "col": 204 }, "geometry": { "type": "Point", "coordinates": [ 100.4224501, 13.9184203 ] } },
{ "type": "Feature", "properties": { "name": "Public Health Center 23 Si Phraya", "type": "Hospital", "lon": 100.5203288, "lat": 13.7307483, "district_id": 9, "row": 448, "col": 367 }, "geometry": { "type": "Point", "coordinates": [ 100.5203288, 13.7307483 ] } },
{ "type": "Feature", "properties": { "name": "Bang Kruai Police Station", "type": "Police", "lon": 100.452594, "lat": 13.8154858, "district_id": 0, "row": 307, "col": 254 }, "geometry": { "type": "Point", "coordinates": [ 100.452594, 13.8154858 ] } },
{ "type": "Feature", "properties": { "name": "Royal Goldsmith College", "type": "School", "lon": 100.3200992, "lat": 13.8156575, "district_id": 0, "row": 307, "col": 33 }, "geometry": { "type": "Point", "coordinates": [ 100.3200992, 13.8156575 ] } },
{ "type": "Feature", "properties": { "name": "The College of Dramatic Arts", "type": "University", "lon": 100.301891, "lat": 13.800893, "district_id": 0, "row": 331, "col": 3 }, "geometry": { "type": "Point", "coordinates": [ 100.301891, 13.800893 ] } },
{ "type": "Feature", "properties": { "name": "Prachaniwet School", "type": "School", "lon": 100.5466414, "lat": 13.8438517, "district_id": 14, "row": 260, "col": 411 }, "geometry": { "type": "Point", "coordinates": [ 100.5466414, 13.8438517 ] } },
{ "type": "Feature", "properties": { "name": "New International School of Thailand", "type": "School", "lon": 100.5603117, "lat": 13.7473411, "district_id": 48, "row": 421, "col": 433 }, "geometry": { "type": "Point", "coordinates": [ 100.5603117, 13.7473411 ] } },
{ "type": "Feature", "properties": { "name": "Wellington College International School", "type": "School", "lon": 100.6709774, "lat": 13.7425147, "district_id": 41, "row": 429, "col": 618 }, "geometry": { "type": "Point", "coordinates": [ 100.6709774, 13.7425147 ] } },
{ "type": "Feature", "properties": { "name": "Dusit Thani College Bangkok", "type": "University", "lon": 100.6487494, "lat": 13.6973089, "district_id": 36, "row": 504, "col": 581 }, "geometry": { "type": "Point", "coordinates": [ 100.6487494, 13.6973089 ] } },
{ "type": "Feature", "properties": { "name": "(unnamed)", "type": "School", "lon": 100.4534631, "lat": 13.9095709, "district_id": 0, "row": 150, "col": 255 }, "geometry": { "type": "Point", "coordinates": [ 100.4534631, 13.9095709 ] } },
{ "type": "Feature", "properties": { "name": "(unnamed)", "type": "School", "lon": 100.4517632, "lat": 13.9103874, "district_id": 0, "row": 149, "col": 252 }, "geometry": { "type": "Point", "coordinates": [ 100.4517632, 13.9103874 ] } },
{ "type": "Feature", "properties": { "name": "Mahidol Wittayanusorn School", "type": "School", "lon": 100.3191197, "lat": 13.800037, "district_id": 0, "row": 333, "col": 31 }, "geometry": { "type": "Point", "coordinates": [ 100.3191197, 13.800037 ] } },
{ "type": "Feature", "properties": { "name": "St. Joseph Bangna School", "type": "School", "lon": 100.6276581, "lat": 13.6469283, "district_id": 0, "row": 588, "col": 546 }, "geometry": { "type": "Point", "coordinates": [ 100.6276581, 13.6469283 ] } },
{ "type": "Feature", "properties": { "name": "Santiratwitthayalai School", "type": "School", "lon": 100.5325207, "lat": 13.7580267, "district_id": 38, "row": 403, "col": 387 }, "geometry": { "type": "Point", "coordinates": [ 100.5325207, 13.7580267 ] } },
{ "type": "Feature", "properties": { "name": "Saun Misakawan school", "type": "School", "lon": 100.5314211, "lat": 13.7637839, "district_id": 38, "row": 393, "col": 385 }, "geometry": { "type": "Point", "coordinates": [ 100.5314211, 13.7637839 ] } },
{ "type": "Feature", "properties": { "name": "Bhumirajanagarindra Kidney Institute Hospital", "type": "Hospital", "lon": 100.5345454, "lat": 13.760003, "district_id": 38, "row": 399, "col": 390 }, "geometry": { "type": "Point", "coordinates": [ 100.5345454, 13.760003 ] } },
{ "type": "Feature", "properties": { "name": "Priest Hospital", "type": "Hospital", "lon": 100.5271597, "lat": 13.7618929, "district_id": 38, "row": 396, "col": 378 }, "geometry": { "type": "Point", "coordinates": [ 100.5271597, 13.7618929 ] } },
{ "type": "Feature", "properties": { "name": "Phramongkutklao Hospital", "type": "Hospital", "lon": 100.5343175, "lat": 13.768069, "district_id": 38, "row": 386, "col": 390 }, "geometry": { "type": "Point", "coordinates": [ 100.5343175, 13.768069 ] } },
{ "type": "Feature", "properties": { "name": "Wat Laksi School", "type": "School", "lon": 100.5824185, "lat": 13.8894641, "district_id": 24, "row": 184, "col": 470 }, "geometry": { "type": "Point", "coordinates": [ 100.5824185, 13.8894641 ] } },
{ "type": "Feature", "properties": { "name": "ProDerma", "type": "Clinic", "lon": 100.5416801, "lat": 13.7723567, "district_id": 32, "row": 379, "col": 402 }, "geometry": { "type": "Point", "coordinates": [ 100.5416801, 13.7723567 ] } },
{ "type": "Feature", "properties": { "name": "Suan Bua School", "type": "School", "lon": 100.5409774, "lat": 13.7777687, "district_id": 32, "row": 370, "col": 401 }, "geometry": { "type": "Point", "coordinates": [ 100.5409774, 13.7777687 ] } },
{ "type": "Feature", "properties": { "name": "โรงเรียนอนุบาลสามเสน", "type": "School", "lon": 100.5375986, "lat": 13.7886268, "district_id": 32, "row": 352, "col": 395 }, "geometry": { "type": "Point", "coordinates": [ 100.5375986, 13.7886268 ] } },
{ "type": "Feature", "properties": { "name": "King Mongkut's University of Technology North Bangkok", "type": "University", "lon": 100.5140093, "lat": 13.8218102, "district_id": 10, "row": 296, "col": 356 }, "geometry": { "type": "Point", "coordinates": [ 100.5140093, 13.8218102 ] } },
{ "type": "Feature", "properties": { "name": "Rasami British International School Bangkok", "type": "School", "lon": 100.545058, "lat": 13.7660532, "district_id": 32, "row": 389, "col": 408 }, "geometry": { "type": "Point", "coordinates": [ 100.545058, 13.7660532 ] } },
{ "type": "Feature", "properties": { "name": "Khu Khot Police Station", "type": "Police", "lon": 100.6444169, "lat": 13.9318494, "district_id": 0, "row": 113, "col": 574 }, "geometry": { "type": "Point", "coordinates": [ 100.6444169, 13.9318494 ] } },
{ "type": "Feature", "properties": { "name": "Bangkok College of Industrial Technology", "type": "University", "lon": 100.6329786, "lat": 13.7551568, "district_id": 2, "row": 408, "col": 554 }, "geometry": { "type": "Point", "coordinates": [ 100.6329786, 13.7551568 ] } },
{ "type": "Feature", "properties": { "name": "Songvithaya School", "type": "School", "lon": 100.6235094, "lat": 13.648582, "district_id": 0, "row": 585, "col": 539 }, "geometry": { "type": "Point", "coordinates": [ 100.6235094, 13.648582 ] } },
{ "type": "Feature", "properties": { "name": "โรงเรียนทรงวิทยา แผนกปฐมวัย", "type": "School", "lon": 100.623365, "lat": 13.6494111, "district_id": 0, "row": 584, "col": 538 }, "geometry": { "type": "Point", "coordinates": [ 100.623365, 13.6494111 ] } },
{ "type": "Feature", "properties": { "name": "Charoenpong Kindergarten", "type": "School", "lon": 100.6287128, "lat": 13.6482066, "district_id": 0, "row": 586, "col": 547 }, "geometry": { "type": "Point", "coordinates": [ 100.6287128, 13.6482066 ] } },
{ "type": "Feature", "properties": { "name": "โรงเรียนเทวะคลองตรง", "type": "School", "lon": 100.7354304, "lat": 13.6504134, "district_id": 0, "row": 582, "col": 725 }, "geometry": { "type": "Point", "coordinates": [ 100.7354304, 13.6504134 ] } },
{ "type": "Feature", "properties": { "name": "โรงเรียนเตรียทปริญญานุสรณ์", "type": "School", "lon": 100.707711, "lat": 13.6321545, "district_id": 0, "row": 613, "col": 679 }, "geometry": { "type": "Point", "coordinates": [ 100.707711, 13.6321545 ] } },
{ "type": "Feature", "properties": { "name": "Krirk Institution", "type": "University", "lon": 100.7415505, "lat": 13.6338867, "district_id": 0, "row": 610, "col": 735 }, "geometry": { "type": "Point", "coordinates": [ 100.7415505, 13.6338867 ] } },
{ "type": "Feature", "properties": { "name": "(unnamed)", "type": "Police", "lon": 100.5254327, "lat": 13.7421749, "district_id": 30, "row": 429, "col": 375 }, "geometry": { "type": "Point", "coordinates": [ 100.5254327, 13.7421749 ] } },
{ "type": "Feature", "properties": { "name": "โรงเรียนอนุบาลกิติมา", "type": "School", "lon": 100.6247035, "lat": 13.6522306, "district_id": 0, "row": 579, "col": 541 }, "geometry": { "type": "Point", "coordinates": [ 100.6247035, 13.6522306 ] } },
{ "type": "Feature", "properties": { "name": "โรงเรียนวัดแพรกษา", "type": "School", "lon": 100.6387448, "lat": 13.5724436, "district_id": 0, "row": 712, "col": 564 }, "geometry": { "type": "Point", "coordinates": [ 100.6387448, 13.5724436 ] } },
{ "type": "Feature", "properties": { "name": "Charoenpong Kindergarten English Program", "type": "School", "lon": 100.6296734, "lat": 13.6486982, "district_id": 0, "row": 585, "col": 549 }, "geometry": { "type": "Point", "coordinates": [ 100.6296734, 13.6486982 ] } },
{ "type": "Feature", "properties": { "name": "Rajamangala University of Technology Thanyaburi Rangsit Campus", "type": "University", "lon": 100.6140041, "lat": 13.9754682, "district_id": 0, "row": 40, "col": 523 }, "geometry": { "type": "Point", "coordinates": [ 100.6140041, 13.9754682 ] } },
{ "type": "Feature", "properties": { "name": "Panaya Pattanakarn School", "type": "School", "lon": 100.6279671, "lat": 13.7355252, "district_id": 43, "row": 440, "col": 546 }, "geometry": { "type": "Point", "coordinates": [ 100.6279671, 13.7355252 ] } },
{ "type": "Feature", "properties": { "name": "D-PREP International School", "type": "School", "lon": 100.6781606, "lat": 13.6434577, "district_id": 0, "row": 594, "col": 630 }, "geometry": { "type": "Point", "coordinates": [ 100.6781606, 13.6434577 ] } },
{ "type": "Feature", "properties": { "name": "Boriboonsil Rangsit School", "type": "School", "lon": 100.63107, "lat": 13.9729876, "district_id": 0, "row": 45, "col": 551 }, "geometry": { "type": "Point", "coordinates": [ 100.63107, 13.9729876 ] } },
{ "type": "Feature", "properties": { "name": "Rajamangala University of Technology Phra Nakhon, North Bangkok Campus", "type": "University", "lon": 100.5121398, "lat": 13.817596, "district_id": 10, "row": 304, "col": 353 }, "geometry": { "type": "Point", "coordinates": [ 100.5121398, 13.817596 ] } },
{ "type": "Feature", "properties": { "name": "Bamrasnaradura Infectious Diseases Institute", "type": "Hospital", "lon": 100.5219522, "lat": 13.8532022, "district_id": 0, "row": 244, "col": 369 }, "geometry": { "type": "Point", "coordinates": [ 100.5219522, 13.8532022 ] } },
{ "type": "Feature", "properties": { "name": "โรงพยาบาลเปาโล รังสิต", "type": "Hospital", "lon": 100.6196841, "lat": 13.9858484, "district_id": 0, "row": 23, "col": 532 }, "geometry": { "type": "Point", "coordinates": [ 100.6196841, 13.9858484 ] } },
{ "type": "Feature", "properties": { "name": "Pathumvech Hospital", "type": "Hospital", "lon": 100.6104284, "lat": 13.988585, "district_id": 0, "row": 19, "col": 517 }, "geometry": { "type": "Point", "coordinates": [ 100.6104284, 13.988585 ] } },
{ "type": "Feature", "properties": { "name": "Prachathipat Hospital", "type": "Hospital", "lon": 100.6128588, "lat": 13.9853843, "district_id": 0, "row": 24, "col": 521 }, "geometry": { "type": "Point", "coordinates": [ 100.6128588, 13.9853843 ] } },
{ "type": "Feature", "properties": { "name": "Princess Mother National Institute on Drug Abuse Treatment", "type": "Hospital", "lon": 100.6196944, "lat": 13.9794249, "district_id": 0, "row": 34, "col": 532 }, "geometry": { "type": "Point", "coordinates": [ 100.6196944, 13.9794249 ] } },
{ "type": "Feature", "properties": { "name": "PatRangsit Hospital", "type": "Hospital", "lon": 100.6215096, "lat": 13.9634154, "district_id": 0, "row": 60, "col": 535 }, "geometry": { "type": "Point", "coordinates": [ 100.6215096, 13.9634154 ] } },
{ "type": "Feature", "properties": { "name": "(unnamed)", "type": "School", "lon": 100.5962201, "lat": 13.8223603, "district_id": 26, "row": 296, "col": 493 }, "geometry": { "type": "Point", "coordinates": [ 100.5962201, 13.8223603 ] } },
{ "type": "Feature", "properties": { "name": "(unnamed)", "type": "Clinic", "lon": 100.5962589, "lat": 13.8219083, "district_id": 26, "row": 296, "col": 493 }, "geometry": { "type": "Point", "coordinates": [ 100.5962589, 13.8219083 ] } },
{ "type": "Feature", "properties": { "name": "Panyaworakun School", "type": "School", "lon": 100.3922108, "lat": 13.6931875, "district_id": 3, "row": 511, "col": 153 }, "geometry": { "type": "Point", "coordinates": [ 100.3922108, 13.6931875 ] } },
{ "type": "Feature", "properties": { "name": "Wat Lat Sanun School", "type": "School", "lon": 100.6359929, "lat": 13.9585725, "district_id": 0, "row": 69, "col": 559 }, "geometry": { "type": "Point", "coordinates": [ 100.6359929, 13.9585725 ] } },
{ "type": "Feature", "properties": { "name": "Sarasas Witaed Nimitmai School", "type": "School", "lon": 100.7343996, "lat": 13.8695537, "district_id": 21, "row": 217, "col": 723 }, "geometry": { "type": "Point", "coordinates": [ 100.7343996, 13.8695537 ] } },
{ "type": "Feature", "properties": { "name": "Satit Pattana School", "type": "School", "lon": 100.7098821, "lat": 13.8774884, "district_id": 21, "row": 204, "col": 683 }, "geometry": { "type": "Point", "coordinates": [ 100.7098821, 13.8774884 ] } },
{ "type": "Feature", "properties": { "name": "Faculty of Engineering", "type": "University", "lon": 100.5133117, "lat": 13.8218796, "district_id": 10, "row": 296, "col": 355 }, "geometry": { "type": "Point", "coordinates": [ 100.5133117, 13.8218796 ] } },
{ "type": "Feature", "properties": { "name": "College of Industrial Technology", "type": "University", "lon": 100.516238, "lat": 13.8205654, "district_id": 10, "row": 299, "col": 360 }, "geometry": { "type": "Point", "coordinates": [ 100.516238, 13.8205654 ] } },
{ "type": "Feature", "properties": { "name": "โรงเรียนชุมชนประชาธิปัตย์วิทยาคาร", "type": "School", "lon": 100.6117089, "lat": 13.9837077, "district_id": 0, "row": 27, "col": 519 }, "geometry": { "type": "Point", "coordinates": [ 100.6117089, 13.9837077 ] } },
{ "type": "Feature", "properties": { "name": "Somdet Chao Phraya Hospital", "type": "Hospital", "lon": 100.5046915, "lat": 13.7304374, "district_id": 22, "row": 449, "col": 341 }, "geometry": { "type": "Point", "coordinates": [ 100.5046915, 13.7304374 ] } },
{ "type": "Feature", "properties": { "name": "Bangrak Metropolitan Police Station", "type": "Police", "lon": 100.5232759, "lat": 13.7299102, "district_id": 9, "row": 450, "col": 372 }, "geometry": { "type": "Point", "coordinates": [ 100.5232759, 13.7299102 ] } },
{ "type": "Feature", "properties": { "name": "Suwannaram Wittayakom School", "type": "School", "lon": 100.4759532, "lat": 13.7626819, "district_id": 11, "row": 395, "col": 293 }, "geometry": { "type": "Point", "coordinates": [ 100.4759532, 13.7626819 ] } },
{ "type": "Feature", "properties": { "name": "Wat Suwannaram School", "type": "School", "lon": 100.4776289, "lat": 13.7619762, "district_id": 11, "row": 396, "col": 296 }, "geometry": { "type": "Point", "coordinates": [ 100.4776289, 13.7619762 ] } },
{ "type": "Feature", "properties": { "name": "(unnamed)", "type": "Clinic", "lon": 100.5479077, "lat": 13.6997427, "district_id": 50, "row": 500, "col": 413 }, "geometry": { "type": "Point", "coordinates": [ 100.5479077, 13.6997427 ] } },
{ "type": "Feature", "properties": { "name": "(unnamed)", "type": "Clinic", "lon": 100.5461605, "lat": 13.7009429, "district_id": 50, "row": 498, "col": 410 }, "geometry": { "type": "Point", "coordinates": [ 100.5461605, 13.7009429 ] } },
{ "type": "Feature", "properties": { "name": "Pratunal Clinic", "type": "Clinic", "lon": 100.5421535, "lat": 13.7540255, "district_id": 38, "row": 409, "col": 403 }, "geometry": { "type": "Point", "coordinates": [ 100.5421535, 13.7540255 ] } },
{ "type": "Feature", "properties": { "name": "(unnamed)", "type": "Clinic", "lon": 100.6419805, "lat": 13.7798957, "district_id": 2, "row": 366, "col": 569 }, "geometry": { "type": "Point", "coordinates": [ 100.6419805, 13.7798957 ] } },
{ "type": "Feature", "properties": { "name": "(unnamed)", "type": "Clinic", "lon": 100.5407351, "lat": 13.7627063, "district_id": 38, "row": 395, "col": 401 }, "geometry": { "type": "Point", "coordinates": [ 100.5407351, 13.7627063 ] } },
{ "type": "Feature", "properties": { "name": "Siam Children Care", "type": "School", "lon": 100.5630866, "lat": 13.8301041, "district_id": 14, "row": 283, "col": 438 }, "geometry": { "type": "Point", "coordinates": [ 100.5630866, 13.8301041 ] } },
{ "type": "Feature", "properties": { "name": "โรงเรียนปทุมคงคา สมุทรปราการ", "type": "School", "lon": 100.6836333, "lat": 13.5758743, "district_id": 0, "row": 706, "col": 639 }, "geometry": { "type": "Point", "coordinates": [ 100.6836333, 13.5758743 ] } },
{ "type": "Feature", "properties": { "name": "Praksawithedsuksa", "type": "School", "lon": 100.6656071, "lat": 13.5691846, "district_id": 0, "row": 718, "col": 609 }, "geometry": { "type": "Point", "coordinates": [ 100.6656071, 13.5691846 ] } },
{ "type": "Feature", "properties": { "name": "Suk Charoenphol Phraeksa School", "type": "School", "lon": 100.6556664, "lat": 13.5794304, "district_id": 0, "row": 700, "col": 592 }, "geometry": { "type": "Point", "coordinates": [ 100.6556664, 13.5794304 ] } },
{ "type": "Feature", "properties": { "name": "Nakdee Anusorn School", "type": "School", "lon": 100.6537725, "lat": 13.578352, "district_id": 0, "row": 702, "col": 589 }, "geometry": { "type": "Point", "coordinates": [ 100.6537725, 13.578352 ] } },
{ "type": "Feature", "properties": { "name": "Samut Prakarn School", "type": "School", "lon": 100.6068061, "lat": 13.5855907, "district_id": 0, "row": 690, "col": 511 }, "geometry": { "type": "Point", "coordinates": [ 100.6068061, 13.5855907 ] } },
{ "type": "Feature", "properties": { "name": "Berkeley International School", "type": "School", "lon": 100.6144738, "lat": 13.6736467, "district_id": 7, "row": 543, "col": 524 }, "geometry": { "type": "Point", "coordinates": [ 100.6144738, 13.6736467 ] } },
{ "type": "Feature", "properties": { "name": "โรงเรียนวัดกำแพง", "type": "School", "lon": 100.4457393, "lat": 13.7393168, "district_id": 31, "row": 434, "col": 242 }, "geometry": { "type": "Point", "coordinates": [ 100.4457393, 13.7393168 ] } },
{ "type": "Feature", "properties": { "name": "Chatsuda School", "type": "School", "lon": 100.6051894, "lat": 13.6002945, "district_id": 0, "row": 666, "col": 508 }, "geometry": { "type": "Point", "coordinates": [ 100.6051894, 13.6002945 ] } },
{ "type": "Feature", "properties": { "name": "สถานีตำรวจจังหวัดสมุทรปราการ", "type": "Police", "lon": 100.5975565, "lat": 13.5977003, "district_id": 0, "row": 670, "col": 495 }, "geometry": { "type": "Point", "coordinates": [ 100.5975565, 13.5977003 ] } },
{ "type": "Feature", "properties": { "name": "สถานีตำรวจจังหวัดสมุทรปราการ", "type": "Police", "lon": 100.5974898, "lat": 13.5974199, "district_id": 0, "row": 670, "col": 495 }, "geometry": { "type": "Point", "coordinates": [ 100.5974898, 13.5974199 ] } },
{ "type": "Feature", "properties": { "name": "Health Center 16 Lumphini", "type": "Clinic", "lon": 100.5505584, "lat": 13.7273477, "district_id": 30, "row": 454, "col": 417 }, "geometry": { "type": "Point", "coordinates": [ 100.5505584, 13.7273477 ] } },
{ "type": "Feature", "properties": { "name": "(unnamed)", "type": "School", "lon": 100.550781, "lat": 13.7275094, "district_id": 30, "row": 454, "col": 417 }, "geometry": { "type": "Point", "coordinates": [ 100.550781, 13.7275094 ] } },
{ "type": "Feature", "properties": { "name": "โรงเรียนสุนีพิทยา", "type": "School", "lon": 100.5505781, "lat": 13.7266969, "district_id": 30, "row": 455, "col": 417 }, "geometry": { "type": "Point", "coordinates": [ 100.5505781, 13.7266969 ] } },
{ "type": "Feature", "properties": { "name": "Bang Phlat Metropolitan Police Station", "type": "Police", "lon": 100.4916075, "lat": 13.7654247, "district_id": 8, "row": 390, "col": 319 }, "geometry": { "type": "Point", "coordinates": [ 100.4916075, 13.7654247 ] } },
{ "type": "Feature", "properties": { "name": "(unnamed)", "type": "Hospital", "lon": 100.5539141, "lat": 13.7246377, "district_id": 23, "row": 458, "col": 423 }, "geometry": { "type": "Point", "coordinates": [ 100.5539141, 13.7246377 ] } },
{ "type": "Feature", "properties": { "name": "Praphamontree 2 School", "type": "School", "lon": 100.6179785, "lat": 13.5929152, "district_id": 0, "row": 678, "col": 529 }, "geometry": { "type": "Point", "coordinates": [ 100.6179785, 13.5929152 ] } },
{ "type": "Feature", "properties": { "name": "Clinic Sukkapan", "type": "Clinic", "lon": 100.5162011, "lat": 13.7346414, "district_id": 9, "row": 442, "col": 360 }, "geometry": { "type": "Point", "coordinates": [ 100.5162011, 13.7346414 ] } },
{ "type": "Feature", "properties": { "name": "Bang Kaew Police Station", "type": "Police", "lon": 100.6733417, "lat": 13.6504861, "district_id": 0, "row": 582, "col": 622 }, "geometry": { "type": "Point", "coordinates": [ 100.6733417, 13.6504861 ] } },
{ "type": "Feature", "properties": { "name": "ดินสอคลินิกกายภาพบำบัด", "type": "Clinic", "lon": 100.6691859, "lat": 13.5988969, "district_id": 0, "row": 668, "col": 615 }, "geometry": { "type": "Point", "coordinates": [ 100.6691859, 13.5988969 ] } },
{ "type": "Feature", "properties": { "name": "Roong Aroon School", "type": "School", "lon": 100.466298, "lat": 13.6579487, "district_id": 15, "row": 570, "col": 277 }, "geometry": { "type": "Point", "coordinates": [ 100.466298, 13.6579487 ] } },
{ "type": "Feature", "properties": { "name": "โรงเรียนมัธยมสุวิทย์เสรีอนุสรณ์", "type": "School", "lon": 100.6623109, "lat": 13.7092545, "district_id": 36, "row": 484, "col": 603 }, "geometry": { "type": "Point", "coordinates": [ 100.6623109, 13.7092545 ] } },
{ "type": "Feature", "properties": { "name": "โรงเรียนรุจิเสรีวิทยา", "type": "School", "lon": 100.5532204, "lat": 13.7846078, "district_id": 32, "row": 358, "col": 422 }, "geometry": { "type": "Point", "coordinates": [ 100.5532204, 13.7846078 ] } },
{ "type": "Feature", "properties": { "name": "(unnamed)", "type": "School", "lon": 100.3792279, "lat": 13.9105887, "district_id": 0, "row": 149, "col": 132 }, "geometry": { "type": "Point", "coordinates": [ 100.3792279, 13.9105887 ] } },
{ "type": "Feature", "properties": { "name": "โรงเรียนอัลอะมีม", "type": "School", "lon": 100.6825047, "lat": 13.7828393, "district_id": 41, "row": 361, "col": 637 }, "geometry": { "type": "Point", "coordinates": [ 100.6825047, 13.7828393 ] } },
{ "type": "Feature", "properties": { "name": "Benjamin College", "type": "School", "lon": 100.6545373, "lat": 13.8172715, "district_id": 13, "row": 304, "col": 590 }, "geometry": { "type": "Point", "coordinates": [ 100.6545373, 13.8172715 ] } },
{ "type": "Feature", "properties": { "name": "โรงเรียนอยู่เย็นวิทยา", "type": "School", "lon": 100.4289919, "lat": 13.7545155, "district_id": 44, "row": 409, "col": 214 }, "geometry": { "type": "Point", "coordinates": [ 100.4289919, 13.7545155 ] } },
{ "type": "Feature", "properties": { "name": "(unnamed)", "type": "Police", "lon": 100.4903259, "lat": 13.706067, "district_id": 46, "row": 489, "col": 317 }, "geometry": { "type": "Point", "coordinates": [ 100.4903259, 13.706067 ] } },
{ "type": "Feature", "properties": { "name": "โรงเรียนคลองสำโรง", "type": "School", "lon": 100.6310646, "lat": 13.6270315, "district_id": 0, "row": 621, "col": 551 }, "geometry": { "type": "Point", "coordinates": [ 100.6310646, 13.6270315 ] } },
{ "type": "Feature", "properties": { "name": "โรงเรียนวัดกระโจม", "type": "School", "lon": 100.4428982, "lat": 13.7475007, "district_id": 44, "row": 420, "col": 238 }, "geometry": { "type": "Point", "coordinates": [ 100.4428982, 13.7475007 ] } },
{ "type": "Feature", "properties": { "name": "โรงเรียนวัดตะล่อม", "type": "School", "lon": 100.4286489, "lat": 13.7416226, "district_id": 31, "row": 430, "col": 214 }, "geometry": { "type": "Point", "coordinates": [ 100.4286489, 13.7416226 ] } },
{ "type": "Feature", "properties": { "name": "โรงเรียนวัดพิกุล", "type": "School", "lon": 100.4328944, "lat": 13.7413014, "district_id": 44, "row": 431, "col": 221 }, "geometry": { "type": "Point", "coordinates": [ 100.4328944, 13.7413014 ] } },
{ "type": "Feature", "properties": { "name": "Banthat Thong Fire & Rescue Station", "type": "Fire station", "lon": 100.5244858, "lat": 13.7362409, "district_id": 30, "row": 439, "col": 374 }, "geometry": { "type": "Point", "coordinates": [ 100.5244858, 13.7362409 ] } },
{ "type": "Feature", "properties": { "name": "Wat Pathum Wanaram School", "type": "School", "lon": 100.5372441, "lat": 13.7474646, "district_id": 30, "row": 420, "col": 395 }, "geometry": { "type": "Point", "coordinates": [ 100.5372441, 13.7474646 ] } },
{ "type": "Feature", "properties": { "name": "Watbangpleeyainai School", "type": "School", "lon": 100.7123913, "lat": 13.6047068, "district_id": 0, "row": 658, "col": 687 }, "geometry": { "type": "Point", "coordinates": [ 100.7123913, 13.6047068 ] } },
{ "type": "Feature", "properties": { "name": "โรงเรียนเตรียมบัณฑิต แผนกประถม-มัธยม", "type": "School", "lon": 100.661513, "lat": 13.9473488, "district_id": 0, "row": 87, "col": 602 }, "geometry": { "type": "Point", "coordinates": [ 100.661513, 13.9473488 ] } },
{ "type": "Feature", "properties": { "name": "โรงเรียนเตรียมบัณฑิต แผนกอนุบาล", "type": "School", "lon": 100.6607405, "lat": 13.946898, "district_id": 0, "row": 88, "col": 601 }, "geometry": { "type": "Point", "coordinates": [ 100.6607405, 13.946898 ] } },
{ "type": "Feature", "properties": { "name": "Kularb Wittaya School", "type": "School", "lon": 100.5130895, "lat": 13.7314723, "district_id": 40, "row": 447, "col": 355 }, "geometry": { "type": "Point", "coordinates": [ 100.5130895, 13.7314723 ] } },
{ "type": "Feature", "properties": { "name": "สถาบันพัฒนาวิชาการประปา การประปานครหลวง", "type": "School", "lon": 100.5552057, "lat": 13.8849581, "district_id": 24, "row": 191, "col": 425 }, "geometry": { "type": "Point", "coordinates": [ 100.5552057, 13.8849581 ] } },
{ "type": "Feature", "properties": { "name": "โรงเรียนบริบูรณ์ศิลปศึกษา", "type": "School", "lon": 100.5951525, "lat": 13.9157717, "district_id": 17, "row": 140, "col": 491 }, "geometry": { "type": "Point", "coordinates": [ 100.5951525, 13.9157717 ] } },
{ "type": "Feature", "properties": { "name": "BASIS International School Bangkok", "type": "School", "lon": 100.4346881, "lat": 13.6643684, "district_id": 6, "row": 559, "col": 224 }, "geometry": { "type": "Point", "coordinates": [ 100.4346881, 13.6643684 ] } },
{ "type": "Feature", "properties": { "name": "โรงเรียนเปรมฤทัย ลำลูกกา", "type": "School", "lon": 100.7416621, "lat": 13.9378649, "district_id": 0, "row": 103, "col": 736 }, "geometry": { "type": "Point", "coordinates": [ 100.7416621, 13.9378649 ] } },
{ "type": "Feature", "properties": { "name": "คลินิกเด็กบ้านป้าหมอ สาขาพัฒนาการ", "type": "Clinic", "lon": 100.6695856, "lat": 13.706458, "district_id": 36, "row": 489, "col": 615 }, "geometry": { "type": "Point", "coordinates": [ 100.6695856, 13.706458 ] } },
{ "type": "Feature", "properties": { "name": "RachaSamaSai Hospital", "type": "Hospital", "lon": 100.5374538, "lat": 13.6519439, "district_id": 0, "row": 580, "col": 395 }, "geometry": { "type": "Point", "coordinates": [ 100.5374538, 13.6519439 ] } },
{ "type": "Feature", "properties": { "name": "Satit Bilingual School of Rangsit University", "type": "School", "lon": 100.5855026, "lat": 13.9699541, "district_id": 0, "row": 50, "col": 475 }, "geometry": { "type": "Point", "coordinates": [ 100.5855026, 13.9699541 ] } },
{ "type": "Feature", "properties": { "name": "แพทย์มนัส", "type": "Clinic", "lon": 100.5199765, "lat": 13.7442951, "district_id": 30, "row": 426, "col": 366 }, "geometry": { "type": "Point", "coordinates": [ 100.5199765, 13.7442951 ] } },
{ "type": "Feature", "properties": { "name": "Bang Rak Fire and Rescue Station (Temporary)", "type": "Fire station", "lon": 100.5174848, "lat": 13.7298367, "district_id": 9, "row": 450, "col": 362 }, "geometry": { "type": "Point", "coordinates": [ 100.5174848, 13.7298367 ] } },
{ "type": "Feature", "properties": { "name": "(unnamed)", "type": "Police", "lon": 100.5158568, "lat": 13.7385097, "district_id": 30, "row": 435, "col": 359 }, "geometry": { "type": "Point", "coordinates": [ 100.5158568, 13.7385097 ] } },
{ "type": "Feature", "properties": { "name": "Khlong Toei Wittaya School", "type": "School", "lon": 100.5582846, "lat": 13.7227673, "district_id": 23, "row": 462, "col": 430 }, "geometry": { "type": "Point", "coordinates": [ 100.5582846, 13.7227673 ] } },
{ "type": "Feature", "properties": { "name": "MedPark Hospital", "type": "Hospital", "lon": 100.5566062, "lat": 13.7217239, "district_id": 23, "row": 463, "col": 427 }, "geometry": { "type": "Point", "coordinates": [ 100.5566062, 13.7217239 ] } },
{ "type": "Feature", "properties": { "name": "Yumin Phattana School", "type": "School", "lon": 100.5196481, "lat": 13.7272696, "district_id": 9, "row": 454, "col": 366 }, "geometry": { "type": "Point", "coordinates": [ 100.5196481, 13.7272696 ] } },
{ "type": "Feature", "properties": { "name": "The Red Cross Health Station 2", "type": "Hospital", "lon": 100.497255, "lat": 13.7519309, "district_id": 34, "row": 413, "col": 328 }, "geometry": { "type": "Point", "coordinates": [ 100.497255, 13.7519309 ] } },
{ "type": "Feature", "properties": { "name": "Wat Suwan School", "type": "School", "lon": 100.510205, "lat": 13.7242041, "district_id": 22, "row": 459, "col": 350 }, "geometry": { "type": "Point", "coordinates": [ 100.510205, 13.7242041 ] } },
{ "type": "Feature", "properties": { "name": "โรงพยาบาลส่งเสริมสุขภาพตำบลพืชอุดม", "type": "Clinic", "lon": 100.8944203, "lat": 13.9913363, "district_id": 0, "row": 14, "col": 990 }, "geometry": { "type": "Point", "coordinates": [ 100.8944203, 13.9913363 ] } },
{ "type": "Feature", "properties": { "name": "Suksanari School", "type": "School", "lon": 100.4954676, "lat": 13.73496, "district_id": 46, "row": 441, "col": 325 }, "geometry": { "type": "Point", "coordinates": [ 100.4954676, 13.73496 ] } },
{ "type": "Feature", "properties": { "name": "Wat Suthat School", "type": "School", "lon": 100.5013191, "lat": 13.7489293, "district_id": 34, "row": 418, "col": 335 }, "geometry": { "type": "Point", "coordinates": [ 100.5013191, 13.7489293 ] } },
{ "type": "Feature", "properties": { "name": "P.S.E. Clinic", "type": "Clinic", "lon": 100.5233371, "lat": 13.7309903, "district_id": 9, "row": 448, "col": 372 }, "geometry": { "type": "Point", "coordinates": [ 100.5233371, 13.7309903 ] } },
{ "type": "Feature", "properties": { "name": "โรงเรียนอนุบาลคหกรรมศาสตร์", "type": "School", "lon": 100.5710825, "lat": 13.844216, "district_id": 14, "row": 259, "col": 451 }, "geometry": { "type": "Point", "coordinates": [ 100.5710825, 13.844216 ] } },
{ "type": "Feature", "properties": { "name": "BNH Hospital", "type": "Hospital", "lon": 100.5349843, "lat": 13.7249135, "district_id": 9, "row": 458, "col": 391 }, "geometry": { "type": "Point", "coordinates": [ 100.5349843, 13.7249135 ] } },
{ "type": "Feature", "properties": { "name": "Mathayomwatsing School", "type": "School", "lon": 100.4470897, "lat": 13.6843912, "district_id": 15, "row": 526, "col": 245 }, "geometry": { "type": "Point", "coordinates": [ 100.4470897, 13.6843912 ] } },
{ "type": "Feature", "properties": { "name": "Hua Lum Pong School", "type": "School", "lon": 100.5286749, "lat": 13.7319118, "district_id": 9, "row": 446, "col": 381 }, "geometry": { "type": "Point", "coordinates": [ 100.5286749, 13.7319118 ] } },
{ "type": "Feature", "properties": { "name": "Bangkok Prep Tennis Academy", "type": "School", "lon": 100.6033188, "lat": 13.7157653, "district_id": 48, "row": 473, "col": 505 }, "geometry": { "type": "Point", "coordinates": [ 100.6033188, 13.7157653 ] } },
{ "type": "Feature", "properties": { "name": "(unnamed)", "type": "School", "lon": 100.5699058, "lat": 13.7135667, "district_id": 23, "row": 477, "col": 449 }, "geometry": { "type": "Point", "coordinates": [ 100.5699058, 13.7135667 ] } },
{ "type": "Feature", "properties": { "name": "Sala Ya Hospital", "type": "Hospital", "lon": 100.3034325, "lat": 13.804666, "district_id": 0, "row": 325, "col": 5 }, "geometry": { "type": "Point", "coordinates": [ 100.3034325, 13.804666 ] } },
{ "type": "Feature", "properties": { "name": "Wat Puranawat School", "type": "School", "lon": 100.3361902, "lat": 13.8014419, "district_id": 45, "row": 330, "col": 60 }, "geometry": { "type": "Point", "coordinates": [ 100.3361902, 13.8014419 ] } },
{ "type": "Feature", "properties": { "name": "Premrudee Suksa School", "type": "School", "lon": 100.5258117, "lat": 13.6984596, "district_id": 5, "row": 502, "col": 376 }, "geometry": { "type": "Point", "coordinates": [ 100.5258117, 13.6984596 ] } },
{ "type": "Feature", "properties": { "name": "Vasudevi School", "type": "School", "lon": 100.5256775, "lat": 13.6995068, "district_id": 5, "row": 500, "col": 376 }, "geometry": { "type": "Point", "coordinates": [ 100.5256775, 13.6995068 ] } },
{ "type": "Feature", "properties": { "name": "Yannawa Business Administration Technological College", "type": "University", "lon": 100.5326969, "lat": 13.6995725, "district_id": 50, "row": 500, "col": 387 }, "geometry": { "type": "Point", "coordinates": [ 100.5326969, 13.6995725 ] } },
{ "type": "Feature", "properties": { "name": "Voramongkol School", "type": "School", "lon": 100.5333869, "lat": 13.6999859, "district_id": 50, "row": 500, "col": 388 }, "geometry": { "type": "Point", "coordinates": [ 100.5333869, 13.6999859 ] } },
{ "type": "Feature", "properties": { "name": "Double Trees International School Rama 3 Campus", "type": "School", "lon": 100.5343064, "lat": 13.7002926, "district_id": 50, "row": 499, "col": 390 }, "geometry": { "type": "Point", "coordinates": [ 100.5343064, 13.7002926 ] } },
{ "type": "Feature", "properties": { "name": "Panyarat High School", "type": "School", "lon": 100.5234343, "lat": 13.7258735, "district_id": 9, "row": 456, "col": 372 }, "geometry": { "type": "Point", "coordinates": [ 100.5234343, 13.7258735 ] } },
{ "type": "Feature", "properties": { "name": "(unnamed)", "type": "Hospital", "lon": 100.5487549, "lat": 13.7487042, "district_id": 38, "row": 418, "col": 414 }, "geometry": { "type": "Point", "coordinates": [ 100.5487549, 13.7487042 ] } },
{ "type": "Feature", "properties": { "name": "Kasemsant Kindergarten", "type": "School", "lon": 100.6762269, "lat": 13.6887678, "district_id": 36, "row": 518, "col": 627 }, "geometry": { "type": "Point", "coordinates": [ 100.6762269, 13.6887678 ] } },
{ "type": "Feature", "properties": { "name": "Kasemsant Business Technological College", "type": "University", "lon": 100.6772194, "lat": 13.6887034, "district_id": 36, "row": 518, "col": 628 }, "geometry": { "type": "Point", "coordinates": [ 100.6772194, 13.6887034 ] } },
{ "type": "Feature", "properties": { "name": "Eamla-or Vocational College", "type": "University", "lon": 100.5405583, "lat": 13.7174586, "district_id": 42, "row": 470, "col": 400 }, "geometry": { "type": "Point", "coordinates": [ 100.5405583, 13.7174586 ] } },
{ "type": "Feature", "properties": { "name": "Thung Maha Mek Police Station", "type": "Police", "lon": 100.539385, "lat": 13.7183901, "district_id": 42, "row": 469, "col": 398 }, "geometry": { "type": "Point", "coordinates": [ 100.539385, 13.7183901 ] } },
{ "type": "Feature", "properties": { "name": "Prachapiban School", "type": "School", "lon": 100.5970892, "lat": 13.8728513, "district_id": 4, "row": 211, "col": 495 }, "geometry": { "type": "Point", "coordinates": [ 100.5970892, 13.8728513 ] } },
{ "type": "Feature", "properties": { "name": "Mahaesak Hospital", "type": "Hospital", "lon": 100.5194286, "lat": 13.7253986, "district_id": 9, "row": 457, "col": 365 }, "geometry": { "type": "Point", "coordinates": [ 100.5194286, 13.7253986 ] } },
{ "type": "Feature", "properties": { "name": "Mahesak Medical Clinic", "type": "Clinic", "lon": 100.5196105, "lat": 13.7251922, "district_id": 9, "row": 458, "col": 366 }, "geometry": { "type": "Point", "coordinates": [ 100.5196105, 13.7251922 ] } },
{ "type": "Feature", "properties": { "name": "Suankularb Thon Buri School", "type": "School", "lon": 100.4712482, "lat": 13.6278052, "district_id": 6, "row": 620, "col": 285 }, "geometry": { "type": "Point", "coordinates": [ 100.4712482, 13.6278052 ] } },
{ "type": "Feature", "properties": { "name": "โรงเรียนนวมินทราชินูทิศ สวนกุหลาบวิทยาลัย สมุทรปราการ", "type": "School", "lon": 100.7536993, "lat": 13.5019651, "district_id": 0, "row": 830, "col": 756 }, "geometry": { "type": "Point", "coordinates": [ 100.7536993, 13.5019651 ] } },
{ "type": "Feature", "properties": { "name": "Kwong Chow School", "type": "School", "lon": 100.5266979, "lat": 13.7243002, "district_id": 9, "row": 459, "col": 377 }, "geometry": { "type": "Point", "coordinates": [ 100.5266979, 13.7243002 ] } },
{ "type": "Feature", "properties": { "name": "KMB Hospital", "type": "Hospital", "lon": 100.6040244, "lat": 13.8708252, "district_id": 4, "row": 215, "col": 506 }, "geometry": { "type": "Point", "coordinates": [ 100.6040244, 13.8708252 ] } },
{ "type": "Feature", "properties": { "name": "Assumption Convent Silom School", "type": "School", "lon": 100.5218048, "lat": 13.721893, "district_id": 9, "row": 463, "col": 369 }, "geometry": { "type": "Point", "coordinates": [ 100.5218048, 13.721893 ] } },
{ "type": "Feature", "properties": { "name": "Matthayom Sangkhiet Witthaya School", "type": "School", "lon": 100.6192451, "lat": 13.9535616, "district_id": 0, "row": 77, "col": 532 }, "geometry": { "type": "Point", "coordinates": [ 100.6192451, 13.9535616 ] } },
{ "type": "Feature", "properties": { "name": "Mattayom Watbuengthonglang School", "type": "School", "lon": 100.6262798, "lat": 13.79424, "district_id": 2, "row": 342, "col": 543 }, "geometry": { "type": "Point", "coordinates": [ 100.6262798, 13.79424 ] } },
{ "type": "Feature", "properties": { "name": "Watbuengthonglang School", "type": "School", "lon": 100.6254061, "lat": 13.7951007, "district_id": 2, "row": 341, "col": 542 }, "geometry": { "type": "Point", "coordinates": [ 100.6254061, 13.7951007 ] } },
{ "type": "Feature", "properties": { "name": "Buengthonglang Community Police Station", "type": "Police", "lon": 100.6271769, "lat": 13.7965376, "district_id": 2, "row": 339, "col": 545 }, "geometry": { "type": "Point", "coordinates": [ 100.6271769, 13.7965376 ] } },
{ "type": "Feature", "properties": { "name": "Saiaksorn School", "type": "School", "lon": 100.6481543, "lat": 13.845629, "district_id": 13, "row": 257, "col": 580 }, "geometry": { "type": "Point", "coordinates": [ 100.6481543, 13.845629 ] } },
{ "type": "Feature", "properties": { "name": "โรงเรียนเตรียมวิทย์พัฒนา", "type": "School", "lon": 100.6537206, "lat": 13.8424819, "district_id": 20, "row": 262, "col": 589 }, "geometry": { "type": "Point", "coordinates": [ 100.6537206, 13.8424819 ] } },
{ "type": "Feature", "properties": { "name": "โรงเรียนอนุบาลนิรมล", "type": "School", "lon": 100.6541225, "lat": 13.8448262, "district_id": 20, "row": 258, "col": 590 }, "geometry": { "type": "Point", "coordinates": [ 100.6541225, 13.8448262 ] } },
{ "type": "Feature", "properties": { "name": "Sukrutai School", "type": "School", "lon": 100.6505135, "lat": 13.8500265, "district_id": 4, "row": 249, "col": 584 }, "geometry": { "type": "Point", "coordinates": [ 100.6505135, 13.8500265 ] } },
{ "type": "Feature", "properties": { "name": "Setthabutbamphen School", "type": "School", "lon": 100.7139616, "lat": 13.814152, "district_id": 27, "row": 309, "col": 689 }, "geometry": { "type": "Point", "coordinates": [ 100.7139616, 13.814152 ] } },
{ "type": "Feature", "properties": { "name": "Bangchan School", "type": "School", "lon": 100.6978508, "lat": 13.8178723, "district_id": 21, "row": 303, "col": 663 }, "geometry": { "type": "Point", "coordinates": [ 100.6978508, 13.8178723 ] } },
{ "type": "Feature", "properties": { "name": "Wat Chong Lom School", "type": "School", "lon": 100.5457569, "lat": 13.7045223, "district_id": 50, "row": 492, "col": 409 }, "geometry": { "type": "Point", "coordinates": [ 100.5457569, 13.7045223 ] } },
{ "type": "Feature", "properties": { "name": "อนุบาลบ้านแสนรัก", "type": "School", "lon": 100.6517604, "lat": 13.8506473, "district_id": 4, "row": 248, "col": 586 }, "geometry": { "type": "Point", "coordinates": [ 100.6517604, 13.8506473 ] } },
{ "type": "Feature", "properties": { "name": "Rajamangala University of Technology Krungthep Borpitpimuk Mayamek Campus", "type": "University", "lon": 100.5372646, "lat": 13.7169842, "district_id": 42, "row": 471, "col": 395 }, "geometry": { "type": "Point", "coordinates": [ 100.5372646, 13.7169842 ] } },
{ "type": "Feature", "properties": { "name": "ศูนย์พัฒนาเด็กก่อนวัยเรียนชุมชนหมู่บ้านพัฒนาซอยสวนพลู", "type": "School", "lon": 100.534932, "lat": 13.714283, "district_id": 42, "row": 476, "col": 391 }, "geometry": { "type": "Point", "coordinates": [ 100.534932, 13.714283 ] } },
{ "type": "Feature", "properties": { "name": "โรงเรียนโสตศึกษาทุ่งมหาเมฆ", "type": "School", "lon": 100.5352013, "lat": 13.7160149, "district_id": 42, "row": 473, "col": 392 }, "geometry": { "type": "Point", "coordinates": [ 100.5352013, 13.7160149 ] } },
{ "type": "Feature", "properties": { "name": "Rattanakosinsompoch Bangkhen School", "type": "School", "lon": 100.6449992, "lat": 13.8714322, "district_id": 4, "row": 214, "col": 574 }, "geometry": { "type": "Point", "coordinates": [ 100.6449992, 13.8714322 ] } },
{ "type": "Feature", "properties": { "name": "Ban Klong Bua School", "type": "School", "lon": 100.6406476, "lat": 13.8643311, "district_id": 4, "row": 226, "col": 567 }, "geometry": { "type": "Point", "coordinates": [ 100.6406476, 13.8643311 ] } },
{ "type": "Feature", "properties": { "name": "Sikkha Asia Kindergarten", "type": "School", "lon": 100.5420459, "lat": 13.7195409, "district_id": 42, "row": 467, "col": 403 }, "geometry": { "type": "Point", "coordinates": [ 100.5420459, 13.7195409 ] } },
{ "type": "Feature", "properties": { "name": "Hampton International Pre-School", "type": "School", "lon": 100.5452539, "lat": 13.7225543, "district_id": 42, "row": 462, "col": 408 }, "geometry": { "type": "Point", "coordinates": [ 100.5452539, 13.7225543 ] } },
{ "type": "Feature", "properties": { "name": "Baptist Theological Seminary School", "type": "School", "lon": 100.5400073, "lat": 13.7207497, "district_id": 42, "row": 465, "col": 400 }, "geometry": { "type": "Point", "coordinates": [ 100.5400073, 13.7207497 ] } },
{ "type": "Feature", "properties": { "name": "Viboon Business Administration Technological College Ramintra", "type": "University", "lon": 100.6264153, "lat": 13.8637857, "district_id": 4, "row": 227, "col": 544 }, "geometry": { "type": "Point", "coordinates": [ 100.6264153, 13.8637857 ] } },
{ "type": "Feature", "properties": { "name": "Bon Kai Fire Station", "type": "Fire station", "lon": 100.5492045, "lat": 13.7262034, "district_id": 30, "row": 456, "col": 415 }, "geometry": { "type": "Point", "coordinates": [ 100.5492045, 13.7262034 ] } },
{ "type": "Feature", "properties": { "name": "Plookchit School", "type": "School", "lon": 100.5499034, "lat": 13.72824, "district_id": 30, "row": 452, "col": 416 }, "geometry": { "type": "Point", "coordinates": [ 100.5499034, 13.72824 ] } },
{ "type": "Feature", "properties": { "name": "Pathlab", "type": "Clinic", "lon": 100.5355608, "lat": 13.7287915, "district_id": 9, "row": 452, "col": 392 }, "geometry": { "type": "Point", "coordinates": [ 100.5355608, 13.7287915 ] } },
{ "type": "Feature", "properties": { "name": "ภัทรมนคลินิก", "type": "Clinic", "lon": 100.6410875, "lat": 13.8575262, "district_id": 4, "row": 237, "col": 568 }, "geometry": { "type": "Point", "coordinates": [ 100.6410875, 13.8575262 ] } },
{ "type": "Feature", "properties": { "name": "Jaras Clinic", "type": "Clinic", "lon": 100.5253442, "lat": 13.7344494, "district_id": 30, "row": 442, "col": 375 }, "geometry": { "type": "Point", "coordinates": [ 100.5253442, 13.7344494 ] } },
{ "type": "Feature", "properties": { "name": "วรรณีทันตแพทย์", "type": "Clinic", "lon": 100.5257848, "lat": 13.7347226, "district_id": 30, "row": 442, "col": 376 }, "geometry": { "type": "Point", "coordinates": [ 100.5257848, 13.7347226 ] } },
{ "type": "Feature", "properties": { "name": "บุณทวัช คลินิค", "type": "Clinic", "lon": 100.6411404, "lat": 13.8566509, "district_id": 4, "row": 238, "col": 568 }, "geometry": { "type": "Point", "coordinates": [ 100.6411404, 13.8566509 ] } },
{ "type": "Feature", "properties": { "name": "บีรยาดา", "type": "Clinic", "lon": 100.6412358, "lat": 13.8552448, "district_id": 4, "row": 241, "col": 568 }, "geometry": { "type": "Point", "coordinates": [ 100.6412358, 13.8552448 ] } },
{ "type": "Feature", "properties": { "name": "ปานปั้นคลินิก", "type": "Clinic", "lon": 100.6412793, "lat": 13.8545997, "district_id": 4, "row": 242, "col": 568 }, "geometry": { "type": "Point", "coordinates": [ 100.6412793, 13.8545997 ] } },
{ "type": "Feature", "properties": { "name": "สถานีตำรวจนครบาลบางกอกใหญ่", "type": "Police", "lon": 100.4867622, "lat": 13.7415388, "district_id": 12, "row": 430, "col": 311 }, "geometry": { "type": "Point", "coordinates": [ 100.4867622, 13.7415388 ] } },
{ "type": "Feature", "properties": { "name": "พรการแพทย์", "type": "Clinic", "lon": 100.5434153, "lat": 13.7077801, "district_id": 50, "row": 487, "col": 405 }, "geometry": { "type": "Point", "coordinates": [ 100.5434153, 13.7077801 ] } },
{ "type": "Feature", "properties": { "name": "Baan Jai Aree", "type": "Clinic", "lon": 100.5125203, "lat": 13.7403909, "district_id": 40, "row": 432, "col": 354 }, "geometry": { "type": "Point", "coordinates": [ 100.5125203, 13.7403909 ] } },
{ "type": "Feature", "properties": { "name": "วิทยาลัยสารพัดช่าง สมุทรปราการ", "type": "University", "lon": 100.5966389, "lat": 13.6021978, "district_id": 0, "row": 663, "col": 494 }, "geometry": { "type": "Point", "coordinates": [ 100.5966389, 13.6021978 ] } },
{ "type": "Feature", "properties": { "name": "คลินิคทันตกรรมปาริชาต", "type": "Clinic", "lon": 100.6432123, "lat": 13.8493956, "district_id": 4, "row": 251, "col": 572 }, "geometry": { "type": "Point", "coordinates": [ 100.6432123, 13.8493956 ] } },
{ "type": "Feature", "properties": { "name": "Wang Thonglang Police Station", "type": "Police", "lon": 100.6009399, "lat": 13.7589925, "district_id": 49, "row": 401, "col": 501 }, "geometry": { "type": "Point", "coordinates": [ 100.6009399, 13.7589925 ] } },
{ "type": "Feature", "properties": { "name": "ศูนย์ฝึกอาชีพสวนลุมพินี", "type": "School", "lon": 100.5431273, "lat": 13.7335804, "district_id": 30, "row": 444, "col": 405 }, "geometry": { "type": "Point", "coordinates": [ 100.5431273, 13.7335804 ] } },
{ "type": "Feature", "properties": { "name": "Watmongkol Kothawas School", "type": "School", "lon": 100.8214905, "lat": 13.5141007, "district_id": 0, "row": 809, "col": 869 }, "geometry": { "type": "Point", "coordinates": [ 100.8214905, 13.5141007 ] } },
{ "type": "Feature", "properties": { "name": "Nitipon Clinic", "type": "Clinic", "lon": 100.5348833, "lat": 13.7289933, "district_id": 9, "row": 451, "col": 391 }, "geometry": { "type": "Point", "coordinates": [ 100.5348833, 13.7289933 ] } },
{ "type": "Feature", "properties": { "name": "Pulse Clinic", "type": "Clinic", "lon": 100.5346667, "lat": 13.7289157, "district_id": 9, "row": 451, "col": 391 }, "geometry": { "type": "Point", "coordinates": [ 100.5346667, 13.7289157 ] } },
{ "type": "Feature", "properties": { "name": "ศูนย์ป้องกันและบรรเทาสาธารณภัยพระสมุทรเจดีย์", "type": "Fire station", "lon": 100.5846793, "lat": 13.5979699, "district_id": 0, "row": 670, "col": 474 }, "geometry": { "type": "Point", "coordinates": [ 100.5846793, 13.5979699 ] } },
{ "type": "Feature", "properties": { "name": "Garden International School Bangkok", "type": "School", "lon": 100.545867, "lat": 13.7150317, "district_id": 50, "row": 474, "col": 409 }, "geometry": { "type": "Point", "coordinates": [ 100.545867, 13.7150317 ] } },
{ "type": "Feature", "properties": { "name": "เด็นทอล สไมล์ คลินิค", "type": "Clinic", "lon": 100.6464133, "lat": 13.8476585, "district_id": 4, "row": 253, "col": 577 }, "geometry": { "type": "Point", "coordinates": [ 100.6464133, 13.8476585 ] } },
{ "type": "Feature", "properties": { "name": "Tedsaban 5 School", "type": "School", "lon": 100.5993304, "lat": 13.5940484, "district_id": 0, "row": 676, "col": 498 }, "geometry": { "type": "Point", "coordinates": [ 100.5993304, 13.5940484 ] } },
{ "type": "Feature", "properties": { "name": "Thaweewattana School", "type": "School", "lon": 100.5364042, "lat": 13.7032029, "district_id": 50, "row": 494, "col": 394 }, "geometry": { "type": "Point", "coordinates": [ 100.5364042, 13.7032029 ] } },
{ "type": "Feature", "properties": { "name": "Saint Joseph Yannawa School", "type": "School", "lon": 100.5359589, "lat": 13.7037439, "district_id": 50, "row": 493, "col": 393 }, "geometry": { "type": "Point", "coordinates": [ 100.5359589, 13.7037439 ] } },
{ "type": "Feature", "properties": { "name": "โรงเรียนเพลินพัฒนา", "type": "School", "lon": 100.3967954, "lat": 13.7882884, "district_id": 45, "row": 352, "col": 161 }, "geometry": { "type": "Point", "coordinates": [ 100.3967954, 13.7882884 ] } },
{ "type": "Feature", "properties": { "name": "Thonburi Thawiwatthana Hospital", "type": "Hospital", "lon": 100.4004218, "lat": 13.7828078, "district_id": 45, "row": 361, "col": 167 }, "geometry": { "type": "Point", "coordinates": [ 100.4004218, 13.7828078 ] } },
{ "type": "Feature", "properties": { "name": "Golden Jubilee Medical Center", "type": "Hospital", "lon": 100.3201096, "lat": 13.7865408, "district_id": 0, "row": 355, "col": 33 }, "geometry": { "type": "Point", "coordinates": [ 100.3201096, 13.7865408 ] } },
{ "type": "Feature", "properties": { "name": "โรงเรียนวัดบางปิ้ง", "type": "School", "lon": 100.6214939, "lat": 13.6077363, "district_id": 0, "row": 653, "col": 535 }, "geometry": { "type": "Point", "coordinates": [ 100.6214939, 13.6077363 ] } },
{ "type": "Feature", "properties": { "name": "โรงเรียนเทศบาล 2 (วัดใน)", "type": "School", "lon": 100.6045017, "lat": 13.5936632, "district_id": 0, "row": 677, "col": 507 }, "geometry": { "type": "Point", "coordinates": [ 100.6045017, 13.5936632 ] } },
{ "type": "Feature", "properties": { "name": "รพ.เมืองสมุทรปากน้ำ", "type": "Hospital", "lon": 100.6013412, "lat": 13.5949757, "district_id": 0, "row": 675, "col": 502 }, "geometry": { "type": "Point", "coordinates": [ 100.6013412, 13.5949757 ] } },
{ "type": "Feature", "properties": { "name": "โรงเรียนวัดพิชัยสงคราม", "type": "School", "lon": 100.5971134, "lat": 13.5960982, "district_id": 0, "row": 673, "col": 495 }, "geometry": { "type": "Point", "coordinates": [ 100.5971134, 13.5960982 ] } },
{ "type": "Feature", "properties": { "name": "โรงเรียนสตรีสมุทรปราการ", "type": "School", "lon": 100.6053244, "lat": 13.5977708, "district_id": 0, "row": 670, "col": 508 }, "geometry": { "type": "Point", "coordinates": [ 100.6053244, 13.5977708 ] } },
{ "type": "Feature", "properties": { "name": "(unnamed)", "type": "Fire station", "lon": 100.5980142, "lat": 13.6003295, "district_id": 0, "row": 666, "col": 496 }, "geometry": { "type": "Point", "coordinates": [ 100.5980142, 13.6003295 ] } },
{ "type": "Feature", "properties": { "name": "Rajamangala University of Technology Krungthep Phra Nakhon Tai ​Campus", "type": "University", "lon": 100.5146821, "lat": 13.7155821, "district_id": 42, "row": 474, "col": 357 }, "geometry": { "type": "Point", "coordinates": [ 100.5146821, 13.7155821 ] } },
{ "type": "Feature", "properties": { "name": "โรงเรียนสตรีศรีสุริโยทัย", "type": "School", "lon": 100.515834, "lat": 13.7153384, "district_id": 42, "row": 474, "col": 359 }, "geometry": { "type": "Point", "coordinates": [ 100.515834, 13.7153384 ] } },
{ "type": "Feature", "properties": { "name": "Nipatwittaya School", "type": "School", "lon": 100.5182033, "lat": 13.7133835, "district_id": 42, "row": 477, "col": 363 }, "geometry": { "type": "Point", "coordinates": [ 100.5182033, 13.7133835 ] } },
{ "type": "Feature", "properties": { "name": "ศูนย์สุขภาพชุมชนซอยวัดม่วงแคและมัสยิดฮารูณ", "type": "Clinic", "lon": 100.5146965, "lat": 13.7257214, "district_id": 9, "row": 457, "col": 357 }, "geometry": { "type": "Point", "coordinates": [ 100.5146965, 13.7257214 ] } },
{ "type": "Feature", "properties": { "name": "ศูนย์สุขภาพชุมชน", "type": "Clinic", "lon": 100.532222, "lat": 13.7257744, "district_id": 9, "row": 457, "col": 387 }, "geometry": { "type": "Point", "coordinates": [ 100.532222, 13.7257744 ] } },
{ "type": "Feature", "properties": { "name": "Tourist Police Bureau", "type": "Police", "lon": 100.7752041, "lat": 13.7127009, "district_id": 0, "row": 478, "col": 792 }, "geometry": { "type": "Point", "coordinates": [ 100.7752041, 13.7127009 ] } },
{ "type": "Feature", "properties": { "name": "สถานีตำรวจภูธรบางปู", "type": "Police", "lon": 100.6901211, "lat": 13.5130173, "district_id": 0, "row": 811, "col": 650 }, "geometry": { "type": "Point", "coordinates": [ 100.6901211, 13.5130173 ] } },
{ "type": "Feature", "properties": { "name": "(unnamed)", "type": "Police", "lon": 100.6900755, "lat": 13.5127069, "district_id": 0, "row": 812, "col": 650 }, "geometry": { "type": "Point", "coordinates": [ 100.6900755, 13.5127069 ] } },
{ "type": "Feature", "properties": { "name": "โรงเรียนคลองบางปู", "type": "School", "lon": 100.7678982, "lat": 13.5004844, "district_id": 0, "row": 832, "col": 779 }, "geometry": { "type": "Point", "coordinates": [ 100.7678982, 13.5004844 ] } },
{ "type": "Feature", "properties": { "name": "Chatsueksa School", "type": "School", "lon": 100.4803547, "lat": 13.7407712, "district_id": 12, "row": 432, "col": 300 }, "geometry": { "type": "Point", "coordinates": [ 100.4803547, 13.7407712 ] } },
{ "type": "Feature", "properties": { "name": "Kitti Business College", "type": "University", "lon": 100.527318, "lat": 13.7092433, "district_id": 42, "row": 484, "col": 378 }, "geometry": { "type": "Point", "coordinates": [ 100.527318, 13.7092433 ] } },
{ "type": "Feature", "properties": { "name": "ศุนย์แพทย์ครอบครัวและชุมชน อบต.บางแก้ว", "type": "Hospital", "lon": 100.6592434, "lat": 13.6666837, "district_id": 0, "row": 555, "col": 598 }, "geometry": { "type": "Point", "coordinates": [ 100.6592434, 13.6666837 ] } },
{ "type": "Feature", "properties": { "name": "โรงเรียนนานาชาติราฟเฟิลส์อเมริกัน", "type": "University", "lon": 100.6591748, "lat": 13.6652339, "district_id": 0, "row": 557, "col": 598 }, "geometry": { "type": "Point", "coordinates": [ 100.6591748, 13.6652339 ] } },
{ "type": "Feature", "properties": { "name": "โรงเรียนเปรมฤทัย", "type": "School", "lon": 100.6603171, "lat": 13.6645361, "district_id": 0, "row": 559, "col": 600 }, "geometry": { "type": "Point", "coordinates": [ 100.6603171, 13.6645361 ] } },
{ "type": "Feature", "properties": { "name": "Khlong Phitthayalongkon School", "type": "School", "lon": 100.420152, "lat": 13.5276944, "district_id": 6, "row": 787, "col": 200 }, "geometry": { "type": "Point", "coordinates": [ 100.420152, 13.5276944 ] } },
{ "type": "Feature", "properties": { "name": "Phitthayalongkon Health Center 42", "type": "Hospital", "lon": 100.4208928, "lat": 13.52825, "district_id": 6, "row": 786, "col": 201 }, "geometry": { "type": "Point", "coordinates": [ 100.4208928, 13.52825 ] } },
{ "type": "Feature", "properties": { "name": "Pittayalongkorn Pittayakom School", "type": "School", "lon": 100.4184611, "lat": 13.5281607, "district_id": 6, "row": 786, "col": 197 }, "geometry": { "type": "Point", "coordinates": [ 100.4184611, 13.5281607 ] } },
{ "type": "Feature", "properties": { "name": "แผนกอนุบาล", "type": "School", "lon": 100.5276735, "lat": 13.7038415, "district_id": 42, "row": 493, "col": 379 }, "geometry": { "type": "Point", "coordinates": [ 100.5276735, 13.7038415 ] } },
{ "type": "Feature", "properties": { "name": "King's College International School Bangkok", "type": "School", "lon": 100.5279762, "lat": 13.6910538, "district_id": 50, "row": 514, "col": 379 }, "geometry": { "type": "Point", "coordinates": [ 100.5279762, 13.6910538 ] } },
{ "type": "Feature", "properties": { "name": "Wat Phai Ngoen Chotanaram School", "type": "School", "lon": 100.5234995, "lat": 13.7013831, "district_id": 5, "row": 497, "col": 372 }, "geometry": { "type": "Point", "coordinates": [ 100.5234995, 13.7013831 ] } },
{ "type": "Feature", "properties": { "name": "สถานีตำราวจชุมชนวัดไผ่เงิน", "type": "Police", "lon": 100.5235695, "lat": 13.7017197, "district_id": 5, "row": 497, "col": 372 }, "geometry": { "type": "Point", "coordinates": [ 100.5235695, 13.7017197 ] } },
{ "type": "Feature", "properties": { "name": "Surat Clinic", "type": "Clinic", "lon": 100.529917, "lat": 13.703143, "district_id": 50, "row": 494, "col": 383 }, "geometry": { "type": "Point", "coordinates": [ 100.529917, 13.703143 ] } },
{ "type": "Feature", "properties": { "name": "Triamudomsuksapattanakarn Yannawate School", "type": "School", "lon": 100.5278403, "lat": 13.7030098, "district_id": 42, "row": 494, "col": 379 }, "geometry": { "type": "Point", "coordinates": [ 100.5278403, 13.7030098 ] } },
{ "type": "Feature", "properties": { "name": "โรงเรียนคลองมหาวงก์", "type": "School", "lon": 100.6061357, "lat": 13.6088435, "district_id": 0, "row": 651, "col": 510 }, "geometry": { "type": "Point", "coordinates": [ 100.6061357, 13.6088435 ] } },
{ "type": "Feature", "properties": { "name": "Thian Talay Police Station", "type": "Police", "lon": 100.4190309, "lat": 13.5515854, "district_id": 6, "row": 747, "col": 198 }, "geometry": { "type": "Point", "coordinates": [ 100.4190309, 13.5515854 ] } },
{ "type": "Feature", "properties": { "name": "Miracal of lifes", "type": "Hospital", "lon": 100.5527665, "lat": 13.8156884, "district_id": 14, "row": 307, "col": 421 }, "geometry": { "type": "Point", "coordinates": [ 100.5527665, 13.8156884 ] } },
{ "type": "Feature", "properties": { "name": "Mathayomwatdansamrong School", "type": "School", "lon": 100.5990392, "lat": 13.6474823, "district_id": 0, "row": 587, "col": 498 }, "geometry": { "type": "Point", "coordinates": [ 100.5990392, 13.6474823 ] } },
{ "type": "Feature", "properties": { "name": "Wat Dan Samrong School", "type": "School", "lon": 100.6003131, "lat": 13.6469431, "district_id": 0, "row": 588, "col": 500 }, "geometry": { "type": "Point", "coordinates": [ 100.6003131, 13.6469431 ] } },
{ "type": "Feature", "properties": { "name": "โรงเรียนเทศบาล 3 ท้ายบ้านใหม่", "type": "School", "lon": 100.619605, "lat": 13.5663089, "district_id": 0, "row": 722, "col": 532 }, "geometry": { "type": "Point", "coordinates": [ 100.619605, 13.5663089 ] } },
{ "type": "Feature", "properties": { "name": "Dhonburi Rajabhat University Samutprakan", "type": "University", "lon": 100.751827, "lat": 13.5238983, "district_id": 0, "row": 793, "col": 753 }, "geometry": { "type": "Point", "coordinates": [ 100.751827, 13.5238983 ] } },
{ "type": "Feature", "properties": { "name": "36 Aesthetic", "type": "Clinic", "lon": 100.5768828, "lat": 13.7230913, "district_id": 23, "row": 461, "col": 461 }, "geometry": { "type": "Point", "coordinates": [ 100.5768828, 13.7230913 ] } },
{ "type": "Feature", "properties": { "name": "โรงเรียนวัดลาดกระบัง", "type": "School", "lon": 100.752504, "lat": 13.7268735, "district_id": 25, "row": 455, "col": 754 }, "geometry": { "type": "Point", "coordinates": [ 100.752504, 13.7268735 ] } },
{ "type": "Feature", "properties": { "name": "โรงเรียนสาธิตบางแก้ว(ประถม)", "type": "School", "lon": 100.6626684, "lat": 13.6373448, "district_id": 0, "row": 604, "col": 604 }, "geometry": { "type": "Point", "coordinates": [ 100.6626684, 13.6373448 ] } },
{ "type": "Feature", "properties": { "name": "โรงเรียนวัดบำรุงรื่น", "type": "School", "lon": 100.7556467, "lat": 13.7426112, "district_id": 25, "row": 428, "col": 759 }, "geometry": { "type": "Point", "coordinates": [ 100.7556467, 13.7426112 ] } },
{ "type": "Feature", "properties": { "name": "โรงเรียนเทพศิรินทร์ร่มเกล้า", "type": "School", "lon": 100.7578903, "lat": 13.7464503, "district_id": 25, "row": 422, "col": 763 }, "geometry": { "type": "Point", "coordinates": [ 100.7578903, 13.7464503 ] } },
{ "type": "Feature", "properties": { "name": "Commercial aircraft fire and rescue training field", "type": "Fire station", "lon": 100.7665655, "lat": 13.6843989, "district_id": 0, "row": 526, "col": 777 }, "geometry": { "type": "Point", "coordinates": [ 100.7665655, 13.6843989 ] } },
{ "type": "Feature", "properties": { "name": "ฝ่ายดับเพลิง และกู้ภัย", "type": "Fire station", "lon": 100.762956, "lat": 13.7121009, "district_id": 0, "row": 479, "col": 771 }, "geometry": { "type": "Point", "coordinates": [ 100.762956, 13.7121009 ] } },
{ "type": "Feature", "properties": { "name": "Wat Chaem Rat Sattha Tham School", "type": "School", "lon": 100.8538458, "lat": 13.4934656, "district_id": 0, "row": 844, "col": 923 }, "geometry": { "type": "Point", "coordinates": [ 100.8538458, 13.4934656 ] } },
{ "type": "Feature", "properties": { "name": "โรงเรียนวัดหล่อเจริญราษฎร์", "type": "School", "lon": 100.8998021, "lat": 13.5129247, "district_id": 0, "row": 811, "col": 999 }, "geometry": { "type": "Point", "coordinates": [ 100.8998021, 13.5129247 ] } },
{ "type": "Feature", "properties": { "name": "โรงเรียนวัดลาดยาว", "type": "School", "lon": 100.929748, "lat": 13.5276568, "district_id": 0, "row": 787, "col": 1049 }, "geometry": { "type": "Point", "coordinates": [ 100.929748, 13.5276568 ] } },
{ "type": "Feature", "properties": { "name": "โรงเรียนวัดหัวคู้", "type": "School", "lon": 100.7850672, "lat": 13.7027112, "district_id": 0, "row": 495, "col": 808 }, "geometry": { "type": "Point", "coordinates": [ 100.7850672, 13.7027112 ] } },
{ "type": "Feature", "properties": { "name": "Tedsaban 1 School", "type": "School", "lon": 100.620097, "lat": 13.5986581, "district_id": 0, "row": 668, "col": 533 }, "geometry": { "type": "Point", "coordinates": [ 100.620097, 13.5986581 ] } },
{ "type": "Feature", "properties": { "name": "โรงเรียนยอดดวงใจ", "type": "School", "lon": 100.768291, "lat": 13.7374466, "district_id": 25, "row": 437, "col": 780 }, "geometry": { "type": "Point", "coordinates": [ 100.768291, 13.7374466 ] } },
{ "type": "Feature", "properties": { "name": "Wat Lam Toiting School", "type": "School", "lon": 100.8884429, "lat": 13.7562867, "district_id": 28, "row": 406, "col": 980 }, "geometry": { "type": "Point", "coordinates": [ 100.8884429, 13.7562867 ] } },
{ "type": "Feature", "properties": { "name": "โรงเรียนคลองเสาธง", "type": "School", "lon": 100.7078626, "lat": 13.5072624, "district_id": 0, "row": 821, "col": 679 }, "geometry": { "type": "Point", "coordinates": [ 100.7078626, 13.5072624 ] } },
{ "type": "Feature", "properties": { "name": "Wat Mai Phadung Khet School", "type": "School", "lon": 100.3764719, "lat": 13.8032647, "district_id": 0, "row": 327, "col": 127 }, "geometry": { "type": "Point", "coordinates": [ 100.3764719, 13.8032647 ] } },
{ "type": "Feature", "properties": { "name": "Wat Khum Thong School", "type": "School", "lon": 100.8517286, "lat": 13.7221408, "district_id": 25, "row": 463, "col": 919 }, "geometry": { "type": "Point", "coordinates": [ 100.8517286, 13.7221408 ] } },
{ "type": "Feature", "properties": { "name": "โรงเรัยนขุมทอง", "type": "School", "lon": 100.8530238, "lat": 13.7414796, "district_id": 25, "row": 430, "col": 921 }, "geometry": { "type": "Point", "coordinates": [ 100.8530238, 13.7414796 ] } },
{ "type": "Feature", "properties": { "name": "โรงเรียนวัดใหม่กระทุ่มล้ม", "type": "School", "lon": 100.8724172, "lat": 13.7805221, "district_id": 28, "row": 365, "col": 954 }, "geometry": { "type": "Point", "coordinates": [ 100.8724172, 13.7805221 ] } },
{ "type": "Feature", "properties": { "name": "สถานีตำรวจภูธรคลองด่าน", "type": "Police", "lon": 100.8358801, "lat": 13.5023903, "district_id": 0, "row": 829, "col": 893 }, "geometry": { "type": "Point", "coordinates": [ 100.8358801, 13.5023903 ] } },
{ "type": "Feature", "properties": { "name": "ศูนย์บริการสาธารณสุข 46 สาขาขุมทอง", "type": "Hospital", "lon": 100.853358, "lat": 13.70061, "district_id": 25, "row": 498, "col": 922 }, "geometry": { "type": "Point", "coordinates": [ 100.853358, 13.70061 ] } },
{ "type": "Feature", "properties": { "name": "Wat Ratchakosa School", "type": "School", "lon": 100.8512191, "lat": 13.6994891, "district_id": 25, "row": 500, "col": 918 }, "geometry": { "type": "Point", "coordinates": [ 100.8512191, 13.6994891 ] } },
{ "type": "Feature", "properties": { "name": "โรงเรียนวัดบัวโรย (เฉลิมราษฎร์วิทยาคาร)", "type": "School", "lon": 100.8364912, "lat": 13.6541719, "district_id": 0, "row": 576, "col": 894 }, "geometry": { "type": "Point", "coordinates": [ 100.8364912, 13.6541719 ] } },
{ "type": "Feature", "properties": { "name": "Wat Sukhanthawat School", "type": "School", "lon": 100.8600257, "lat": 13.6318659, "district_id": 0, "row": 613, "col": 933 }, "geometry": { "type": "Point", "coordinates": [ 100.8600257, 13.6318659 ] } },
{ "type": "Feature", "properties": { "name": "โรงเรียนเบญจวรรณศึกษา", "type": "School", "lon": 100.5218618, "lat": 13.7035571, "district_id": 42, "row": 494, "col": 369 }, "geometry": { "type": "Point", "coordinates": [ 100.5218618, 13.7035571 ] } },
{ "type": "Feature", "properties": { "name": "Thonburi Commercial College", "type": "University", "lon": 100.4594396, "lat": 13.7376081, "district_id": 31, "row": 437, "col": 265 }, "geometry": { "type": "Point", "coordinates": [ 100.4594396, 13.7376081 ] } },
{ "type": "Feature", "properties": { "name": "โรงเรียนวัดหงส์รัตนารามราชวรวิหาร", "type": "School", "lon": 100.4867876, "lat": 13.7403776, "district_id": 12, "row": 432, "col": 311 }, "geometry": { "type": "Point", "coordinates": [ 100.4867876, 13.7403776 ] } },
{ "type": "Feature", "properties": { "name": "Watbangnampuengnai School", "type": "School", "lon": 100.5746597, "lat": 13.6815051, "district_id": 0, "row": 530, "col": 457 }, "geometry": { "type": "Point", "coordinates": [ 100.5746597, 13.6815051 ] } },
{ "type": "Feature", "properties": { "name": "โรงเรียนนวมินทราชินูทิศ สตรีวิทยา พุทธมณฑล", "type": "School", "lon": 100.3558757, "lat": 13.7733105, "district_id": 45, "row": 377, "col": 93 }, "geometry": { "type": "Point", "coordinates": [ 100.3558757, 13.7733105 ] } },
{ "type": "Feature", "properties": { "name": "Amnuay Slipa School", "type": "School", "lon": 100.5277483, "lat": 13.7600483, "district_id": 38, "row": 399, "col": 379 }, "geometry": { "type": "Point", "coordinates": [ 100.5277483, 13.7600483 ] } },
{ "type": "Feature", "properties": { "name": "Phaya Thai School", "type": "School", "lon": 100.5288628, "lat": 13.7595524, "district_id": 38, "row": 400, "col": 381 }, "geometry": { "type": "Point", "coordinates": [ 100.5288628, 13.7595524 ] } },
{ "type": "Feature", "properties": { "name": "Dusit Metropolitan Police Station", "type": "Police", "lon": 100.5208723, "lat": 13.7774699, "district_id": 18, "row": 370, "col": 368 }, "geometry": { "type": "Point", "coordinates": [ 100.5208723, 13.7774699 ] } },
{ "type": "Feature", "properties": { "name": "โรงเรียนมาเรียลัย แผนกอนุบาล", "type": "School", "lon": 100.7952957, "lat": 13.7244019, "district_id": 25, "row": 459, "col": 825 }, "geometry": { "type": "Point", "coordinates": [ 100.7952957, 13.7244019 ] } },
{ "type": "Feature", "properties": { "name": "Karuna Phithak Hospital", "type": "Hospital", "lon": 100.5451179, "lat": 13.7087473, "district_id": 50, "row": 485, "col": 408 }, "geometry": { "type": "Point", "coordinates": [ 100.5451179, 13.7087473 ] } },
{ "type": "Feature", "properties": { "name": "โรงเรียนทวีธาภิเศกบางขุนเทียน", "type": "School", "lon": 100.4205518, "lat": 13.5822135, "district_id": 6, "row": 696, "col": 200 }, "geometry": { "type": "Point", "coordinates": [ 100.4205518, 13.5822135 ] } },
{ "type": "Feature", "properties": { "name": "Wat Bang Nam Chon School", "type": "School", "lon": 100.4908238, "lat": 13.7042415, "district_id": 46, "row": 492, "col": 318 }, "geometry": { "type": "Point", "coordinates": [ 100.4908238, 13.7042415 ] } },
{ "type": "Feature", "properties": { "name": "ตลาดน้อยคลินิค", "type": "Clinic", "lon": 100.5131195, "lat": 13.7335538, "district_id": 40, "row": 444, "col": 355 }, "geometry": { "type": "Point", "coordinates": [ 100.5131195, 13.7335538 ] } },
{ "type": "Feature", "properties": { "name": "Bangkhunthian Geriatric Hospital", "type": "Hospital", "lon": 100.4236946, "lat": 13.5725146, "district_id": 6, "row": 712, "col": 206 }, "geometry": { "type": "Point", "coordinates": [ 100.4236946, 13.5725146 ] } },
{ "type": "Feature", "properties": { "name": "Wat Khan Lat School", "type": "School", "lon": 100.541402, "lat": 13.6649853, "district_id": 0, "row": 558, "col": 402 }, "geometry": { "type": "Point", "coordinates": [ 100.541402, 13.6649853 ] } },
{ "type": "Feature", "properties": { "name": "โรงพยาบาลส่งเสริมสุขภาพตำบล ทรงคนอง", "type": "Clinic", "lon": 100.5413749, "lat": 13.6654141, "district_id": 0, "row": 557, "col": 402 }, "geometry": { "type": "Point", "coordinates": [ 100.5413749, 13.6654141 ] } },
{ "type": "Feature", "properties": { "name": "Wat Pracha Bamrung School", "type": "School", "lon": 100.4409121, "lat": 13.569463, "district_id": 6, "row": 717, "col": 234 }, "geometry": { "type": "Point", "coordinates": [ 100.4409121, 13.569463 ] } },
{ "type": "Feature", "properties": { "name": "Baansanfun Kindergarten", "type": "School", "lon": 100.5467803, "lat": 13.7154276, "district_id": 50, "row": 474, "col": 411 }, "geometry": { "type": "Point", "coordinates": [ 100.5467803, 13.7154276 ] } },
{ "type": "Feature", "properties": { "name": "Acacia", "type": "School", "lon": 100.5478361, "lat": 13.7168303, "district_id": 50, "row": 471, "col": 413 }, "geometry": { "type": "Point", "coordinates": [ 100.5478361, 13.7168303 ] } },
{ "type": "Feature", "properties": { "name": "Wat Namdang School", "type": "School", "lon": 100.6508454, "lat": 13.6205783, "district_id": 0, "row": 632, "col": 584 }, "geometry": { "type": "Point", "coordinates": [ 100.6508454, 13.6205783 ] } },
{ "type": "Feature", "properties": { "name": "Tantimedh Home Nursery", "type": "School", "lon": 100.5463005, "lat": 13.712907, "district_id": 50, "row": 478, "col": 410 }, "geometry": { "type": "Point", "coordinates": [ 100.5463005, 13.712907 ] } },
{ "type": "Feature", "properties": { "name": "โรงเรียนหมู่บ้านเกาะโพธิ์", "type": "School", "lon": 100.3897922, "lat": 13.5704171, "district_id": 6, "row": 715, "col": 149 }, "geometry": { "type": "Point", "coordinates": [ 100.3897922, 13.5704171 ] } },
{ "type": "Feature", "properties": { "name": "แซมมี่สหคลีนิก", "type": "Clinic", "lon": 100.4786546, "lat": 13.7783059, "district_id": 8, "row": 369, "col": 297 }, "geometry": { "type": "Point", "coordinates": [ 100.4786546, 13.7783059 ] } },
{ "type": "Feature", "properties": { "name": "Sarasas Witaed Suksa School", "type": "School", "lon": 100.5079397, "lat": 13.5992003, "district_id": 47, "row": 667, "col": 346 }, "geometry": { "type": "Point", "coordinates": [ 100.5079397, 13.5992003 ] } },
{ "type": "Feature", "properties": { "name": "โรงเรียนวัดทุ่งครุ (พึ่งสายอนุสรณ์)", "type": "School", "lon": 100.5120573, "lat": 13.6193012, "district_id": 47, "row": 634, "col": 353 }, "geometry": { "type": "Point", "coordinates": [ 100.5120573, 13.6193012 ] } },
{ "type": "Feature", "properties": { "name": "Islamic College of Thailand", "type": "University", "lon": 100.50299, "lat": 13.6383138, "district_id": 47, "row": 602, "col": 338 }, "geometry": { "type": "Point", "coordinates": [ 100.50299, 13.6383138 ] } },
{ "type": "Feature", "properties": { "name": "สถานีดับเพลิงและกู้ภัยทุ่งครุ", "type": "Fire station", "lon": 100.5082683, "lat": 13.6112874, "district_id": 47, "row": 647, "col": 347 }, "geometry": { "type": "Point", "coordinates": [ 100.5082683, 13.6112874 ] } },
{ "type": "Feature", "properties": { "name": "Princ Hospital Suvarnabhumi", "type": "Hospital", "lon": 100.6660695, "lat": 13.6569727, "district_id": 0, "row": 571, "col": 610 }, "geometry": { "type": "Point", "coordinates": [ 100.6660695, 13.6569727 ] } },
{ "type": "Feature", "properties": { "name": "โรงเรียนนานาชาติรอยส์รอยัล", "type": "School", "lon": 100.4529716, "lat": 13.6312403, "district_id": 6, "row": 614, "col": 254 }, "geometry": { "type": "Point", "coordinates": [ 100.4529716, 13.6312403 ] } },
{ "type": "Feature", "properties": { "name": "Sarasas Witaed Suksa School (IEP)", "type": "School", "lon": 100.5031418, "lat": 13.6051755, "district_id": 47, "row": 658, "col": 338 }, "geometry": { "type": "Point", "coordinates": [ 100.5031418, 13.6051755 ] } },
{ "type": "Feature", "properties": { "name": "โรงเรียนสารสาสน์ประชาอุทิศพิทยาคาร", "type": "School", "lon": 100.5063957, "lat": 13.6056629, "district_id": 47, "row": 657, "col": 343 }, "geometry": { "type": "Point", "coordinates": [ 100.5063957, 13.6056629 ] } },
{ "type": "Feature", "properties": { "name": "วิทยาลัยเทคโนโลยีสารสาสน์", "type": "University", "lon": 100.5053588, "lat": 13.605737, "district_id": 47, "row": 657, "col": 342 }, "geometry": { "type": "Point", "coordinates": [ 100.5053588, 13.605737 ] } },
{ "type": "Feature", "properties": { "name": "ศูนย์บริการสาธารณสุข 59 ทุ่งครุ", "type": "Hospital", "lon": 100.506519, "lat": 13.6072325, "district_id": 47, "row": 654, "col": 344 }, "geometry": { "type": "Point", "coordinates": [ 100.506519, 13.6072325 ] } },
{ "type": "Feature", "properties": { "name": "โรงเรียนสิริวุฒิวิทยา", "type": "School", "lon": 100.6112734, "lat": 13.6352797, "district_id": 0, "row": 607, "col": 518 }, "geometry": { "type": "Point", "coordinates": [ 100.6112734, 13.6352797 ] } },
{ "type": "Feature", "properties": { "name": "Buranasuksa School", "type": "School", "lon": 100.5016765, "lat": 13.6241483, "district_id": 47, "row": 626, "col": 336 }, "geometry": { "type": "Point", "coordinates": [ 100.5016765, 13.6241483 ] } },
{ "type": "Feature", "properties": { "name": "Wat Taklam School", "type": "School", "lon": 100.6652893, "lat": 13.6766157, "district_id": 36, "row": 538, "col": 608 }, "geometry": { "type": "Point", "coordinates": [ 100.6652893, 13.6766157 ] } },
{ "type": "Feature", "properties": { "name": "Storytime Preschool", "type": "School", "lon": 100.5542118, "lat": 13.7362001, "district_id": 23, "row": 439, "col": 423 }, "geometry": { "type": "Point", "coordinates": [ 100.5542118, 13.7362001 ] } },
{ "type": "Feature", "properties": { "name": "College of music", "type": "University", "lon": 100.3239709, "lat": 13.7889454, "district_id": 0, "row": 351, "col": 39 }, "geometry": { "type": "Point", "coordinates": [ 100.3239709, 13.7889454 ] } },
{ "type": "Feature", "properties": { "name": "Mahidol University International Demonstration School", "type": "School", "lon": 100.3233928, "lat": 13.8001604, "district_id": 0, "row": 333, "col": 38 }, "geometry": { "type": "Point", "coordinates": [ 100.3233928, 13.8001604 ] } },
{ "type": "Feature", "properties": { "name": "โรงเรียนสตรีวัดมหาพฤฒาราม", "type": "School", "lon": 100.5162486, "lat": 13.732024, "district_id": 9, "row": 446, "col": 360 }, "geometry": { "type": "Point", "coordinates": [ 100.5162486, 13.732024 ] } },
{ "type": "Feature", "properties": { "name": "โรงเรียนอนุบาล เคหะบางพลี", "type": "School", "lon": 100.79437, "lat": 13.5779477, "district_id": 0, "row": 703, "col": 823 }, "geometry": { "type": "Point", "coordinates": [ 100.79437, 13.5779477 ] } },
{ "type": "Feature", "properties": { "name": "La Petite Ecole Bangkok", "type": "School", "lon": 100.5487086, "lat": 13.7137146, "district_id": 50, "row": 477, "col": 414 }, "geometry": { "type": "Point", "coordinates": [ 100.5487086, 13.7137146 ] } },
{ "type": "Feature", "properties": { "name": "D-PREP International school (Secondary Campus)", "type": "School", "lon": 100.6850199, "lat": 13.6448355, "district_id": 0, "row": 591, "col": 641 }, "geometry": { "type": "Point", "coordinates": [ 100.6850199, 13.6448355 ] } },
{ "type": "Feature", "properties": { "name": "โรงเรียนเทศบาลปลายบางวัดโบสถ์", "type": "School", "lon": 100.4252545, "lat": 13.8354397, "district_id": 0, "row": 274, "col": 208 }, "geometry": { "type": "Point", "coordinates": [ 100.4252545, 13.8354397 ] } },
{ "type": "Feature", "properties": { "name": "บุษยาคลินิกการแพทย์แผนไทย", "type": "Clinic", "lon": 100.4696698, "lat": 13.7409939, "district_id": 12, "row": 431, "col": 282 }, "geometry": { "type": "Point", "coordinates": [ 100.4696698, 13.7409939 ] } },
{ "type": "Feature", "properties": { "name": "Navamindradhiraj University", "type": "University", "lon": 100.5051751, "lat": 13.7810271, "district_id": 18, "row": 364, "col": 341 }, "geometry": { "type": "Point", "coordinates": [ 100.5051751, 13.7810271 ] } },
{ "type": "Feature", "properties": { "name": "โรงเรียนวัดจันทรสโมสร", "type": "School", "lon": 100.5153066, "lat": 13.7910503, "district_id": 18, "row": 348, "col": 358 }, "geometry": { "type": "Point", "coordinates": [ 100.5153066, 13.7910503 ] } },
{ "type": "Feature", "properties": { "name": "โรงพยาบาลการไฟฟ้านครหลวง", "type": "Hospital", "lon": 100.5096209, "lat": 13.7870006, "district_id": 18, "row": 354, "col": 349 }, "geometry": { "type": "Point", "coordinates": [ 100.5096209, 13.7870006 ] } },
{ "type": "Feature", "properties": { "name": "โรงเรียนอนุบาลเธียรประสิทธิ์ศาสตร์", "type": "School", "lon": 100.5434126, "lat": 13.7242644, "district_id": 42, "row": 459, "col": 405 }, "geometry": { "type": "Point", "coordinates": [ 100.5434126, 13.7242644 ] } },
{ "type": "Feature", "properties": { "name": "โรงเรียนวัดพุทธบูชา", "type": "School", "lon": 100.4752534, "lat": 13.6509251, "district_id": 47, "row": 581, "col": 292 }, "geometry": { "type": "Point", "coordinates": [ 100.4752534, 13.6509251 ] } },
{ "type": "Feature", "properties": { "name": "Wachirathamsatit School", "type": "School", "lon": 100.6333679, "lat": 13.6916254, "district_id": 33, "row": 513, "col": 555 }, "geometry": { "type": "Point", "coordinates": [ 100.6333679, 13.6916254 ] } },
{ "type": "Feature", "properties": { "name": "โรงเรียนสุวิทย์เสรีอนุสรณ์", "type": "School", "lon": 100.6619587, "lat": 13.7087008, "district_id": 36, "row": 485, "col": 603 }, "geometry": { "type": "Point", "coordinates": [ 100.6619587, 13.7087008 ] } },
{ "type": "Feature", "properties": { "name": "โรงเรียนผะดุงศิษย์พิทยา", "type": "School", "lon": 100.5344145, "lat": 13.804309, "district_id": 10, "row": 326, "col": 390 }, "geometry": { "type": "Point", "coordinates": [ 100.5344145, 13.804309 ] } },
{ "type": "Feature", "properties": { "name": "Bang Khun Thian Police Station", "type": "Police", "lon": 100.4447304, "lat": 13.6858286, "district_id": 15, "row": 523, "col": 241 }, "geometry": { "type": "Point", "coordinates": [ 100.4447304, 13.6858286 ] } },
{ "type": "Feature", "properties": { "name": "วิทยาลัยเทคโนโลยีปทีปพลีผล", "type": "University", "lon": 100.4388837, "lat": 13.6074232, "district_id": 6, "row": 654, "col": 231 }, "geometry": { "type": "Point", "coordinates": [ 100.4388837, 13.6074232 ] } },
{ "type": "Feature", "properties": { "name": "โรงเรียนวัดราษฎร์บำรุง", "type": "School", "lon": 100.3796468, "lat": 13.7014645, "district_id": 3, "row": 497, "col": 132 }, "geometry": { "type": "Point", "coordinates": [ 100.3796468, 13.7014645 ] } },
{ "type": "Feature", "properties": { "name": "โรงเรียนวัดสาขลา", "type": "School", "lon": 100.5006157, "lat": 13.5460404, "district_id": 0, "row": 756, "col": 334 }, "geometry": { "type": "Point", "coordinates": [ 100.5006157, 13.5460404 ] } },
{ "type": "Feature", "properties": { "name": "Wat Kamphaeng School", "type": "School", "lon": 100.4464641, "lat": 13.6789721, "district_id": 6, "row": 535, "col": 244 }, "geometry": { "type": "Point", "coordinates": [ 100.4464641, 13.6789721 ] } },
{ "type": "Feature", "properties": { "name": "โรงเรียนฝึกอาชีพกรุงเทพมหานคร", "type": "School", "lon": 100.5566807, "lat": 13.7686862, "district_id": 16, "row": 385, "col": 427 }, "geometry": { "type": "Point", "coordinates": [ 100.5566807, 13.7686862 ] } },
{ "type": "Feature", "properties": { "name": "Wichakorn School Bangkok", "type": "School", "lon": 100.5550167, "lat": 13.7677259, "district_id": 16, "row": 387, "col": 425 }, "geometry": { "type": "Point", "coordinates": [ 100.5550167, 13.7677259 ] } },
{ "type": "Feature", "properties": { "name": "Wichutit School", "type": "School", "lon": 100.5562066, "lat": 13.7676414, "district_id": 16, "row": 387, "col": 427 }, "geometry": { "type": "Point", "coordinates": [ 100.5562066, 13.7676414 ] } },
{ "type": "Feature", "properties": { "name": "ศูนย์บริการสาธารณสุข 4 ดินแดง", "type": "Hospital", "lon": 100.5580188, "lat": 13.7698175, "district_id": 16, "row": 383, "col": 430 }, "geometry": { "type": "Point", "coordinates": [ 100.5580188, 13.7698175 ] } },
{ "type": "Feature", "properties": { "name": "ศูนย์ปฏิบัติการตำรวจชุมชนเคหะดินแดง 2", "type": "Police", "lon": 100.5548345, "lat": 13.7657163, "district_id": 16, "row": 390, "col": 424 }, "geometry": { "type": "Point", "coordinates": [ 100.5548345, 13.7657163 ] } },
{ "type": "Feature", "properties": { "name": "สถานีตำรวจนครบาลดินแดง", "type": "Police", "lon": 100.5569668, "lat": 13.7715941, "district_id": 16, "row": 380, "col": 428 }, "geometry": { "type": "Point", "coordinates": [ 100.5569668, 13.7715941 ] } },
{ "type": "Feature", "properties": { "name": "กองบังคับการตำรวจนครบาล 9", "type": "Police", "lon": 100.4583875, "lat": 13.6694799, "district_id": 15, "row": 550, "col": 263 }, "geometry": { "type": "Point", "coordinates": [ 100.4583875, 13.6694799 ] } },
{ "type": "Feature", "properties": { "name": "โรงเรียนวัดโพธิ์ทอง", "type": "School", "lon": 100.4778084, "lat": 13.6685088, "district_id": 15, "row": 552, "col": 296 }, "geometry": { "type": "Point", "coordinates": [ 100.4778084, 13.6685088 ] } },
{ "type": "Feature", "properties": { "name": "โรงเรียนวัดเลา", "type": "School", "lon": 100.4473469, "lat": 13.6660361, "district_id": 6, "row": 556, "col": 245 }, "geometry": { "type": "Point", "coordinates": [ 100.4473469, 13.6660361 ] } },
{ "type": "Feature", "properties": { "name": "Chindasukas School", "type": "School", "lon": 100.4555882, "lat": 13.6738706, "district_id": 15, "row": 543, "col": 259 }, "geometry": { "type": "Point", "coordinates": [ 100.4555882, 13.6738706 ] } },
{ "type": "Feature", "properties": { "name": "Bang Mot Metro Police Station", "type": "Police", "lon": 100.4550715, "lat": 13.67385, "district_id": 15, "row": 543, "col": 258 }, "geometry": { "type": "Point", "coordinates": [ 100.4550715, 13.67385 ] } },
{ "type": "Feature", "properties": { "name": "Wathuakrabeu School", "type": "School", "lon": 100.449533, "lat": 13.6199226, "district_id": 6, "row": 633, "col": 249 }, "geometry": { "type": "Point", "coordinates": [ 100.449533, 13.6199226 ] } },
{ "type": "Feature", "properties": { "name": "Samakeebumroong School", "type": "School", "lon": 100.5569482, "lat": 13.7669516, "district_id": 16, "row": 388, "col": 428 }, "geometry": { "type": "Point", "coordinates": [ 100.5569482, 13.7669516 ] } },
{ "type": "Feature", "properties": { "name": "โรงเรียนเตรียมอุดมศึกษาพัฒนาการสุวรรณภูมิ", "type": "School", "lon": 100.7649129, "lat": 13.7778163, "district_id": 25, "row": 370, "col": 774 }, "geometry": { "type": "Point", "coordinates": [ 100.7649129, 13.7778163 ] } },
{ "type": "Feature", "properties": { "name": "Rajanukul Institute", "type": "Hospital", "lon": 100.5541756, "lat": 13.762087, "district_id": 16, "row": 396, "col": 423 }, "geometry": { "type": "Point", "coordinates": [ 100.5541756, 13.762087 ] } },
{ "type": "Feature", "properties": { "name": "วิทยาลัยอาชีวศึกษาเทคนิควิทยา", "type": "University", "lon": 100.5583055, "lat": 13.7643676, "district_id": 16, "row": 392, "col": 430 }, "geometry": { "type": "Point", "coordinates": [ 100.5583055, 13.7643676 ] } },
{ "type": "Feature", "properties": { "name": "สุทธิพรการแพทย์", "type": "Clinic", "lon": 100.5564654, "lat": 13.7618711, "district_id": 16, "row": 396, "col": 427 }, "geometry": { "type": "Point", "coordinates": [ 100.5564654, 13.7618711 ] } },
{ "type": "Feature", "properties": { "name": "Chamnong Commercial Voational College", "type": "University", "lon": 100.5607482, "lat": 13.7691378, "district_id": 16, "row": 384, "col": 434 }, "geometry": { "type": "Point", "coordinates": [ 100.5607482, 13.7691378 ] } },
{ "type": "Feature", "properties": { "name": "Wat Dusidaram Secondary School", "type": "School", "lon": 100.4890329, "lat": 13.7632012, "district_id": 11, "row": 394, "col": 315 }, "geometry": { "type": "Point", "coordinates": [ 100.4890329, 13.7632012 ] } },
{ "type": "Feature", "properties": { "name": "College of Fine Arts", "type": "University", "lon": 100.7894563, "lat": 13.7266515, "district_id": 25, "row": 455, "col": 815 }, "geometry": { "type": "Point", "coordinates": [ 100.7894563, 13.7266515 ] } },
{ "type": "Feature", "properties": { "name": "Protpittayapayat School", "type": "School", "lon": 100.7859136, "lat": 13.7262495, "district_id": 25, "row": 456, "col": 809 }, "geometry": { "type": "Point", "coordinates": [ 100.7859136, 13.7262495 ] } },
{ "type": "Feature", "properties": { "name": "โรงเรียนเชิดเจิมศิลป์", "type": "School", "lon": 100.7856221, "lat": 13.7250051, "district_id": 25, "row": 458, "col": 809 }, "geometry": { "type": "Point", "coordinates": [ 100.7856221, 13.7250051 ] } },
{ "type": "Feature", "properties": { "name": "โรงเรียนโชคชัย", "type": "School", "lon": 100.6275322, "lat": 13.834445, "district_id": 26, "row": 275, "col": 545 }, "geometry": { "type": "Point", "coordinates": [ 100.6275322, 13.834445 ] } },
{ "type": "Feature", "properties": { "name": "บ้านสุขฤดี", "type": "School", "lon": 100.5579586, "lat": 13.7599094, "district_id": 16, "row": 400, "col": 429 }, "geometry": { "type": "Point", "coordinates": [ 100.5579586, 13.7599094 ] } },
{ "type": "Feature", "properties": { "name": "โรงเรียนชุมทางตลิ่งชัน", "type": "School", "lon": 100.4377447, "lat": 13.795782, "district_id": 44, "row": 340, "col": 229 }, "geometry": { "type": "Point", "coordinates": [ 100.4377447, 13.795782 ] } },
{ "type": "Feature", "properties": { "name": "โรงเรียนทีปังกรวิทยาพัฒน์", "type": "School", "lon": 100.4661547, "lat": 13.7918495, "district_id": 44, "row": 346, "col": 276 }, "geometry": { "type": "Point", "coordinates": [ 100.4661547, 13.7918495 ] } },
{ "type": "Feature", "properties": { "name": "ศูนย์สืบนครบาล", "type": "Police", "lon": 100.5263868, "lat": 13.7607136, "district_id": 38, "row": 398, "col": 377 }, "geometry": { "type": "Point", "coordinates": [ 100.5263868, 13.7607136 ] } },
{ "type": "Feature", "properties": { "name": "โรงเรียนอนุบาลสมใจ", "type": "School", "lon": 100.5576961, "lat": 13.7609486, "district_id": 16, "row": 398, "col": 429 }, "geometry": { "type": "Point", "coordinates": [ 100.5576961, 13.7609486 ] } },
{ "type": "Feature", "properties": { "name": "บางกอกทวิวิทย์ แผนกอนุบาล", "type": "School", "lon": 100.5845354, "lat": 13.7703501, "district_id": 19, "row": 382, "col": 474 }, "geometry": { "type": "Point", "coordinates": [ 100.5845354, 13.7703501 ] } },
{ "type": "Feature", "properties": { "name": "บางกอกทวิวิทย์ แผนกประถมศึกษาและมัธยมศึกษา", "type": "School", "lon": 100.58448, "lat": 13.7729032, "district_id": 19, "row": 378, "col": 474 }, "geometry": { "type": "Point", "coordinates": [ 100.58448, 13.7729032 ] } },
{ "type": "Feature", "properties": { "name": "โรงเรียนประชาราษฎร์บำเพ็ญ", "type": "School", "lon": 100.5837779, "lat": 13.7763674, "district_id": 19, "row": 372, "col": 472 }, "geometry": { "type": "Point", "coordinates": [ 100.5837779, 13.7763674 ] } },
{ "type": "Feature", "properties": { "name": "Bangpakokwithayakom School", "type": "School", "lon": 100.4945861, "lat": 13.6835151, "district_id": 37, "row": 527, "col": 324 }, "geometry": { "type": "Point", "coordinates": [ 100.4945861, 13.6835151 ] } },
{ "type": "Feature", "properties": { "name": "โรงเรียนวัดบางปะกอก", "type": "School", "lon": 100.4955908, "lat": 13.6820694, "district_id": 37, "row": 529, "col": 325 }, "geometry": { "type": "Point", "coordinates": [ 100.4955908, 13.6820694 ] } },
{ "type": "Feature", "properties": { "name": "Sarasas Pittaya School", "type": "School", "lon": 100.5306857, "lat": 13.6971176, "district_id": 50, "row": 504, "col": 384 }, "geometry": { "type": "Point", "coordinates": [ 100.5306857, 13.6971176 ] } },
{ "type": "Feature", "properties": { "name": "Sarasas Extra School", "type": "School", "lon": 100.5291912, "lat": 13.6966495, "district_id": 5, "row": 505, "col": 381 }, "geometry": { "type": "Point", "coordinates": [ 100.5291912, 13.6966495 ] } },
{ "type": "Feature", "properties": { "name": "RC International School", "type": "School", "lon": 100.55043, "lat": 13.7391779, "district_id": 30, "row": 434, "col": 417 }, "geometry": { "type": "Point", "coordinates": [ 100.55043, 13.7391779 ] } },
{ "type": "Feature", "properties": { "name": "Central International School", "type": "School", "lon": 100.5694653, "lat": 13.7566008, "district_id": 19, "row": 405, "col": 449 }, "geometry": { "type": "Point", "coordinates": [ 100.5694653, 13.7566008 ] } },
{ "type": "Feature", "properties": { "name": "Kids Kingdom Ruamrudee International Kindergarten School", "type": "School", "lon": 100.5495786, "lat": 13.7374855, "district_id": 30, "row": 437, "col": 415 }, "geometry": { "type": "Point", "coordinates": [ 100.5495786, 13.7374855 ] } },
{ "type": "Feature", "properties": { "name": "โรงเรียนพระมหาไถ่ศึกษา", "type": "School", "lon": 100.5494911, "lat": 13.7354229, "district_id": 30, "row": 440, "col": 415 }, "geometry": { "type": "Point", "coordinates": [ 100.5494911, 13.7354229 ] } },
{ "type": "Feature", "properties": { "name": "มหาวิทยาลัยกรุงเทพธนบุรี", "type": "University", "lon": 100.351813, "lat": 13.7684562, "district_id": 45, "row": 385, "col": 86 }, "geometry": { "type": "Point", "coordinates": [ 100.351813, 13.7684562 ] } },
{ "type": "Feature", "properties": { "name": "Kajonrot Wittaya School", "type": "School", "lon": 100.4984712, "lat": 13.6561999, "district_id": 37, "row": 573, "col": 330 }, "geometry": { "type": "Point", "coordinates": [ 100.4984712, 13.6561999 ] } },
{ "type": "Feature", "properties": { "name": "Samut Prakan Hospital", "type": "Hospital", "lon": 100.5974724, "lat": 13.5846429, "district_id": 0, "row": 692, "col": 495 }, "geometry": { "type": "Point", "coordinates": [ 100.5974724, 13.5846429 ] } },
{ "type": "Feature", "properties": { "name": "Kingpetch School", "type": "School", "lon": 100.526575, "lat": 13.7514532, "district_id": 38, "row": 414, "col": 377 }, "geometry": { "type": "Point", "coordinates": [ 100.526575, 13.7514532 ] } },
{ "type": "Feature", "properties": { "name": "โรงเรียนคลองทรงกระเทียม", "type": "School", "lon": 100.6129428, "lat": 13.8008803, "district_id": 26, "row": 331, "col": 521 }, "geometry": { "type": "Point", "coordinates": [ 100.6129428, 13.8008803 ] } },
{ "type": "Feature", "properties": { "name": "P'tibouts Jardin D'enfants", "type": "School", "lon": 100.5484655, "lat": 13.7189498, "district_id": 42, "row": 468, "col": 414 }, "geometry": { "type": "Point", "coordinates": [ 100.5484655, 13.7189498 ] } },
{ "type": "Feature", "properties": { "name": "Sarasas Suksawad School", "type": "School", "lon": 100.4834218, "lat": 13.6681842, "district_id": 37, "row": 553, "col": 305 }, "geometry": { "type": "Point", "coordinates": [ 100.4834218, 13.6681842 ] } },
{ "type": "Feature", "properties": { "name": "Kunyabut Massage", "type": "Clinic", "lon": 100.5798347, "lat": 13.8629108, "district_id": 24, "row": 228, "col": 466 }, "geometry": { "type": "Point", "coordinates": [ 100.5798347, 13.8629108 ] } },
{ "type": "Feature", "properties": { "name": "Bangkhen Primary School", "type": "School", "lon": 100.5673556, "lat": 13.8607846, "district_id": 24, "row": 232, "col": 445 }, "geometry": { "type": "Point", "coordinates": [ 100.5673556, 13.8607846 ] } },
{ "type": "Feature", "properties": { "name": "Thonburi University", "type": "University", "lon": 100.3485594, "lat": 13.7163977, "district_id": 29, "row": 472, "col": 80 }, "geometry": { "type": "Point", "coordinates": [ 100.3485594, 13.7163977 ] } },
{ "type": "Feature", "properties": { "name": "Assumption College Thonburi", "type": "School", "lon": 100.3702987, "lat": 13.7336121, "district_id": 3, "row": 443, "col": 117 }, "geometry": { "type": "Point", "coordinates": [ 100.3702987, 13.7336121 ] } },
{ "type": "Feature", "properties": { "name": "โรงเรียนสิริเบญญาลัย", "type": "School", "lon": 100.5623126, "lat": 13.6341301, "district_id": 0, "row": 609, "col": 437 }, "geometry": { "type": "Point", "coordinates": [ 100.5623126, 13.6341301 ] } },
{ "type": "Feature", "properties": { "name": "อาทิตย์การแพทย์", "type": "Clinic", "lon": 100.5572849, "lat": 13.736412, "district_id": 23, "row": 439, "col": 428 }, "geometry": { "type": "Point", "coordinates": [ 100.5572849, 13.736412 ] } },
{ "type": "Feature", "properties": { "name": "Chaichimpleewittayakom School", "type": "School", "lon": 100.4333142, "lat": 13.7354734, "district_id": 31, "row": 440, "col": 222 }, "geometry": { "type": "Point", "coordinates": [ 100.4333142, 13.7354734 ] } },
{ "type": "Feature", "properties": { "name": "Or Ngern School", "type": "School", "lon": 100.6651386, "lat": 13.9039005, "district_id": 39, "row": 160, "col": 608 }, "geometry": { "type": "Point", "coordinates": [ 100.6651386, 13.9039005 ] } },
{ "type": "Feature", "properties": { "name": "Watamarintraram School", "type": "School", "lon": 100.4832263, "lat": 13.7590298, "district_id": 11, "row": 401, "col": 305 }, "geometry": { "type": "Point", "coordinates": [ 100.4832263, 13.7590298 ] } },
{ "type": "Feature", "properties": { "name": "Matthayom Watnairong School", "type": "School", "lon": 100.4722972, "lat": 13.7753547, "district_id": 11, "row": 374, "col": 287 }, "geometry": { "type": "Point", "coordinates": [ 100.4722972, 13.7753547 ] } },
{ "type": "Feature", "properties": { "name": "(unnamed)", "type": "School", "lon": 100.5737099, "lat": 13.7971032, "district_id": 16, "row": 338, "col": 456 }, "geometry": { "type": "Point", "coordinates": [ 100.5737099, 13.7971032 ] } },
{ "type": "Feature", "properties": { "name": "โรงเรียนวัดนาคกลาง", "type": "School", "lon": 100.4840595, "lat": 13.7458123, "district_id": 12, "row": 423, "col": 306 }, "geometry": { "type": "Point", "coordinates": [ 100.4840595, 13.7458123 ] } },
{ "type": "Feature", "properties": { "name": "Sacred Heart Convent School", "type": "School", "lon": 100.5563001, "lat": 13.7181034, "district_id": 23, "row": 469, "col": 427 }, "geometry": { "type": "Point", "coordinates": [ 100.5563001, 13.7181034 ] } },
{ "type": "Feature", "properties": { "name": "โรงเรียนอินทรัมพรรย์อนุสรณ์", "type": "School", "lon": 100.6116143, "lat": 13.6317377, "district_id": 0, "row": 613, "col": 519 }, "geometry": { "type": "Point", "coordinates": [ 100.6116143, 13.6317377 ] } },
{ "type": "Feature", "properties": { "name": "โรงเรียนเทพศิรินทร์ สมุทรปราการ", "type": "School", "lon": 100.6113817, "lat": 13.6306987, "district_id": 0, "row": 615, "col": 518 }, "geometry": { "type": "Point", "coordinates": [ 100.6113817, 13.6306987 ] } },
{ "type": "Feature", "properties": { "name": "Wat Koh Suwanaram School", "type": "School", "lon": 100.6339173, "lat": 13.9081184, "district_id": 39, "row": 153, "col": 556 }, "geometry": { "type": "Point", "coordinates": [ 100.6339173, 13.9081184 ] } },
{ "type": "Feature", "properties": { "name": "Early Years", "type": "School", "lon": 100.5588285, "lat": 13.7341121, "district_id": 23, "row": 443, "col": 431 }, "geometry": { "type": "Point", "coordinates": [ 100.5588285, 13.7341121 ] } },
{ "type": "Feature", "properties": { "name": "โรงเรียนวัดบางพลัด (ป.สุวณโณ)", "type": "School", "lon": 100.4985327, "lat": 13.7927521, "district_id": 8, "row": 345, "col": 330 }, "geometry": { "type": "Point", "coordinates": [ 100.4985327, 13.7927521 ] } },
{ "type": "Feature", "properties": { "name": "Watarwutvikasitaram School", "type": "School", "lon": 100.5062731, "lat": 13.7903598, "district_id": 8, "row": 349, "col": 343 }, "geometry": { "type": "Point", "coordinates": [ 100.5062731, 13.7903598 ] } },
{ "type": "Feature", "properties": { "name": "โรงเรียนวัดเทพากร (เลี่ยมมาตุทิศ)", "type": "School", "lon": 100.5027715, "lat": 13.7866028, "district_id": 8, "row": 355, "col": 337 }, "geometry": { "type": "Point", "coordinates": [ 100.5027715, 13.7866028 ] } },
{ "type": "Feature", "properties": { "name": "Watkharuehabodi (Chantharasathit) School", "type": "School", "lon": 100.4966556, "lat": 13.7723688, "district_id": 8, "row": 379, "col": 327 }, "geometry": { "type": "Point", "coordinates": [ 100.4966556, 13.7723688 ] } },
{ "type": "Feature", "properties": { "name": "Wat Borwornmongkol School", "type": "School", "lon": 100.4937987, "lat": 13.7767622, "district_id": 8, "row": 372, "col": 322 }, "geometry": { "type": "Point", "coordinates": [ 100.4937987, 13.7767622 ] } },
{ "type": "Feature", "properties": { "name": "Watprayasiriaisawan School", "type": "School", "lon": 100.493258, "lat": 13.7690877, "district_id": 8, "row": 384, "col": 322 }, "geometry": { "type": "Point", "coordinates": [ 100.493258, 13.7690877 ] } },
{ "type": "Feature", "properties": { "name": "Wat Pao Rohit School", "type": "School", "lon": 100.4952572, "lat": 13.780321, "district_id": 8, "row": 366, "col": 325 }, "geometry": { "type": "Point", "coordinates": [ 100.4952572, 13.780321 ] } },
{ "type": "Feature", "properties": { "name": "Khemasiri Memorial School", "type": "School", "lon": 100.4975939, "lat": 13.7822061, "district_id": 8, "row": 362, "col": 329 }, "geometry": { "type": "Point", "coordinates": [ 100.4975939, 13.7822061 ] } },
{ "type": "Feature", "properties": { "name": "International Pioneers School", "type": "School", "lon": 100.5007026, "lat": 13.7224705, "district_id": 22, "row": 462, "col": 334 }, "geometry": { "type": "Point", "coordinates": [ 100.5007026, 13.7224705 ] } },
{ "type": "Feature", "properties": { "name": "Matthayom Wat Suttharam School", "type": "School", "lon": 100.4947648, "lat": 13.7128122, "district_id": 22, "row": 478, "col": 324 }, "geometry": { "type": "Point", "coordinates": [ 100.4947648, 13.7128122 ] } },
{ "type": "Feature", "properties": { "name": "ศูนย์บริการสาธารณะสุข 3 บางซื่อ", "type": "Hospital", "lon": 100.5339465, "lat": 13.8023582, "district_id": 10, "row": 329, "col": 389 }, "geometry": { "type": "Point", "coordinates": [ 100.5339465, 13.8023582 ] } },
{ "type": "Feature", "properties": { "name": "Chandrakasem Rajabhat University", "type": "University", "lon": 100.5774864, "lat": 13.8201014, "district_id": 14, "row": 299, "col": 462 }, "geometry": { "type": "Point", "coordinates": [ 100.5774864, 13.8201014 ] } },
{ "type": "Feature", "properties": { "name": "Wat Kanlayanamit School", "type": "School", "lon": 100.4923092, "lat": 13.7402416, "district_id": 46, "row": 432, "col": 320 }, "geometry": { "type": "Point", "coordinates": [ 100.4923092, 13.7402416 ] } },
{ "type": "Feature", "properties": { "name": "Santa Cruz Convent School", "type": "School", "lon": 100.4938734, "lat": 13.7375482, "district_id": 46, "row": 437, "col": 323 }, "geometry": { "type": "Point", "coordinates": [ 100.4938734, 13.7375482 ] } },
{ "type": "Feature", "properties": { "name": "โรงเรียนวัดประดิษฐาราม", "type": "School", "lon": 100.4875759, "lat": 13.7343938, "district_id": 46, "row": 442, "col": 312 }, "geometry": { "type": "Point", "coordinates": [ 100.4875759, 13.7343938 ] } },
{ "type": "Feature", "properties": { "name": "ศูนย์บริการสาธารณสุข 55", "type": "Clinic", "lon": 100.54826, "lat": 13.6824859, "district_id": 50, "row": 529, "col": 413 }, "geometry": { "type": "Point", "coordinates": [ 100.54826, 13.6824859 ] } },
{ "type": "Feature", "properties": { "name": "โรงเรียนวัดคลองภูมิ", "type": "School", "lon": 100.548592, "lat": 13.6806936, "district_id": 50, "row": 532, "col": 414 }, "geometry": { "type": "Point", "coordinates": [ 100.548592, 13.6806936 ] } },
{ "type": "Feature", "properties": { "name": "Wat Intharam School", "type": "School", "lon": 100.4825786, "lat": 13.7227921, "district_id": 46, "row": 462, "col": 304 }, "geometry": { "type": "Point", "coordinates": [ 100.4825786, 13.7227921 ] } },
{ "type": "Feature", "properties": { "name": "Watmaiyainui School", "type": "School", "lon": 100.4690401, "lat": 13.71206, "district_id": 15, "row": 479, "col": 281 }, "geometry": { "type": "Point", "coordinates": [ 100.4690401, 13.71206 ] } },
{ "type": "Feature", "properties": { "name": "Watkunchan School", "type": "School", "lon": 100.4709305, "lat": 13.7197415, "district_id": 46, "row": 467, "col": 284 }, "geometry": { "type": "Point", "coordinates": [ 100.4709305, 13.7197415 ] } },
{ "type": "Feature", "properties": { "name": "Thonbureeworatepeepalaruk School", "type": "School", "lon": 100.4754913, "lat": 13.7213061, "district_id": 46, "row": 464, "col": 292 }, "geometry": { "type": "Point", "coordinates": [ 100.4754913, 13.7213061 ] } },
{ "type": "Feature", "properties": { "name": "Anuban Wat Parinayok School", "type": "School", "lon": 100.5056941, "lat": 13.7576588, "district_id": 34, "row": 403, "col": 342 }, "geometry": { "type": "Point", "coordinates": [ 100.5056941, 13.7576588 ] } },
{ "type": "Feature", "properties": { "name": "Thai & International Food Technological College", "type": "University", "lon": 100.545919, "lat": 13.6755858, "district_id": 50, "row": 540, "col": 409 }, "geometry": { "type": "Point", "coordinates": [ 100.545919, 13.6755858 ] } },
{ "type": "Feature", "properties": { "name": "Wat Dan School", "type": "School", "lon": 100.540733, "lat": 13.6724663, "district_id": 50, "row": 545, "col": 401 }, "geometry": { "type": "Point", "coordinates": [ 100.540733, 13.6724663 ] } },
{ "type": "Feature", "properties": { "name": "(unnamed)", "type": "School", "lon": 100.402463, "lat": 13.7786958, "district_id": 45, "row": 368, "col": 170 }, "geometry": { "type": "Point", "coordinates": [ 100.402463, 13.7786958 ] } },
{ "type": "Feature", "properties": { "name": "Genesis Fertility Center", "type": "Clinic", "lon": 100.5432359, "lat": 13.6739421, "district_id": 50, "row": 543, "col": 405 }, "geometry": { "type": "Point", "coordinates": [ 100.5432359, 13.6739421 ] } },
{ "type": "Feature", "properties": { "name": "โรงเรียนเจ้าพระยาวิทยาคม", "type": "School", "lon": 100.5353647, "lat": 13.6725812, "district_id": 50, "row": 545, "col": 392 }, "geometry": { "type": "Point", "coordinates": [ 100.5353647, 13.6725812 ] } },
{ "type": "Feature", "properties": { "name": "โรงเรียนบ้านขุนสมุทรไทย", "type": "School", "lon": 100.5227703, "lat": 13.5504761, "district_id": 0, "row": 749, "col": 371 }, "geometry": { "type": "Point", "coordinates": [ 100.5227703, 13.5504761 ] } },
{ "type": "Feature", "properties": { "name": "โรงเรียนวัดคลองมอญ (บัญญัติราษฎร์บำรุง)", "type": "School", "lon": 100.4919054, "lat": 13.5859819, "district_id": 0, "row": 690, "col": 319 }, "geometry": { "type": "Point", "coordinates": [ 100.4919054, 13.5859819 ] } },
{ "type": "Feature", "properties": { "name": "Watklongsuan School", "type": "School", "lon": 100.471841, "lat": 13.5803028, "district_id": 0, "row": 699, "col": 286 }, "geometry": { "type": "Point", "coordinates": [ 100.471841, 13.5803028 ] } },
{ "type": "Feature", "properties": { "name": "Watkeamfaoha School", "type": "School", "lon": 100.5477851, "lat": 13.5686952, "district_id": 0, "row": 718, "col": 412 }, "geometry": { "type": "Point", "coordinates": [ 100.5477851, 13.5686952 ] } },
{ "type": "Feature", "properties": { "name": "โรงเรียนสตรีเศรษฐบุตรบำเพ็ญ", "type": "School", "lon": 100.733582, "lat": 13.8139696, "district_id": 27, "row": 310, "col": 722 }, "geometry": { "type": "Point", "coordinates": [ 100.733582, 13.8139696 ] } },
{ "type": "Feature", "properties": { "name": "Phrapradaeng Police Station", "type": "Police", "lon": 100.5336579, "lat": 13.6576957, "district_id": 0, "row": 570, "col": 389 }, "geometry": { "type": "Point", "coordinates": [ 100.5336579, 13.6576957 ] } },
{ "type": "Feature", "properties": { "name": "โรงพยาบาลส่งเสริมสุขภาพตำบล บางกอบัว หมู่ 2", "type": "Clinic", "lon": 100.5760085, "lat": 13.697164, "district_id": 0, "row": 504, "col": 460 }, "geometry": { "type": "Point", "coordinates": [ 100.5760085, 13.697164 ] } },
{ "type": "Feature", "properties": { "name": "โรงเรียนวัดครุนอก  (สาอาจ-ดิษฐเจริญวิทยาคาร)", "type": "School", "lon": 100.5338097, "lat": 13.6374896, "district_id": 0, "row": 604, "col": 389 }, "geometry": { "type": "Point", "coordinates": [ 100.5338097, 13.6374896 ] } },
{ "type": "Feature", "properties": { "name": "Wat Laem School", "type": "School", "lon": 100.537697, "lat": 13.6560306, "district_id": 0, "row": 573, "col": 396 }, "geometry": { "type": "Point", "coordinates": [ 100.537697, 13.6560306 ] } },
{ "type": "Feature", "properties": { "name": "Wat Bangfai School", "type": "School", "lon": 100.5532999, "lat": 13.62168, "district_id": 0, "row": 630, "col": 422 }, "geometry": { "type": "Point", "coordinates": [ 100.5532999, 13.62168 ] } },
{ "type": "Feature", "properties": { "name": "โรงเรียนวัดบางหัวเสือ", "type": "School", "lon": 100.5484355, "lat": 13.6280332, "district_id": 0, "row": 619, "col": 414 }, "geometry": { "type": "Point", "coordinates": [ 100.5484355, 13.6280332 ] } },
{ "type": "Feature", "properties": { "name": "โรงเรียนวัดปุณหังสนาวาส (ทิพย์สมบัติบุญ-ชุ่มอุทิศ)", "type": "School", "lon": 100.5641134, "lat": 13.6544095, "district_id": 0, "row": 575, "col": 440 }, "geometry": { "type": "Point", "coordinates": [ 100.5641134, 13.6544095 ] } },
{ "type": "Feature", "properties": { "name": "Wisutthikasattree School", "type": "School", "lon": 100.5330872, "lat": 13.657907, "district_id": 0, "row": 570, "col": 388 }, "geometry": { "type": "Point", "coordinates": [ 100.5330872, 13.657907 ] } },
{ "type": "Feature", "properties": { "name": "สถานีตำรวจภูธรไทรน้อย", "type": "Police", "lon": 100.3234613, "lat": 13.9828982, "district_id": 0, "row": 28, "col": 39 }, "geometry": { "type": "Point", "coordinates": [ 100.3234613, 13.9828982 ] } },
{ "type": "Feature", "properties": { "name": "Sai Noi Hospital", "type": "Hospital", "lon": 100.3258606, "lat": 13.9819164, "district_id": 0, "row": 30, "col": 43 }, "geometry": { "type": "Point", "coordinates": [ 100.3258606, 13.9819164 ] } },
{ "type": "Feature", "properties": { "name": "โรงเรียนวัดบางกะเจ้ากลาง (ศีลาทิราษฎร์รังสฤษฏ์)", "type": "School", "lon": 100.5569894, "lat": 13.687271, "district_id": 0, "row": 521, "col": 428 }, "geometry": { "type": "Point", "coordinates": [ 100.5569894, 13.687271 ] } },
{ "type": "Feature", "properties": { "name": "(unnamed)", "type": "School", "lon": 100.6069682, "lat": 13.9911659, "district_id": 0, "row": 14, "col": 511 }, "geometry": { "type": "Point", "coordinates": [ 100.6069682, 13.9911659 ] } },
{ "type": "Feature", "properties": { "name": "(unnamed)", "type": "School", "lon": 100.6067202, "lat": 13.9927395, "district_id": 0, "row": 12, "col": 511 }, "geometry": { "type": "Point", "coordinates": [ 100.6067202, 13.9927395 ] } },
{ "type": "Feature", "properties": { "name": "(unnamed)", "type": "School", "lon": 100.6039725, "lat": 13.9943528, "district_id": 0, "row": 9, "col": 506 }, "geometry": { "type": "Point", "coordinates": [ 100.6039725, 13.9943528 ] } },
{ "type": "Feature", "properties": { "name": "Bang Mot Wittaya School", "type": "School", "lon": 100.4651427, "lat": 13.6814687, "district_id": 15, "row": 530, "col": 275 }, "geometry": { "type": "Point", "coordinates": [ 100.4651427, 13.6814687 ] } },
{ "type": "Feature", "properties": { "name": "โรงเรียนแก่นทองอุปถัมภ์", "type": "School", "lon": 100.6525399, "lat": 13.6972751, "district_id": 36, "row": 504, "col": 587 }, "geometry": { "type": "Point", "coordinates": [ 100.6525399, 13.6972751 ] } },
{ "type": "Feature", "properties": { "name": "โรงเรียนวัดแสมดำ", "type": "School", "lon": 100.3859714, "lat": 13.591232, "district_id": 6, "row": 681, "col": 143 }, "geometry": { "type": "Point", "coordinates": [ 100.3859714, 13.591232 ] } },
{ "type": "Feature", "properties": { "name": "โรงเรียนวัดสุขกร", "type": "School", "lon": 100.584429, "lat": 13.6241693, "district_id": 0, "row": 626, "col": 474 }, "geometry": { "type": "Point", "coordinates": [ 100.584429, 13.6241693 ] } },
{ "type": "Feature", "properties": { "name": "โรงเรียนวัดไตรสามัคคี", "type": "School", "lon": 100.5972577, "lat": 13.629517, "district_id": 0, "row": 617, "col": 495 }, "geometry": { "type": "Point", "coordinates": [ 100.5972577, 13.629517 ] } },
{ "type": "Feature", "properties": { "name": "Rajamangala University of Technology Tawan-ok Chakrabongse Bhuwanat", "type": "University", "lon": 100.5568015, "lat": 13.7780567, "district_id": 16, "row": 369, "col": 428 }, "geometry": { "type": "Point", "coordinates": [ 100.5568015, 13.7780567 ] } },
{ "type": "Feature", "properties": { "name": "Watbangpleeyaiklang School", "type": "School", "lon": 100.7033517, "lat": 13.6079727, "district_id": 0, "row": 653, "col": 672 }, "geometry": { "type": "Point", "coordinates": [ 100.7033517, 13.6079727 ] } },
{ "type": "Feature", "properties": { "name": "Bangpleeratbamrung School", "type": "School", "lon": 100.7060148, "lat": 13.6081345, "district_id": 0, "row": 653, "col": 676 }, "geometry": { "type": "Point", "coordinates": [ 100.7060148, 13.6081345 ] } },
{ "type": "Feature", "properties": { "name": "Lertlah School Kanchanapisek Road", "type": "School", "lon": 100.4077243, "lat": 13.674487, "district_id": 1, "row": 542, "col": 179 }, "geometry": { "type": "Point", "coordinates": [ 100.4077243, 13.674487 ] } },
{ "type": "Feature", "properties": { "name": "Siri Clinic", "type": "Clinic", "lon": 100.5583719, "lat": 13.775089, "district_id": 16, "row": 374, "col": 430 }, "geometry": { "type": "Point", "coordinates": [ 100.5583719, 13.775089 ] } },
{ "type": "Feature", "properties": { "name": "National Defence College", "type": "University", "lon": 100.5581923, "lat": 13.7790305, "district_id": 16, "row": 368, "col": 430 }, "geometry": { "type": "Point", "coordinates": [ 100.5581923, 13.7790305 ] } },
{ "type": "Feature", "properties": { "name": "Watbangchalongnok School", "type": "School", "lon": 100.7463795, "lat": 13.6028518, "district_id": 0, "row": 661, "col": 743 }, "geometry": { "type": "Point", "coordinates": [ 100.7463795, 13.6028518 ] } },
{ "type": "Feature", "properties": { "name": "Poolcharoenwittayakom School", "type": "School", "lon": 100.7425679, "lat": 13.6152513, "district_id": 0, "row": 641, "col": 737 }, "geometry": { "type": "Point", "coordinates": [ 100.7425679, 13.6152513 ] } },
{ "type": "Feature", "properties": { "name": "โรงเรียนวัดราษฎร์นิยมธรรม", "type": "School", "lon": 100.732121, "lat": 13.5326225, "district_id": 0, "row": 778, "col": 720 }, "geometry": { "type": "Point", "coordinates": [ 100.732121, 13.5326225 ] } },
{ "type": "Feature", "properties": { "name": "Traimitwitthayalai School", "type": "School", "lon": 100.5139626, "lat": 13.7387255, "district_id": 40, "row": 435, "col": 356 }, "geometry": { "type": "Point", "coordinates": [ 100.5139626, 13.7387255 ] } },
{ "type": "Feature", "properties": { "name": "Mahaweeranuwat School", "type": "School", "lon": 100.5142848, "lat": 13.7381829, "district_id": 40, "row": 436, "col": 357 }, "geometry": { "type": "Point", "coordinates": [ 100.5142848, 13.7381829 ] } },
{ "type": "Feature", "properties": { "name": "Rattanakosin 9 School", "type": "School", "lon": 100.7925556, "lat": 13.5722815, "district_id": 0, "row": 712, "col": 820 }, "geometry": { "type": "Point", "coordinates": [ 100.7925556, 13.5722815 ] } },
{ "type": "Feature", "properties": { "name": "Bodindecha (Sing Singhaseni) Samutprakarn School", "type": "School", "lon": 100.7919421, "lat": 13.5703679, "district_id": 0, "row": 716, "col": 819 }, "geometry": { "type": "Point", "coordinates": [ 100.7919421, 13.5703679 ] } },
{ "type": "Feature", "properties": { "name": "Wat Bang Toei School", "type": "School", "lon": 100.6494704, "lat": 13.8032576, "district_id": 13, "row": 327, "col": 582 }, "geometry": { "type": "Point", "coordinates": [ 100.6494704, 13.8032576 ] } },
{ "type": "Feature", "properties": { "name": "โรงเรียนกองทัพบกอุปถัมภ์ เพชราวุธวิทยา", "type": "School", "lon": 100.5923835, "lat": 13.8458831, "district_id": 4, "row": 256, "col": 487 }, "geometry": { "type": "Point", "coordinates": [ 100.5923835, 13.8458831 ] } },
{ "type": "Feature", "properties": { "name": "Watlatwai School", "type": "School", "lon": 100.7816523, "lat": 13.5414664, "district_id": 0, "row": 764, "col": 802 }, "geometry": { "type": "Point", "coordinates": [ 100.7816523, 13.5414664 ] } },
{ "type": "Feature", "properties": { "name": "Watsrangsok School", "type": "School", "lon": 100.8146464, "lat": 13.5029161, "district_id": 0, "row": 828, "col": 857 }, "geometry": { "type": "Point", "coordinates": [ 100.8146464, 13.5029161 ] } },
{ "type": "Feature", "properties": { "name": "Watbangbo School", "type": "School", "lon": 100.8567968, "lat": 13.5770883, "district_id": 0, "row": 704, "col": 927 }, "geometry": { "type": "Point", "coordinates": [ 100.8567968, 13.5770883 ] } },
{ "type": "Feature", "properties": { "name": "Bangbowitthayakhom School", "type": "School", "lon": 100.8581915, "lat": 13.5780078, "district_id": 0, "row": 703, "col": 930 }, "geometry": { "type": "Point", "coordinates": [ 100.8581915, 13.5780078 ] } },
{ "type": "Feature", "properties": { "name": "Watkohkaew School", "type": "School", "lon": 100.9069504, "lat": 13.6012574, "district_id": 0, "row": 664, "col": 1011 }, "geometry": { "type": "Point", "coordinates": [ 100.9069504, 13.6012574 ] } },
{ "type": "Feature", "properties": { "name": "Watbangpleenoi School", "type": "School", "lon": 100.8986278, "lat": 13.5718044, "district_id": 0, "row": 713, "col": 997 }, "geometry": { "type": "Point", "coordinates": [ 100.8986278, 13.5718044 ] } },
{ "type": "Feature", "properties": { "name": "Watkalong School", "type": "School", "lon": 100.8659718, "lat": 13.6666938, "district_id": 0, "row": 555, "col": 943 }, "geometry": { "type": "Point", "coordinates": [ 100.8659718, 13.6666938 ] } },
{ "type": "Feature", "properties": { "name": "Bangkok Adventist International School", "type": "School", "lon": 100.594536, "lat": 13.7329672, "district_id": 48, "row": 445, "col": 490 }, "geometry": { "type": "Point", "coordinates": [ 100.594536, 13.7329672 ] } },
{ "type": "Feature", "properties": { "name": "Veterans General Hospital", "type": "Hospital", "lon": 100.5514026, "lat": 13.7725788, "district_id": 32, "row": 379, "col": 419 }, "geometry": { "type": "Point", "coordinates": [ 100.5514026, 13.7725788 ] } },
{ "type": "Feature", "properties": { "name": "โรงเรียนนิธิปริญญา", "type": "School", "lon": 100.5470806, "lat": 13.7627635, "district_id": 16, "row": 395, "col": 411 }, "geometry": { "type": "Point", "coordinates": [ 100.5470806, 13.7627635 ] } },
{ "type": "Feature", "properties": { "name": "บ้านเทเรซา", "type": "School", "lon": 100.5637757, "lat": 13.7639395, "district_id": 16, "row": 393, "col": 439 }, "geometry": { "type": "Point", "coordinates": [ 100.5637757, 13.7639395 ] } },
{ "type": "Feature", "properties": { "name": "Promrachrungson School", "type": "School", "lon": 100.3962403, "lat": 13.642185, "district_id": 1, "row": 596, "col": 160 }, "geometry": { "type": "Point", "coordinates": [ 100.3962403, 13.642185 ] } },
{ "type": "Feature", "properties": { "name": "Soi Annex School", "type": "School", "lon": 100.6388709, "lat": 13.9356109, "district_id": 39, "row": 107, "col": 564 }, "geometry": { "type": "Point", "coordinates": [ 100.6388709, 13.9356109 ] } },
{ "type": "Feature", "properties": { "name": "Maple Bear International School", "type": "School", "lon": 100.5490856, "lat": 13.7803615, "district_id": 32, "row": 366, "col": 415 }, "geometry": { "type": "Point", "coordinates": [ 100.5490856, 13.7803615 ] } },
{ "type": "Feature", "properties": { "name": "โรงเรียนอนุบาลเบญจมาศ", "type": "School", "lon": 100.552368, "lat": 13.7864568, "district_id": 32, "row": 355, "col": 420 }, "geometry": { "type": "Point", "coordinates": [ 100.552368, 13.7864568 ] } },
{ "type": "Feature", "properties": { "name": "Plengprasiddhi Sailom Kindergarten", "type": "School", "lon": 100.5495137, "lat": 13.7817427, "district_id": 32, "row": 363, "col": 415 }, "geometry": { "type": "Point", "coordinates": [ 100.5495137, 13.7817427 ] } },
{ "type": "Feature", "properties": { "name": "โรงเรียนกันตะบุตร", "type": "School", "lon": 100.51652, "lat": 13.7887002, "district_id": 18, "row": 352, "col": 360 }, "geometry": { "type": "Point", "coordinates": [ 100.51652, 13.7887002 ] } },
{ "type": "Feature", "properties": { "name": "(unnamed)", "type": "School", "lon": 100.4557882, "lat": 13.6908869, "district_id": 15, "row": 515, "col": 259 }, "geometry": { "type": "Point", "coordinates": [ 100.4557882, 13.6908869 ] } },
{ "type": "Feature", "properties": { "name": "Changakart Amrung School", "type": "School", "lon": 100.5331045, "lat": 13.796804, "district_id": 18, "row": 338, "col": 388 }, "geometry": { "type": "Point", "coordinates": [ 100.5331045, 13.796804 ] } },
{ "type": "Feature", "properties": { "name": "Ratchasuda Institute", "type": "University", "lon": 100.32577, "lat": 13.786706, "district_id": 0, "row": 355, "col": 42 }, "geometry": { "type": "Point", "coordinates": [ 100.32577, 13.786706 ] } },
{ "type": "Feature", "properties": { "name": "โรงเรียนวัดประชาระบือธรรม", "type": "School", "lon": 100.5251325, "lat": 13.7896858, "district_id": 18, "row": 350, "col": 375 }, "geometry": { "type": "Point", "coordinates": [ 100.5251325, 13.7896858 ] } },
{ "type": "Feature", "properties": { "name": "Border Control Police Bureau", "type": "Police", "lon": 100.5452562, "lat": 13.7833198, "district_id": 32, "row": 361, "col": 408 }, "geometry": { "type": "Point", "coordinates": [ 100.5452562, 13.7833198 ] } },
{ "type": "Feature", "properties": { "name": "โรงพยาบาลโรคปอดกรุงเทพ", "type": "Hospital", "lon": 100.5460209, "lat": 13.7848733, "district_id": 32, "row": 358, "col": 410 }, "geometry": { "type": "Point", "coordinates": [ 100.5460209, 13.7848733 ] } },
{ "type": "Feature", "properties": { "name": "ศูนย์สุขภาพช่องปากขั้นสูง", "type": "Hospital", "lon": 100.5340149, "lat": 13.783114, "district_id": 32, "row": 361, "col": 390 }, "geometry": { "type": "Point", "coordinates": [ 100.5340149, 13.783114 ] } },
{ "type": "Feature", "properties": { "name": "โรงเรียนวัดปริวาส", "type": "School", "lon": 100.5331164, "lat": 13.6727973, "district_id": 50, "row": 545, "col": 388 }, "geometry": { "type": "Point", "coordinates": [ 100.5331164, 13.6727973 ] } },
{ "type": "Feature", "properties": { "name": "โรงพยาบาลพญาไท พหลโยธิน", "type": "Hospital", "lon": 100.5498808, "lat": 13.7921997, "district_id": 32, "row": 346, "col": 416 }, "geometry": { "type": "Point", "coordinates": [ 100.5498808, 13.7921997 ] } },
{ "type": "Feature", "properties": { "name": "วิทยาลัยเทคโนโลยีทักษิณาบริหารธุรกิจ", "type": "University", "lon": 100.6904297, "lat": 13.8118406, "district_id": 20, "row": 313, "col": 650 }, "geometry": { "type": "Point", "coordinates": [ 100.6904297, 13.8118406 ] } },
{ "type": "Feature", "properties": { "name": "Nawaminthrachinuthit Bodindecha School", "type": "School", "lon": 100.6060763, "lat": 13.791612, "district_id": 49, "row": 347, "col": 510 }, "geometry": { "type": "Point", "coordinates": [ 100.6060763, 13.791612 ] } },
{ "type": "Feature", "properties": { "name": "Niva International School", "type": "School", "lon": 100.6297706, "lat": 13.8027194, "district_id": 2, "row": 328, "col": 549 }, "geometry": { "type": "Point", "coordinates": [ 100.6297706, 13.8027194 ] } },
{ "type": "Feature", "properties": { "name": "Wat Khemapirataram School", "type": "School", "lon": 100.503153, "lat": 13.8230118, "district_id": 0, "row": 294, "col": 338 }, "geometry": { "type": "Point", "coordinates": [ 100.503153, 13.8230118 ] } },
{ "type": "Feature", "properties": { "name": "สถานีตำรวจนครบาลพระราชวัง", "type": "Police", "lon": 100.4944663, "lat": 13.743242, "district_id": 34, "row": 427, "col": 324 }, "geometry": { "type": "Point", "coordinates": [ 100.4944663, 13.743242 ] } },
{ "type": "Feature", "properties": { "name": "โรงเรียนวัดพระยายัง", "type": "School", "lon": 100.5219818, "lat": 13.7523641, "district_id": 38, "row": 412, "col": 369 }, "geometry": { "type": "Point", "coordinates": [ 100.5219818, 13.7523641 ] } },
{ "type": "Feature", "properties": { "name": "โรงเรียนพณิชยการสามเสน", "type": "School", "lon": 100.5150639, "lat": 13.787138, "district_id": 18, "row": 354, "col": 358 }, "geometry": { "type": "Point", "coordinates": [ 100.5150639, 13.787138 ] } },
{ "type": "Feature", "properties": { "name": "วิทยาลัยการทัพบก", "type": "University", "lon": 100.529365, "lat": 13.7854225, "district_id": 18, "row": 357, "col": 382 }, "geometry": { "type": "Point", "coordinates": [ 100.529365, 13.7854225 ] } },
{ "type": "Feature", "properties": { "name": "Police Printing Bureau", "type": "Police", "lon": 100.5295694, "lat": 13.7823228, "district_id": 18, "row": 362, "col": 382 }, "geometry": { "type": "Point", "coordinates": [ 100.5295694, 13.7823228 ] } },
{ "type": "Feature", "properties": { "name": "แฟลตสถานีดับเพลิงดุสิต", "type": "Fire station", "lon": 100.5303303, "lat": 13.7819005, "district_id": 18, "row": 363, "col": 383 }, "geometry": { "type": "Point", "coordinates": [ 100.5303303, 13.7819005 ] } },
{ "type": "Feature", "properties": { "name": "วิทยาลัยเทคโนโลยีวิมล ศรีย่าน", "type": "University", "lon": 100.5110124, "lat": 13.785362, "district_id": 18, "row": 357, "col": 351 }, "geometry": { "type": "Point", "coordinates": [ 100.5110124, 13.785362 ] } },
{ "type": "Feature", "properties": { "name": "โรงพยาบาลบางโพ", "type": "Hospital", "lon": 100.5229925, "lat": 13.8068562, "district_id": 10, "row": 321, "col": 371 }, "geometry": { "type": "Point", "coordinates": [ 100.5229925, 13.8068562 ] } },
{ "type": "Feature", "properties": { "name": "(unnamed)", "type": "University", "lon": 100.5373692, "lat": 13.8189235, "district_id": 10, "row": 301, "col": 395 }, "geometry": { "type": "Point", "coordinates": [ 100.5373692, 13.8189235 ] } },
{ "type": "Feature", "properties": { "name": "Rajamangala University of Technology Rattanakosin Bophit Phimuk Chakkrawat Campus", "type": "University", "lon": 100.5021924, "lat": 13.7421741, "district_id": 40, "row": 429, "col": 336 }, "geometry": { "type": "Point", "coordinates": [ 100.5021924, 13.7421741 ] } },
{ "type": "Feature", "properties": { "name": "โรงเรียนวัดชัยชนะสงคราม", "type": "School", "lon": 100.5058267, "lat": 13.743998, "district_id": 40, "row": 426, "col": 343 }, "geometry": { "type": "Point", "coordinates": [ 100.5058267, 13.743998 ] } },
{ "type": "Feature", "properties": { "name": "Kovit Thamrong School", "type": "School", "lon": 100.5441476, "lat": 13.7571451, "district_id": 38, "row": 404, "col": 406 }, "geometry": { "type": "Point", "coordinates": [ 100.5441476, 13.7571451 ] } },
{ "type": "Feature", "properties": { "name": "Sarasas Thonburi School", "type": "School", "lon": 100.3665495, "lat": 13.7332447, "district_id": 3, "row": 444, "col": 110 }, "geometry": { "type": "Point", "coordinates": [ 100.3665495, 13.7332447 ] } },
{ "type": "Feature", "properties": { "name": "โรงเรียนโรงเรียนราชวินิตบางแคปานขำ", "type": "School", "lon": 100.3788271, "lat": 13.7229026, "district_id": 3, "row": 461, "col": 131 }, "geometry": { "type": "Point", "coordinates": [ 100.3788271, 13.7229026 ] } },
{ "type": "Feature", "properties": { "name": "โรงเรียนสรรพาวุธวิทยา", "type": "School", "lon": 100.5929774, "lat": 13.6641876, "district_id": 7, "row": 559, "col": 488 }, "geometry": { "type": "Point", "coordinates": [ 100.5929774, 13.6641876 ] } },
{ "type": "Feature", "properties": { "name": "Jaruwon Multiple Intelligence School", "type": "School", "lon": 100.6427015, "lat": 13.8785022, "district_id": 4, "row": 202, "col": 571 }, "geometry": { "type": "Point", "coordinates": [ 100.6427015, 13.8785022 ] } },
{ "type": "Feature", "properties": { "name": "โรงเรียน​วัดวชิรธรรมสาธิต", "type": "School", "lon": 100.6366699, "lat": 13.6922574, "district_id": 33, "row": 512, "col": 561 }, "geometry": { "type": "Point", "coordinates": [ 100.6366699, 13.6922574 ] } },
{ "type": "Feature", "properties": { "name": "Highway Police", "type": "Police", "lon": 100.5236657, "lat": 13.7623663, "district_id": 38, "row": 396, "col": 372 }, "geometry": { "type": "Point", "coordinates": [ 100.5236657, 13.7623663 ] } },
{ "type": "Feature", "properties": { "name": "Ruamrudee International School Early Years Campus", "type": "School", "lon": 100.6905023, "lat": 13.8779071, "district_id": 21, "row": 203, "col": 650 }, "geometry": { "type": "Point", "coordinates": [ 100.6905023, 13.8779071 ] } },
{ "type": "Feature", "properties": { "name": "Bangna Commercial College", "type": "University", "lon": 100.6162284, "lat": 13.6761059, "district_id": 7, "row": 539, "col": 527 }, "geometry": { "type": "Point", "coordinates": [ 100.6162284, 13.6761059 ] } },
{ "type": "Feature", "properties": { "name": "Khlong Toei Fire Station", "type": "Fire station", "lon": 100.5644827, "lat": 13.7243884, "district_id": 23, "row": 459, "col": 440 }, "geometry": { "type": "Point", "coordinates": [ 100.5644827, 13.7243884 ] } },
{ "type": "Feature", "properties": { "name": "Sainamtip School", "type": "School", "lon": 100.5655589, "lat": 13.7277116, "district_id": 23, "row": 453, "col": 442 }, "geometry": { "type": "Point", "coordinates": [ 100.5655589, 13.7277116 ] } },
{ "type": "Feature", "properties": { "name": "โรงเรียนวัดคลองใหม่", "type": "School", "lon": 100.5439128, "lat": 13.6778369, "district_id": 50, "row": 536, "col": 406 }, "geometry": { "type": "Point", "coordinates": [ 100.5439128, 13.6778369 ] } },
{ "type": "Feature", "properties": { "name": "โรงเรียนวัดช่องนนทรี", "type": "School", "lon": 100.5446311, "lat": 13.693742, "district_id": 50, "row": 510, "col": 407 }, "geometry": { "type": "Point", "coordinates": [ 100.5446311, 13.693742 ] } },
{ "type": "Feature", "properties": { "name": "Triam Udom Suksa Nomklao School", "type": "School", "lon": 100.6921191, "lat": 13.784493, "district_id": 41, "row": 359, "col": 653 }, "geometry": { "type": "Point", "coordinates": [ 100.6921191, 13.784493 ] } },
{ "type": "Feature", "properties": { "name": "โรงเรียนราชวินิตบางเขน", "type": "School", "lon": 100.5544692, "lat": 13.8584361, "district_id": 24, "row": 235, "col": 424 }, "geometry": { "type": "Point", "coordinates": [ 100.5544692, 13.8584361 ] } },
{ "type": "Feature", "properties": { "name": "กองบังคับการอารักขาและควบคุมฝูงชน 1", "type": "Police", "lon": 100.5802809, "lat": 13.8666096, "district_id": 24, "row": 222, "col": 467 }, "geometry": { "type": "Point", "coordinates": [ 100.5802809, 13.8666096 ] } },
{ "type": "Feature", "properties": { "name": "(unnamed)", "type": "Police", "lon": 100.5775068, "lat": 13.8686484, "district_id": 24, "row": 218, "col": 462 }, "geometry": { "type": "Point", "coordinates": [ 100.5775068, 13.8686484 ] } },
{ "type": "Feature", "properties": { "name": "Wat Bangkhamin School", "type": "School", "lon": 100.5462849, "lat": 13.6688513, "district_id": 0, "row": 551, "col": 410 }, "geometry": { "type": "Point", "coordinates": [ 100.5462849, 13.6688513 ] } },
{ "type": "Feature", "properties": { "name": "Satriwitthaya 2 School", "type": "School", "lon": 100.6155816, "lat": 13.8273784, "district_id": 26, "row": 287, "col": 525 }, "geometry": { "type": "Point", "coordinates": [ 100.6155816, 13.8273784 ] } },
{ "type": "Feature", "properties": { "name": "Watbangkrasorb School", "type": "School", "lon": 100.5576914, "lat": 13.6595055, "district_id": 0, "row": 567, "col": 429 }, "geometry": { "type": "Point", "coordinates": [ 100.5576914, 13.6595055 ] } },
{ "type": "Feature", "properties": { "name": "Watpaked School", "type": "School", "lon": 100.5548256, "lat": 13.668563, "district_id": 0, "row": 552, "col": 424 }, "geometry": { "type": "Point", "coordinates": [ 100.5548256, 13.668563 ] } },
{ "type": "Feature", "properties": { "name": "Wat Phra Phiren School", "type": "School", "lon": 100.5057523, "lat": 13.7475701, "district_id": 35, "row": 420, "col": 342 }, "geometry": { "type": "Point", "coordinates": [ 100.5057523, 13.7475701 ] } },
{ "type": "Feature", "properties": { "name": "Bangkok Arts & Crafts College", "type": "University", "lon": 100.6264909, "lat": 13.7927773, "district_id": 2, "row": 345, "col": 544 }, "geometry": { "type": "Point", "coordinates": [ 100.6264909, 13.7927773 ] } },
{ "type": "Feature", "properties": { "name": "French International High School of Bangkok", "type": "School", "lon": 100.6005718, "lat": 13.7704807, "district_id": 49, "row": 382, "col": 500 }, "geometry": { "type": "Point", "coordinates": [ 100.6005718, 13.7704807 ] } },
{ "type": "Feature", "properties": { "name": "(unnamed)", "type": "School", "lon": 100.601591, "lat": 13.7712071, "district_id": 49, "row": 381, "col": 502 }, "geometry": { "type": "Point", "coordinates": [ 100.601591, 13.7712071 ] } },
{ "type": "Feature", "properties": { "name": "รพ.เฉพาะทางด้านกระดูกสันหลังและข้อ S-Spine and Joint Hospital", "type": "Hospital", "lon": 100.6076322, "lat": 13.7861028, "district_id": 49, "row": 356, "col": 512 }, "geometry": { "type": "Point", "coordinates": [ 100.6076322, 13.7861028 ] } },
{ "type": "Feature", "properties": { "name": "โรงเรียนเพี้ยนพินอนุสรณ์", "type": "School", "lon": 100.5976126, "lat": 13.6642931, "district_id": 7, "row": 559, "col": 496 }, "geometry": { "type": "Point", "coordinates": [ 100.5976126, 13.6642931 ] } },
{ "type": "Feature", "properties": { "name": "โรงเรียนอนุบาลกรแก้ว", "type": "School", "lon": 100.5289744, "lat": 13.787901, "district_id": 18, "row": 353, "col": 381 }, "geometry": { "type": "Point", "coordinates": [ 100.5289744, 13.787901 ] } },
{ "type": "Feature", "properties": { "name": "Nawaminthrachinuthit Triamudomsuksanomklao School", "type": "School", "lon": 100.6807434, "lat": 13.7560809, "district_id": 41, "row": 406, "col": 634 }, "geometry": { "type": "Point", "coordinates": [ 100.6807434, 13.7560809 ] } },
{ "type": "Feature", "properties": { "name": "Brighton College Bangkok", "type": "School", "lon": 100.6730557, "lat": 13.7534185, "district_id": 2, "row": 410, "col": 621 }, "geometry": { "type": "Point", "coordinates": [ 100.6730557, 13.7534185 ] } },
{ "type": "Feature", "properties": { "name": "โรงเรียนนานาชาติแมนดาริน", "type": "School", "lon": 100.6616253, "lat": 13.7642804, "district_id": 2, "row": 392, "col": 602 }, "geometry": { "type": "Point", "coordinates": [ 100.6616253, 13.7642804 ] } },
{ "type": "Feature", "properties": { "name": "โรงเรียนนานาชาติเพ็ญสมิทธ์", "type": "School", "lon": 100.663793, "lat": 13.7626154, "district_id": 2, "row": 395, "col": 606 }, "geometry": { "type": "Point", "coordinates": [ 100.663793, 13.7626154 ] } },
{ "type": "Feature", "properties": { "name": "Vimut Hospital", "type": "Hospital", "lon": 100.548652, "lat": 13.7887662, "district_id": 32, "row": 352, "col": 414 }, "geometry": { "type": "Point", "coordinates": [ 100.548652, 13.7887662 ] } },
{ "type": "Feature", "properties": { "name": "La Salle School Bangkok", "type": "School", "lon": 100.6316442, "lat": 13.6569586, "district_id": 7, "row": 571, "col": 552 }, "geometry": { "type": "Point", "coordinates": [ 100.6316442, 13.6569586 ] } },
{ "type": "Feature", "properties": { "name": "International College of Dentistry Walailak University", "type": "University", "lon": 100.5298421, "lat": 13.7871765, "district_id": 18, "row": 354, "col": 383 }, "geometry": { "type": "Point", "coordinates": [ 100.5298421, 13.7871765 ] } },
{ "type": "Feature", "properties": { "name": "โรงเรียนอักษรเจริญ", "type": "School", "lon": 100.5196395, "lat": 13.7787251, "district_id": 18, "row": 368, "col": 366 }, "geometry": { "type": "Point", "coordinates": [ 100.5196395, 13.7787251 ] } },
{ "type": "Feature", "properties": { "name": "Ampawan Suksa School", "type": "School", "lon": 100.519835, "lat": 13.7798777, "district_id": 18, "row": 366, "col": 366 }, "geometry": { "type": "Point", "coordinates": [ 100.519835, 13.7798777 ] } },
{ "type": "Feature", "properties": { "name": "โรงเรียนศรีเอี่ยมอนุสรณ์", "type": "School", "lon": 100.6434612, "lat": 13.6677531, "district_id": 7, "row": 553, "col": 572 }, "geometry": { "type": "Point", "coordinates": [ 100.6434612, 13.6677531 ] } },
{ "type": "Feature", "properties": { "name": "Wat Pracha Sattha Tham School", "type": "School", "lon": 100.5191984, "lat": 13.818544, "district_id": 10, "row": 302, "col": 365 }, "geometry": { "type": "Point", "coordinates": [ 100.5191984, 13.818544 ] } },
{ "type": "Feature", "properties": { "name": "Bangbua School", "type": "School", "lon": 100.5850017, "lat": 13.8568946, "district_id": 14, "row": 238, "col": 475 }, "geometry": { "type": "Point", "coordinates": [ 100.5850017, 13.8568946 ] } },
{ "type": "Feature", "properties": { "name": "โรงเรียนวิศวกรรมรถไฟ", "type": "University", "lon": 100.5513207, "lat": 13.8169698, "district_id": 14, "row": 305, "col": 418 }, "geometry": { "type": "Point", "coordinates": [ 100.5513207, 13.8169698 ] } },
{ "type": "Feature", "properties": { "name": "Phra Ram 9 Kanchanaphisek School", "type": "School", "lon": 100.592997, "lat": 13.7596666, "district_id": 19, "row": 400, "col": 488 }, "geometry": { "type": "Point", "coordinates": [ 100.592997, 13.7596666 ] } },
{ "type": "Feature", "properties": { "name": "Thai-Japanese Association School", "type": "School", "lon": 100.5935469, "lat": 13.760874, "district_id": 19, "row": 398, "col": 489 }, "geometry": { "type": "Point", "coordinates": [ 100.5935469, 13.760874 ] } },
{ "type": "Feature", "properties": { "name": "โรงเรียนสาธิตมหาวิทยาลัยราชภัฏสวนสุนันทา", "type": "School", "lon": 100.5074925, "lat": 13.7734277, "district_id": 18, "row": 377, "col": 345 }, "geometry": { "type": "Point", "coordinates": [ 100.5074925, 13.7734277 ] } },
{ "type": "Feature", "properties": { "name": "Krirk University", "type": "University", "lon": 100.5994692, "lat": 13.873277, "district_id": 4, "row": 211, "col": 499 }, "geometry": { "type": "Point", "coordinates": [ 100.5994692, 13.873277 ] } },
{ "type": "Feature", "properties": { "name": "โรงเรียนพลาธิการ", "type": "University", "lon": 100.583855, "lat": 13.6680529, "district_id": 7, "row": 553, "col": 473 }, "geometry": { "type": "Point", "coordinates": [ 100.583855, 13.6680529 ] } },
{ "type": "Feature", "properties": { "name": "(unnamed)", "type": "School", "lon": 100.5152269, "lat": 13.7794336, "district_id": 18, "row": 367, "col": 358 }, "geometry": { "type": "Point", "coordinates": [ 100.5152269, 13.7794336 ] } },
{ "type": "Feature", "properties": { "name": "โรงเรียนสาธิตกรุงเทพธนบุรี", "type": "School", "lon": 100.3456571, "lat": 13.7749514, "district_id": 45, "row": 375, "col": 76 }, "geometry": { "type": "Point", "coordinates": [ 100.3456571, 13.7749514 ] } },
{ "type": "Feature", "properties": { "name": "China International School", "type": "School", "lon": 100.6549016, "lat": 13.8152017, "district_id": 13, "row": 307, "col": 591 }, "geometry": { "type": "Point", "coordinates": [ 100.6549016, 13.8152017 ] } },
{ "type": "Feature", "properties": { "name": "Mathayom Prachaniwet school", "type": "School", "lon": 100.5476615, "lat": 13.8419072, "district_id": 14, "row": 263, "col": 412 }, "geometry": { "type": "Point", "coordinates": [ 100.5476615, 13.8419072 ] } },
{ "type": "Feature", "properties": { "name": "วิทยาลัยเทคโนโลยีวราธิปบริหารธุรกิจ", "type": "School", "lon": 100.5457172, "lat": 13.8428887, "district_id": 14, "row": 261, "col": 409 }, "geometry": { "type": "Point", "coordinates": [ 100.5457172, 13.8428887 ] } },
{ "type": "Feature", "properties": { "name": "โรงเรียนวัดบางนานอก", "type": "School", "lon": 100.5878787, "lat": 13.6761411, "district_id": 7, "row": 539, "col": 479 }, "geometry": { "type": "Point", "coordinates": [ 100.5878787, 13.6761411 ] } },
{ "type": "Feature", "properties": { "name": "โรงเรียนบีคอนเฮาส์ แย้มสอาดลาดพร้าว", "type": "School", "lon": 100.5669653, "lat": 13.8027578, "district_id": 14, "row": 328, "col": 444 }, "geometry": { "type": "Point", "coordinates": [ 100.5669653, 13.8027578 ] } },
{ "type": "Feature", "properties": { "name": "มหาวิทยาลัยเซนต์จอห์น", "type": "University", "lon": 100.5610362, "lat": 13.8102897, "district_id": 14, "row": 316, "col": 435 }, "geometry": { "type": "Point", "coordinates": [ 100.5610362, 13.8102897 ] } },
{ "type": "Feature", "properties": { "name": "โรงเรียนจันทร์หุ่นบำเพ็ญ", "type": "School", "lon": 100.5850666, "lat": 13.7797287, "district_id": 19, "row": 367, "col": 475 }, "geometry": { "type": "Point", "coordinates": [ 100.5850666, 13.7797287 ] } },
{ "type": "Feature", "properties": { "name": "โรงเรียนสุโขทัย", "type": "School", "lon": 100.5221156, "lat": 13.7763515, "district_id": 18, "row": 372, "col": 370 }, "geometry": { "type": "Point", "coordinates": [ 100.5221156, 13.7763515 ] } },
{ "type": "Feature", "properties": { "name": "Watnoinoppakhun School", "type": "School", "lon": 100.5208899, "lat": 13.7842821, "district_id": 18, "row": 359, "col": 368 }, "geometry": { "type": "Point", "coordinates": [ 100.5208899, 13.7842821 ] } },
{ "type": "Feature", "properties": { "name": "Setsatian School for the Deaf", "type": "School", "lon": 100.5229155, "lat": 13.7819673, "district_id": 18, "row": 363, "col": 371 }, "geometry": { "type": "Point", "coordinates": [ 100.5229155, 13.7819673 ] } },
{ "type": "Feature", "properties": { "name": "Ratchawat Wittaya School", "type": "School", "lon": 100.5198733, "lat": 13.7812333, "district_id": 18, "row": 364, "col": 366 }, "geometry": { "type": "Point", "coordinates": [ 100.5198733, 13.7812333 ] } },
{ "type": "Feature", "properties": { "name": "Wat Sawatdiwari Simaram School", "type": "School", "lon": 100.5157047, "lat": 13.7807744, "district_id": 18, "row": 365, "col": 359 }, "geometry": { "type": "Point", "coordinates": [ 100.5157047, 13.7807744 ] } },
{ "type": "Feature", "properties": { "name": "สถานผดุงครรภ์ อานันท์", "type": "Clinic", "lon": 100.5143336, "lat": 13.7375255, "district_id": 40, "row": 437, "col": 357 }, "geometry": { "type": "Point", "coordinates": [ 100.5143336, 13.7375255 ] } },
{ "type": "Feature", "properties": { "name": "Civil Defense Volunteer Samphanthawong District Sub-Operations Center", "type": "Fire station", "lon": 100.5146765, "lat": 13.7367372, "district_id": 40, "row": 438, "col": 357 }, "geometry": { "type": "Point", "coordinates": [ 100.5146765, 13.7367372 ] } },
{ "type": "Feature", "properties": { "name": "King Mongkut Chaokhunthahan Hospital", "type": "Hospital", "lon": 100.7889975, "lat": 13.7319767, "district_id": 25, "row": 446, "col": 814 }, "geometry": { "type": "Point", "coordinates": [ 100.7889975, 13.7319767 ] } },
{ "type": "Feature", "properties": { "name": "Udomsuksa School", "type": "School", "lon": 100.6129834, "lat": 13.7739818, "district_id": 49, "row": 376, "col": 521 }, "geometry": { "type": "Point", "coordinates": [ 100.6129834, 13.7739818 ] } },
{ "type": "Feature", "properties": { "name": "Prayaprasert School", "type": "School", "lon": 100.6092339, "lat": 13.7643845, "district_id": 49, "row": 392, "col": 515 }, "geometry": { "type": "Point", "coordinates": [ 100.6092339, 13.7643845 ] } },
{ "type": "Feature", "properties": { "name": "โรงเรียนวัดสุวรรณคีรี", "type": "School", "lon": 100.4681997, "lat": 13.7808476, "district_id": 11, "row": 365, "col": 280 }, "geometry": { "type": "Point", "coordinates": [ 100.4681997, 13.7808476 ] } },
{ "type": "Feature", "properties": { "name": "Princess Maha Chakri Sirindhorn Anthropology Centre", "type": "University", "lon": 100.4591573, "lat": 13.7834522, "district_id": 44, "row": 360, "col": 265 }, "geometry": { "type": "Point", "coordinates": [ 100.4591573, 13.7834522 ] } },
{ "type": "Feature", "properties": { "name": "Wat Talingchan School", "type": "School", "lon": 100.4566528, "lat": 13.7794139, "district_id": 44, "row": 367, "col": 261 }, "geometry": { "type": "Point", "coordinates": [ 100.4566528, 13.7794139 ] } },
{ "type": "Feature", "properties": { "name": "โรงเรียนวัดไก่เตี้ย", "type": "School", "lon": 100.465572, "lat": 13.7849114, "district_id": 44, "row": 358, "col": 275 }, "geometry": { "type": "Point", "coordinates": [ 100.465572, 13.7849114 ] } },
{ "type": "Feature", "properties": { "name": "โรงเรียนวัดมะลิ", "type": "School", "lon": 100.4606142, "lat": 13.762386, "district_id": 11, "row": 396, "col": 267 }, "geometry": { "type": "Point", "coordinates": [ 100.4606142, 13.762386 ] } },
{ "type": "Feature", "properties": { "name": "โรงเรียนอำนวยพิทยา", "type": "School", "lon": 100.5664934, "lat": 13.7739086, "district_id": 16, "row": 376, "col": 444 }, "geometry": { "type": "Point", "coordinates": [ 100.5664934, 13.7739086 ] } },
{ "type": "Feature", "properties": { "name": "โรงเรียนอนุบาลจินดาพร", "type": "School", "lon": 100.6946395, "lat": 13.6692095, "district_id": 36, "row": 551, "col": 657 }, "geometry": { "type": "Point", "coordinates": [ 100.6946395, 13.6692095 ] } },
{ "type": "Feature", "properties": { "name": "โรงเรียนวัดเทวสุนทร", "type": "School", "lon": 100.5619506, "lat": 13.8538698, "district_id": 14, "row": 243, "col": 436 }, "geometry": { "type": "Point", "coordinates": [ 100.5619506, 13.8538698 ] } },
{ "type": "Feature", "properties": { "name": "โรงเรียนวัดมัชฌันติการาม", "type": "School", "lon": 100.5175644, "lat": 13.8220564, "district_id": 10, "row": 296, "col": 362 }, "geometry": { "type": "Point", "coordinates": [ 100.5175644, 13.8220564 ] } },
{ "type": "Feature", "properties": { "name": "Wat Liap Rat Bamrung School", "type": "School", "lon": 100.5211181, "lat": 13.8287964, "district_id": 10, "row": 285, "col": 368 }, "geometry": { "type": "Point", "coordinates": [ 100.5211181, 13.8287964 ] } },
{ "type": "Feature", "properties": { "name": "SYH Hospital", "type": "Hospital", "lon": 100.6076132, "lat": 13.8821509, "district_id": 4, "row": 196, "col": 512 }, "geometry": { "type": "Point", "coordinates": [ 100.6076132, 13.8821509 ] } },
{ "type": "Feature", "properties": { "name": "Yothinburana 2 (Suwansuttharam) School", "type": "School", "lon": 100.5291615, "lat": 13.8336293, "district_id": 10, "row": 277, "col": 381 }, "geometry": { "type": "Point", "coordinates": [ 100.5291615, 13.8336293 ] } },
{ "type": "Feature", "properties": { "name": "Wat Thong Sutharam School", "type": "School", "lon": 100.529894, "lat": 13.8328359, "district_id": 10, "row": 278, "col": 383 }, "geometry": { "type": "Point", "coordinates": [ 100.529894, 13.8328359 ] } },
{ "type": "Feature", "properties": { "name": "โรงเรียนธัชรินทร์วิทยา", "type": "School", "lon": 100.5563057, "lat": 13.8235246, "district_id": 14, "row": 294, "col": 427 }, "geometry": { "type": "Point", "coordinates": [ 100.5563057, 13.8235246 ] } },
{ "type": "Feature", "properties": { "name": "Department of Corrections Hospital", "type": "Hospital", "lon": 100.5534927, "lat": 13.8496979, "district_id": 14, "row": 250, "col": 422 }, "geometry": { "type": "Point", "coordinates": [ 100.5534927, 13.8496979 ] } },
{ "type": "Feature", "properties": { "name": "Wat Bang Kradi School", "type": "School", "lon": 100.4050897, "lat": 13.5992555, "district_id": 6, "row": 667, "col": 175 }, "geometry": { "type": "Point", "coordinates": [ 100.4050897, 13.5992555 ] } },
{ "type": "Feature", "properties": { "name": "โรงพยาบาลมงกุฎวัฒนะ", "type": "Hospital", "lon": 100.5618268, "lat": 13.8940378, "district_id": 24, "row": 176, "col": 436 }, "geometry": { "type": "Point", "coordinates": [ 100.5618268, 13.8940378 ] } },
{ "type": "Feature", "properties": { "name": "โรงเรียนวัดทองเพลง", "type": "School", "lon": 100.5008434, "lat": 13.7245809, "district_id": 22, "row": 459, "col": 334 }, "geometry": { "type": "Point", "coordinates": [ 100.5008434, 13.7245809 ] } },
{ "type": "Feature", "properties": { "name": "(unnamed)", "type": "Clinic", "lon": 100.5350514, "lat": 13.7835433, "district_id": 32, "row": 360, "col": 391 }, "geometry": { "type": "Point", "coordinates": [ 100.5350514, 13.7835433 ] } },
{ "type": "Feature", "properties": { "name": "โรงเรียนวัดดอนใหญ่", "type": "School", "lon": 100.7759919, "lat": 13.9832646, "district_id": 0, "row": 27, "col": 793 }, "geometry": { "type": "Point", "coordinates": [ 100.7759919, 13.9832646 ] } },
{ "type": "Feature", "properties": { "name": "ทีเอ็นซีคลินิกเวชกรรม", "type": "Clinic", "lon": 100.544952, "lat": 13.776008, "district_id": 32, "row": 373, "col": 408 }, "geometry": { "type": "Point", "coordinates": [ 100.544952, 13.776008 ] } },
{ "type": "Feature", "properties": { "name": "กองตำรวจสื่อสาร", "type": "Police", "lon": 100.5714349, "lat": 13.8381988, "district_id": 14, "row": 269, "col": 452 }, "geometry": { "type": "Point", "coordinates": [ 100.5714349, 13.8381988 ] } },
{ "type": "Feature", "properties": { "name": "Attamit School", "type": "School", "lon": 100.5684787, "lat": 13.8340011, "district_id": 14, "row": 276, "col": 447 }, "geometry": { "type": "Point", "coordinates": [ 100.5684787, 13.8340011 ] } },
{ "type": "Feature", "properties": { "name": "อนุบาลเศรษฐบุตร", "type": "School", "lon": 100.5723694, "lat": 13.835229, "district_id": 14, "row": 274, "col": 453 }, "geometry": { "type": "Point", "coordinates": [ 100.5723694, 13.835229 ] } },
{ "type": "Feature", "properties": { "name": "Skin Story Clinic", "type": "Clinic", "lon": 100.395795, "lat": 13.7477169, "district_id": 3, "row": 420, "col": 159 }, "geometry": { "type": "Point", "coordinates": [ 100.395795, 13.7477169 ] } },
{ "type": "Feature", "properties": { "name": "St. Joan of Arc School", "type": "School", "lon": 100.5053934, "lat": 13.778052, "district_id": 18, "row": 369, "col": 342 }, "geometry": { "type": "Point", "coordinates": [ 100.5053934, 13.778052 ] } },
{ "type": "Feature", "properties": { "name": "Thamrongwit School", "type": "School", "lon": 100.5450445, "lat": 13.7766939, "district_id": 32, "row": 372, "col": 408 }, "geometry": { "type": "Point", "coordinates": [ 100.5450445, 13.7766939 ] } },
{ "type": "Feature", "properties": { "name": "สถานีดับเพลิงพหลโยธิน", "type": "Fire station", "lon": 100.5462114, "lat": 13.7804584, "district_id": 32, "row": 365, "col": 410 }, "geometry": { "type": "Point", "coordinates": [ 100.5462114, 13.7804584 ] } },
{ "type": "Feature", "properties": { "name": "สถาบันเทคโนโลยีจิตรลดา", "type": "University", "lon": 100.5150894, "lat": 13.7671322, "district_id": 18, "row": 388, "col": 358 }, "geometry": { "type": "Point", "coordinates": [ 100.5150894, 13.7671322 ] } },
{ "type": "Feature", "properties": { "name": "โรงเรียนจิตรลดาวิชาชีพ", "type": "School", "lon": 100.5142231, "lat": 13.7697146, "district_id": 18, "row": 383, "col": 357 }, "geometry": { "type": "Point", "coordinates": [ 100.5142231, 13.7697146 ] } },
{ "type": "Feature", "properties": { "name": "โรงเรียนไทยนิยมสงเคราะห์", "type": "School", "lon": 100.5986259, "lat": 13.8773754, "district_id": 4, "row": 204, "col": 497 }, "geometry": { "type": "Point", "coordinates": [ 100.5986259, 13.8773754 ] } },
{ "type": "Feature", "properties": { "name": "(unnamed)", "type": "Police", "lon": 100.5530313, "lat": 13.7419665, "district_id": 48, "row": 430, "col": 421 }, "geometry": { "type": "Point", "coordinates": [ 100.5530313, 13.7419665 ] } },
{ "type": "Feature", "properties": { "name": "คลินิกหมอศิริชัย", "type": "Clinic", "lon": 100.5535873, "lat": 13.7461757, "district_id": 48, "row": 423, "col": 422 }, "geometry": { "type": "Point", "coordinates": [ 100.5535873, 13.7461757 ] } },
{ "type": "Feature", "properties": { "name": "Thai-Chinese International School", "type": "School", "lon": 100.6992142, "lat": 13.6275147, "district_id": 0, "row": 620, "col": 665 }, "geometry": { "type": "Point", "coordinates": [ 100.6992142, 13.6275147 ] } },
{ "type": "Feature", "properties": { "name": "(unnamed)", "type": "School", "lon": 100.5220101, "lat": 13.8348253, "district_id": 0, "row": 275, "col": 370 }, "geometry": { "type": "Point", "coordinates": [ 100.5220101, 13.8348253 ] } },
{ "type": "Feature", "properties": { "name": "วิทยาลัยพยาบาลบรมราชชนนี", "type": "University", "lon": 100.520817, "lat": 13.8498388, "district_id": 0, "row": 250, "col": 368 }, "geometry": { "type": "Point", "coordinates": [ 100.520817, 13.8498388 ] } },
{ "type": "Feature", "properties": { "name": "สถาบันสิรินธรฯ", "type": "Hospital", "lon": 100.5247732, "lat": 13.8529174, "district_id": 0, "row": 245, "col": 374 }, "geometry": { "type": "Point", "coordinates": [ 100.5247732, 13.8529174 ] } },
{ "type": "Feature", "properties": { "name": "Wat Ninsukharam School", "type": "School", "lon": 100.4046618, "lat": 13.6746457, "district_id": 1, "row": 542, "col": 174 }, "geometry": { "type": "Point", "coordinates": [ 100.4046618, 13.6746457 ] } },
{ "type": "Feature", "properties": { "name": "Municipal 4 School", "type": "School", "lon": 100.5965315, "lat": 13.5802939, "district_id": 0, "row": 699, "col": 494 }, "geometry": { "type": "Point", "coordinates": [ 100.5965315, 13.5802939 ] } },
{ "type": "Feature", "properties": { "name": "Puay Hua School", "type": "School", "lon": 100.598979, "lat": 13.582085, "district_id": 0, "row": 696, "col": 498 }, "geometry": { "type": "Point", "coordinates": [ 100.598979, 13.582085 ] } },
{ "type": "Feature", "properties": { "name": "(unnamed)", "type": "School", "lon": 100.4332823, "lat": 13.759192, "district_id": 44, "row": 401, "col": 222 }, "geometry": { "type": "Point", "coordinates": [ 100.4332823, 13.759192 ] } },
{ "type": "Feature", "properties": { "name": "Potisarn Pittayakorn School", "type": "School", "lon": 100.4277063, "lat": 13.7679264, "district_id": 44, "row": 386, "col": 212 }, "geometry": { "type": "Point", "coordinates": [ 100.4277063, 13.7679264 ] } },
{ "type": "Feature", "properties": { "name": "โรงเรียนสุวรรณพลับพลาพิทยาคม", "type": "School", "lon": 100.4486366, "lat": 13.7560101, "district_id": 44, "row": 406, "col": 247 }, "geometry": { "type": "Point", "coordinates": [ 100.4486366, 13.7560101 ] } },
{ "type": "Feature", "properties": { "name": "Kensington Learning Space", "type": "School", "lon": 100.4492296, "lat": 13.7557153, "district_id": 44, "row": 407, "col": 248 }, "geometry": { "type": "Point", "coordinates": [ 100.4492296, 13.7557153 ] } },
{ "type": "Feature", "properties": { "name": "Kensington International School", "type": "School", "lon": 100.4500212, "lat": 13.7560231, "district_id": 44, "row": 406, "col": 250 }, "geometry": { "type": "Point", "coordinates": [ 100.4500212, 13.7560231 ] } },
{ "type": "Feature", "properties": { "name": "(unnamed)", "type": "School", "lon": 100.6194507, "lat": 13.9067466, "district_id": 39, "row": 155, "col": 532 }, "geometry": { "type": "Point", "coordinates": [ 100.6194507, 13.9067466 ] } },
{ "type": "Feature", "properties": { "name": "Bhumibol Adulyadej Hospital", "type": "Hospital", "lon": 100.6188872, "lat": 13.9087102, "district_id": 39, "row": 152, "col": 531 }, "geometry": { "type": "Point", "coordinates": [ 100.6188872, 13.9087102 ] } },
{ "type": "Feature", "properties": { "name": "สถานีดับเพลิงและกู้ภัยบางเขน", "type": "Fire station", "lon": 100.5948015, "lat": 13.8714782, "district_id": 4, "row": 214, "col": 491 }, "geometry": { "type": "Point", "coordinates": [ 100.5948015, 13.8714782 ] } },
{ "type": "Feature", "properties": { "name": "Thung Song Hong School", "type": "School", "lon": 100.560869, "lat": 13.8851822, "district_id": 24, "row": 191, "col": 434 }, "geometry": { "type": "Point", "coordinates": [ 100.560869, 13.8851822 ] } },
{ "type": "Feature", "properties": { "name": "Royal Thai Air Force Hospital (Sikan)", "type": "Hospital", "lon": 100.5814593, "lat": 13.9411377, "district_id": 17, "row": 98, "col": 469 }, "geometry": { "type": "Point", "coordinates": [ 100.5814593, 13.9411377 ] } },
{ "type": "Feature", "properties": { "name": "สถานีดับเพลิงย่อยทุ่งสีกัน", "type": "Fire station", "lon": 100.5892171, "lat": 13.9401765, "district_id": 17, "row": 99, "col": 482 }, "geometry": { "type": "Point", "coordinates": [ 100.5892171, 13.9401765 ] } },
{ "type": "Feature", "properties": { "name": "Sang Arun School", "type": "School", "lon": 100.4922728, "lat": 13.7380629, "district_id": 46, "row": 436, "col": 320 }, "geometry": { "type": "Point", "coordinates": [ 100.4922728, 13.7380629 ] } },
{ "type": "Feature", "properties": { "name": "Wat Disanukaram Schoot", "type": "School", "lon": 100.508095, "lat": 13.7490077, "district_id": 35, "row": 418, "col": 346 }, "geometry": { "type": "Point", "coordinates": [ 100.508095, 13.7490077 ] } },
{ "type": "Feature", "properties": { "name": "Theptarin Hospital", "type": "Hospital", "lon": 100.5769495, "lat": 13.7143295, "district_id": 23, "row": 476, "col": 461 }, "geometry": { "type": "Point", "coordinates": [ 100.5769495, 13.7143295 ] } },
{ "type": "Feature", "properties": { "name": "Wat Muang School", "type": "School", "lon": 100.3930684, "lat": 13.6936256, "district_id": 3, "row": 510, "col": 155 }, "geometry": { "type": "Point", "coordinates": [ 100.3930684, 13.6936256 ] } },
{ "type": "Feature", "properties": { "name": "กองบังคับการตำรวจสันติบาล 1", "type": "Police", "lon": 100.5299338, "lat": 13.7812947, "district_id": 18, "row": 364, "col": 383 }, "geometry": { "type": "Point", "coordinates": [ 100.5299338, 13.7812947 ] } },
{ "type": "Feature", "properties": { "name": "Satriwatabsornsawan School", "type": "School", "lon": 100.4697836, "lat": 13.7210195, "district_id": 31, "row": 464, "col": 282 }, "geometry": { "type": "Point", "coordinates": [ 100.4697836, 13.7210195 ] } },
{ "type": "Feature", "properties": { "name": "Navamindarajudis Krungthepmahanakhon School", "type": "School", "lon": 100.6512313, "lat": 13.8291535, "district_id": 13, "row": 284, "col": 585 }, "geometry": { "type": "Point", "coordinates": [ 100.6512313, 13.8291535 ] } },
{ "type": "Feature", "properties": { "name": "Chamserm School", "type": "School", "lon": 100.6507467, "lat": 13.8301971, "district_id": 13, "row": 283, "col": 584 }, "geometry": { "type": "Point", "coordinates": [ 100.6507467, 13.8301971 ] } },
{ "type": "Feature", "properties": { "name": "Yamjard Vichanusorn", "type": "School", "lon": 100.6525088, "lat": 13.8329272, "district_id": 13, "row": 278, "col": 587 }, "geometry": { "type": "Point", "coordinates": [ 100.6525088, 13.8329272 ] } },
{ "type": "Feature", "properties": { "name": "Public Health Center 56 Tubcharoen", "type": "Hospital", "lon": 100.6369241, "lat": 13.8373104, "district_id": 13, "row": 271, "col": 561 }, "geometry": { "type": "Point", "coordinates": [ 100.6369241, 13.8373104 ] } },
{ "type": "Feature", "properties": { "name": "Wat Nuan Chan School", "type": "School", "lon": 100.6392749, "lat": 13.8374897, "district_id": 13, "row": 270, "col": 565 }, "geometry": { "type": "Point", "coordinates": [ 100.6392749, 13.8374897 ] } },
{ "type": "Feature", "properties": { "name": "โรงเรียนเทศบาลวัดแค", "type": "School", "lon": 100.5306265, "lat": 13.6537681, "district_id": 0, "row": 577, "col": 384 }, "geometry": { "type": "Point", "coordinates": [ 100.5306265, 13.6537681 ] } },
{ "type": "Feature", "properties": { "name": "โรงเรียนเทศบาลป้อมแผลงไฟฟ้า", "type": "School", "lon": 100.5320718, "lat": 13.657072, "district_id": 0, "row": 571, "col": 386 }, "geometry": { "type": "Point", "coordinates": [ 100.5320718, 13.657072 ] } },
{ "type": "Feature", "properties": { "name": "โรงเรียนเทศบาลวัดทรงธรรม", "type": "School", "lon": 100.5340755, "lat": 13.6625005, "district_id": 0, "row": 562, "col": 390 }, "geometry": { "type": "Point", "coordinates": [ 100.5340755, 13.6625005 ] } },
{ "type": "Feature", "properties": { "name": "Amnuai Wit School", "type": "School", "lon": 100.5364093, "lat": 13.6611499, "district_id": 0, "row": 564, "col": 394 }, "geometry": { "type": "Point", "coordinates": [ 100.5364093, 13.6611499 ] } },
{ "type": "Feature", "properties": { "name": "Interkids Bilingual School Seri Thai Campus", "type": "School", "lon": 100.6587624, "lat": 13.7780617, "district_id": 13, "row": 369, "col": 597 }, "geometry": { "type": "Point", "coordinates": [ 100.6587624, 13.7780617 ] } },
{ "type": "Feature", "properties": { "name": "Our Lady of Perpetual Help School", "type": "School", "lon": 100.6397587, "lat": 13.789924, "district_id": 2, "row": 350, "col": 566 }, "geometry": { "type": "Point", "coordinates": [ 100.6397587, 13.789924 ] } },
{ "type": "Feature", "properties": { "name": "Satri Wat Rakhang School", "type": "School", "lon": 100.4863186, "lat": 13.7519886, "district_id": 11, "row": 413, "col": 310 }, "geometry": { "type": "Point", "coordinates": [ 100.4863186, 13.7519886 ] } },
{ "type": "Feature", "properties": { "name": "Southeast Asia University", "type": "University", "lon": 100.3574239, "lat": 13.7095279, "district_id": 29, "row": 484, "col": 95 }, "geometry": { "type": "Point", "coordinates": [ 100.3574239, 13.7095279 ] } },
{ "type": "Feature", "properties": { "name": "Vichaivej International Nongkhaem", "type": "Hospital", "lon": 100.3607729, "lat": 13.7078481, "district_id": 29, "row": 486, "col": 101 }, "geometry": { "type": "Point", "coordinates": [ 100.3607729, 13.7078481 ] } },
{ "type": "Feature", "properties": { "name": "Wat Bunya Pradit School", "type": "School", "lon": 100.3885235, "lat": 13.7304578, "district_id": 3, "row": 449, "col": 147 }, "geometry": { "type": "Point", "coordinates": [ 100.3885235, 13.7304578 ] } },
{ "type": "Feature", "properties": { "name": "(unnamed)", "type": "School", "lon": 100.3943674, "lat": 13.7441262, "district_id": 3, "row": 426, "col": 157 }, "geometry": { "type": "Point", "coordinates": [ 100.3943674, 13.7441262 ] } },
{ "type": "Feature", "properties": { "name": "Nawamintrachutit Industrial and Community College", "type": "University", "lon": 100.6469023, "lat": 13.8369756, "district_id": 13, "row": 271, "col": 578 }, "geometry": { "type": "Point", "coordinates": [ 100.6469023, 13.8369756 ] } },
{ "type": "Feature", "properties": { "name": "วิทยาลัยเทคโนโลยีโพลีกรุงเทพ", "type": "University", "lon": 100.4087802, "lat": 13.7895873, "district_id": 45, "row": 350, "col": 181 }, "geometry": { "type": "Point", "coordinates": [ 100.4087802, 13.7895873 ] } },
{ "type": "Feature", "properties": { "name": "Chimplee School", "type": "School", "lon": 100.4130239, "lat": 13.7911008, "district_id": 44, "row": 348, "col": 188 }, "geometry": { "type": "Point", "coordinates": [ 100.4130239, 13.7911008 ] } },
{ "type": "Feature", "properties": { "name": "ศูนย์การเรียนรู้ระดับแขวงลาดกระบัง", "type": "School", "lon": 100.735897, "lat": 13.7217498, "district_id": 25, "row": 463, "col": 726 }, "geometry": { "type": "Point", "coordinates": [ 100.735897, 13.7217498 ] } },
{ "type": "Feature", "properties": { "name": "โรงพยาบาลสมเด็จพระมหารัชมังคลาจารย์ วรปุญญมหาเถระ", "type": "Hospital", "lon": 100.5692748, "lat": 13.9419786, "district_id": 17, "row": 96, "col": 448 }, "geometry": { "type": "Point", "coordinates": [ 100.5692748, 13.9419786 ] } },
{ "type": "Feature", "properties": { "name": "โรงเรียนกสิณธรอาคาเดมี่", "type": "School", "lon": 100.365121, "lat": 13.7432231, "district_id": 3, "row": 427, "col": 108 }, "geometry": { "type": "Point", "coordinates": [ 100.365121, 13.7432231 ] } },
{ "type": "Feature", "properties": { "name": "วิทยาลัยสารพัดช่างนครหลวง", "type": "University", "lon": 100.4995713, "lat": 13.7857883, "district_id": 8, "row": 357, "col": 332 }, "geometry": { "type": "Point", "coordinates": [ 100.4995713, 13.7857883 ] } },
{ "type": "Feature", "properties": { "name": "โรงเรียนสตรีบูรณวิทย์", "type": "School", "lon": 100.5008995, "lat": 13.7877378, "district_id": 8, "row": 353, "col": 334 }, "geometry": { "type": "Point", "coordinates": [ 100.5008995, 13.7877378 ] } },
{ "type": "Feature", "properties": { "name": "Thairathwittaya 75 Chalermprakiet School", "type": "School", "lon": 100.6460089, "lat": 13.891419, "district_id": 39, "row": 180, "col": 576 }, "geometry": { "type": "Point", "coordinates": [ 100.6460089, 13.891419 ] } },
{ "type": "Feature", "properties": { "name": "โรงเรียนคลองต้นไทร (สุขล้อมอุทิศ)", "type": "School", "lon": 100.3837919, "lat": 13.7833625, "district_id": 45, "row": 361, "col": 139 }, "geometry": { "type": "Point", "coordinates": [ 100.3837919, 13.7833625 ] } },
{ "type": "Feature", "properties": { "name": "โรงเรียนฝึกอาชีพกรุงเทพมหานคร (ม้วนบำรุงศิลป์)", "type": "School", "lon": 100.606751, "lat": 13.8112329, "district_id": 26, "row": 314, "col": 511 }, "geometry": { "type": "Point", "coordinates": [ 100.606751, 13.8112329 ] } },
{ "type": "Feature", "properties": { "name": "Intrarat Hospital", "type": "Hospital", "lon": 100.6725234, "lat": 13.8309941, "district_id": 20, "row": 281, "col": 620 }, "geometry": { "type": "Point", "coordinates": [ 100.6725234, 13.8309941 ] } },
{ "type": "Feature", "properties": { "name": "Navavej International Hospital", "type": "Hospital", "lon": 100.6437021, "lat": 13.8178119, "district_id": 13, "row": 303, "col": 572 }, "geometry": { "type": "Point", "coordinates": [ 100.6437021, 13.8178119 ] } },
{ "type": "Feature", "properties": { "name": "โรงเรียนวัดพรหมสุวรรณสามัคคี", "type": "School", "lon": 100.3675071, "lat": 13.7297785, "district_id": 3, "row": 450, "col": 112 }, "geometry": { "type": "Point", "coordinates": [ 100.3675071, 13.7297785 ] } },
{ "type": "Feature", "properties": { "name": "โรงพยาบาลราชพิพัฒน์", "type": "Hospital", "lon": 100.3667347, "lat": 13.7305751, "district_id": 3, "row": 449, "col": 111 }, "geometry": { "type": "Point", "coordinates": [ 100.3667347, 13.7305751 ] } },
{ "type": "Feature", "properties": { "name": "ศูนย์บริการสาธารณะสุข 67 ทวีวัฒนา", "type": "Hospital", "lon": 100.3543013, "lat": 13.7731564, "district_id": 45, "row": 378, "col": 90 }, "geometry": { "type": "Point", "coordinates": [ 100.3543013, 13.7731564 ] } },
{ "type": "Feature", "properties": { "name": "สถานีตำรวจนครบาลธรรมศาลา", "type": "Police", "lon": 100.3545772, "lat": 13.770717, "district_id": 45, "row": 382, "col": 90 }, "geometry": { "type": "Point", "coordinates": [ 100.3545772, 13.770717 ] } },
{ "type": "Feature", "properties": { "name": "(unnamed)", "type": "School", "lon": 100.5759346, "lat": 13.7197428, "district_id": 23, "row": 467, "col": 459 }, "geometry": { "type": "Point", "coordinates": [ 100.5759346, 13.7197428 ] } },
{ "type": "Feature", "properties": { "name": "(unnamed)", "type": "School", "lon": 100.5774599, "lat": 13.7196956, "district_id": 23, "row": 467, "col": 462 }, "geometry": { "type": "Point", "coordinates": [ 100.5774599, 13.7196956 ] } },
{ "type": "Feature", "properties": { "name": "Saisuda Kindergaten", "type": "School", "lon": 100.6362079, "lat": 13.8362439, "district_id": 13, "row": 272, "col": 560 }, "geometry": { "type": "Point", "coordinates": [ 100.6362079, 13.8362439 ] } },
{ "type": "Feature", "properties": { "name": "Wattrairattanaram School", "type": "School", "lon": 100.61848, "lat": 13.8498267, "district_id": 4, "row": 250, "col": 530 }, "geometry": { "type": "Point", "coordinates": [ 100.61848, 13.8498267 ] } },
{ "type": "Feature", "properties": { "name": "โรงเรียนไตรรัตนาภิรักษ์", "type": "School", "lon": 100.6191089, "lat": 13.8492901, "district_id": 4, "row": 251, "col": 531 }, "geometry": { "type": "Point", "coordinates": [ 100.6191089, 13.8492901 ] } },
{ "type": "Feature", "properties": { "name": "Rajavithi 2 Hospital (Rangsit)", "type": "Hospital", "lon": 100.6202787, "lat": 13.9754011, "district_id": 0, "row": 40, "col": 533 }, "geometry": { "type": "Point", "coordinates": [ 100.6202787, 13.9754011 ] } },
{ "type": "Feature", "properties": { "name": "Highway Police Station 2 Sub-divison 8", "type": "Police", "lon": 100.6733832, "lat": 13.8289986, "district_id": 20, "row": 285, "col": 622 }, "geometry": { "type": "Point", "coordinates": [ 100.6733832, 13.8289986 ] } },
{ "type": "Feature", "properties": { "name": "Saint Mary College", "type": "School", "lon": 100.7920238, "lat": 13.7258729, "district_id": 25, "row": 456, "col": 820 }, "geometry": { "type": "Point", "coordinates": [ 100.7920238, 13.7258729 ] } },
{ "type": "Feature", "properties": { "name": "โรงเรียนมูลนิธิสตรีไทยมุสลิม", "type": "School", "lon": 100.5084482, "lat": 13.7082876, "district_id": 5, "row": 486, "col": 347 }, "geometry": { "type": "Point", "coordinates": [ 100.5084482, 13.7082876 ] } },
{ "type": "Feature", "properties": { "name": "Lerdsin Hospital", "type": "Hospital", "lon": 100.5177517, "lat": 13.7215163, "district_id": 9, "row": 464, "col": 362 }, "geometry": { "type": "Point", "coordinates": [ 100.5177517, 13.7215163 ] } },
{ "type": "Feature", "properties": { "name": "Wat Pho Riang School", "type": "School", "lon": 100.4719492, "lat": 13.7444767, "district_id": 11, "row": 425, "col": 286 }, "geometry": { "type": "Point", "coordinates": [ 100.4719492, 13.7444767 ] } },
{ "type": "Feature", "properties": { "name": "โรงเรียนวัดอัมพวา", "type": "School", "lon": 100.4756886, "lat": 13.7487777, "district_id": 11, "row": 418, "col": 292 }, "geometry": { "type": "Point", "coordinates": [ 100.4756886, 13.7487777 ] } },
{ "type": "Feature", "properties": { "name": "Chinorotwittayalai School", "type": "School", "lon": 100.4787821, "lat": 13.7480294, "district_id": 11, "row": 419, "col": 297 }, "geometry": { "type": "Point", "coordinates": [ 100.4787821, 13.7480294 ] } },
{ "type": "Feature", "properties": { "name": "โรงเรียนวัดดงมูลเหล็ก", "type": "School", "lon": 100.4754516, "lat": 13.7511384, "district_id": 11, "row": 414, "col": 292 }, "geometry": { "type": "Point", "coordinates": [ 100.4754516, 13.7511384 ] } },
{ "type": "Feature", "properties": { "name": "Suananun School", "type": "School", "lon": 100.4756493, "lat": 13.7514968, "district_id": 11, "row": 414, "col": 292 }, "geometry": { "type": "Point", "coordinates": [ 100.4756493, 13.7514968 ] } },
{ "type": "Feature", "properties": { "name": "Li'lberry International Preschool", "type": "School", "lon": 100.5453546, "lat": 13.6793385, "district_id": 50, "row": 534, "col": 408 }, "geometry": { "type": "Point", "coordinates": [ 100.5453546, 13.6793385 ] } },
{ "type": "Feature", "properties": { "name": "Watthaphra School", "type": "School", "lon": 100.4728518, "lat": 13.7335356, "district_id": 12, "row": 444, "col": 288 }, "geometry": { "type": "Point", "coordinates": [ 100.4728518, 13.7335356 ] } },
{ "type": "Feature", "properties": { "name": "Siam Technology College", "type": "University", "lon": 100.4718778, "lat": 13.7385264, "district_id": 12, "row": 435, "col": 286 }, "geometry": { "type": "Point", "coordinates": [ 100.4718778, 13.7385264 ] } },
{ "type": "Feature", "properties": { "name": "Blooming Buds International Kindergarten", "type": "School", "lon": 100.4722268, "lat": 13.7419624, "district_id": 12, "row": 430, "col": 287 }, "geometry": { "type": "Point", "coordinates": [ 100.4722268, 13.7419624 ] } },
{ "type": "Feature", "properties": { "name": "Wat Ratchasittharam School", "type": "School", "lon": 100.4850653, "lat": 13.7356086, "district_id": 12, "row": 440, "col": 308 }, "geometry": { "type": "Point", "coordinates": [ 100.4850653, 13.7356086 ] } },
{ "type": "Feature", "properties": { "name": "โรงเรียนวัดราษฎร์นิยมธรรม (พิบูลสงคราม)", "type": "School", "lon": 100.6249329, "lat": 13.8861248, "district_id": 39, "row": 189, "col": 541 }, "geometry": { "type": "Point", "coordinates": [ 100.6249329, 13.8861248 ] } },
{ "type": "Feature", "properties": { "name": "Wat Phon Mani School", "type": "School", "lon": 100.7982717, "lat": 13.7229542, "district_id": 25, "row": 461, "col": 830 }, "geometry": { "type": "Point", "coordinates": [ 100.7982717, 13.7229542 ] } },
{ "type": "Feature", "properties": { "name": "มหาวิทยาลัยมหิดล (เชิงสะพานสมเด็จพระปิ่นเกล้า)", "type": "University", "lon": 100.4904527, "lat": 13.7641498, "district_id": 8, "row": 393, "col": 317 }, "geometry": { "type": "Point", "coordinates": [ 100.4904527, 13.7641498 ] } },
{ "type": "Feature", "properties": { "name": "โรงเรียนบางเชือกหนัง (พูนบำเพ็ญอนุสรณ์)", "type": "School", "lon": 100.3897684, "lat": 13.7513075, "district_id": 3, "row": 414, "col": 149 }, "geometry": { "type": "Point", "coordinates": [ 100.3897684, 13.7513075 ] } },
{ "type": "Feature", "properties": { "name": "Eastern Asia University", "type": "University", "lon": 100.7203884, "lat": 14.0052017, "district_id": 0, "row": 0, "col": 700 }, "geometry": { "type": "Point", "coordinates": [ 100.7203884, 14.0052017 ] } },
{ "type": "Feature", "properties": { "name": "Little Koala International Kindergarten School", "type": "School", "lon": 100.6448632, "lat": 13.856702, "district_id": 4, "row": 238, "col": 574 }, "geometry": { "type": "Point", "coordinates": [ 100.6448632, 13.856702 ] } },
{ "type": "Feature", "properties": { "name": "Wat Mahannapharam School", "type": "School", "lon": 100.4988995, "lat": 13.7542587, "district_id": 34, "row": 409, "col": 331 }, "geometry": { "type": "Point", "coordinates": [ 100.4988995, 13.7542587 ] } },
{ "type": "Feature", "properties": { "name": "Watkubon (Wattananan U-Thit) School", "type": "School", "lon": 100.6732608, "lat": 13.8541758, "district_id": 21, "row": 243, "col": 622 }, "geometry": { "type": "Point", "coordinates": [ 100.6732608, 13.8541758 ] } },
{ "type": "Feature", "properties": { "name": "โรงเรียนวัดหนัง", "type": "School", "lon": 100.4651463, "lat": 13.7044258, "district_id": 15, "row": 492, "col": 275 }, "geometry": { "type": "Point", "coordinates": [ 100.4651463, 13.7044258 ] } },
{ "type": "Feature", "properties": { "name": "โรงเรียนพิมานวิทย์", "type": "School", "lon": 100.498482, "lat": 13.7581205, "district_id": 34, "row": 403, "col": 330 }, "geometry": { "type": "Point", "coordinates": [ 100.498482, 13.7581205 ] } },
{ "type": "Feature", "properties": { "name": "โรงเรียนคลองมหาสวัสดิ์", "type": "School", "lon": 100.3523173, "lat": 13.8025029, "district_id": 45, "row": 329, "col": 87 }, "geometry": { "type": "Point", "coordinates": [ 100.3523173, 13.8025029 ] } },
{ "type": "Feature", "properties": { "name": "Wat Bang Prathun Nok School", "type": "School", "lon": 100.4590877, "lat": 13.694855, "district_id": 15, "row": 508, "col": 265 }, "geometry": { "type": "Point", "coordinates": [ 100.4590877, 13.694855 ] } },
{ "type": "Feature", "properties": { "name": "Wat Bang Khun Thian Nok School", "type": "School", "lon": 100.4652296, "lat": 13.6966236, "district_id": 15, "row": 505, "col": 275 }, "geometry": { "type": "Point", "coordinates": [ 100.4652296, 13.6966236 ] } },
{ "type": "Feature", "properties": { "name": "Bang Phai Hospital", "type": "Hospital", "lon": 100.4650645, "lat": 13.7250714, "district_id": 31, "row": 458, "col": 275 }, "geometry": { "type": "Point", "coordinates": [ 100.4650645, 13.7250714 ] } },
{ "type": "Feature", "properties": { "name": "สถานีตำรวจนครบาลชนะสงคราม", "type": "Police", "lon": 100.4959999, "lat": 13.7598188, "district_id": 34, "row": 400, "col": 326 }, "geometry": { "type": "Point", "coordinates": [ 100.4959999, 13.7598188 ] } },
{ "type": "Feature", "properties": { "name": "Anubanphonphraruang School", "type": "School", "lon": 100.6622073, "lat": 13.8853879, "district_id": 39, "row": 191, "col": 603 }, "geometry": { "type": "Point", "coordinates": [ 100.6622073, 13.8853879 ] } },
{ "type": "Feature", "properties": { "name": "Pornpraraungprasit School", "type": "School", "lon": 100.6621791, "lat": 13.8849195, "district_id": 39, "row": 191, "col": 603 }, "geometry": { "type": "Point", "coordinates": [ 100.6621791, 13.8849195 ] } },
{ "type": "Feature", "properties": { "name": "Wat Chanasongkhram School", "type": "School", "lon": 100.4950135, "lat": 13.7600017, "district_id": 34, "row": 399, "col": 325 }, "geometry": { "type": "Point", "coordinates": [ 100.4950135, 13.7600017 ] } },
{ "type": "Feature", "properties": { "name": "Panyapiwat Institute of Management Demonstration School", "type": "School", "lon": 100.5302922, "lat": 13.9026126, "district_id": 0, "row": 162, "col": 383 }, "geometry": { "type": "Point", "coordinates": [ 100.5302922, 13.9026126 ] } },
{ "type": "Feature", "properties": { "name": "สถานีตำรวจนครบาลหนองค้างพลู", "type": "Police", "lon": 100.3488416, "lat": 13.7288694, "district_id": 29, "row": 451, "col": 81 }, "geometry": { "type": "Point", "coordinates": [ 100.3488416, 13.7288694 ] } },
{ "type": "Feature", "properties": { "name": "Wat Bang Phun School", "type": "School", "lon": 100.5723423, "lat": 13.989961, "district_id": 0, "row": 16, "col": 453 }, "geometry": { "type": "Point", "coordinates": [ 100.5723423, 13.989961 ] } },
{ "type": "Feature", "properties": { "name": "Nawamintrachinuthit Benjamarachalai School", "type": "School", "lon": 100.6943921, "lat": 13.8910387, "district_id": 21, "row": 181, "col": 657 }, "geometry": { "type": "Point", "coordinates": [ 100.6943921, 13.8910387 ] } },
{ "type": "Feature", "properties": { "name": "โรงเรียนสหกรณ์กสิกรรมชายทะเล", "type": "School", "lon": 100.3848846, "lat": 13.5165944, "district_id": 0, "row": 805, "col": 141 }, "geometry": { "type": "Point", "coordinates": [ 100.3848846, 13.5165944 ] } },
{ "type": "Feature", "properties": { "name": "Phanthainorasing Wittaya School", "type": "School", "lon": 100.3290171, "lat": 13.5119872, "district_id": 0, "row": 813, "col": 48 }, "geometry": { "type": "Point", "coordinates": [ 100.3290171, 13.5119872 ] } },
{ "type": "Feature", "properties": { "name": "โรงเรียนอนุบาลช้างน้อย", "type": "School", "lon": 100.3039078, "lat": 13.51447, "district_id": 0, "row": 809, "col": 6 }, "geometry": { "type": "Point", "coordinates": [ 100.3039078, 13.51447 ] } },
{ "type": "Feature", "properties": { "name": "Watratrangsan school", "type": "School", "lon": 100.329832, "lat": 13.5910803, "district_id": 0, "row": 681, "col": 49 }, "geometry": { "type": "Point", "coordinates": [ 100.329832, 13.5910803 ] } },
{ "type": "Feature", "properties": { "name": "โรงเรียนสารสาสน์วิเทศน์เอกชัย", "type": "School", "lon": 100.3566593, "lat": 13.6278847, "district_id": 0, "row": 620, "col": 94 }, "geometry": { "type": "Point", "coordinates": [ 100.3566593, 13.6278847 ] } },
{ "type": "Feature", "properties": { "name": "Khokkham Police Station", "type": "Police", "lon": 100.323563, "lat": 13.5184546, "district_id": 0, "row": 802, "col": 39 }, "geometry": { "type": "Point", "coordinates": [ 100.323563, 13.5184546 ] } },
{ "type": "Feature", "properties": { "name": "Samut Sakhon Provincial Police Forensic Science", "type": "Police", "lon": 100.3230678, "lat": 13.5194426, "district_id": 0, "row": 800, "col": 38 }, "geometry": { "type": "Point", "coordinates": [ 100.3230678, 13.5194426 ] } },
{ "type": "Feature", "properties": { "name": "โรงเรียนสหกรณ์นิคมเกลือ", "type": "School", "lon": 100.3247715, "lat": 13.5168679, "district_id": 0, "row": 805, "col": 41 }, "geometry": { "type": "Point", "coordinates": [ 100.3247715, 13.5168679 ] } },
{ "type": "Feature", "properties": { "name": "Norwich International School Bangkok", "type": "School", "lon": 100.3777305, "lat": 13.6025453, "district_id": 0, "row": 662, "col": 129 }, "geometry": { "type": "Point", "coordinates": [ 100.3777305, 13.6025453 ] } },
{ "type": "Feature", "properties": { "name": "Panacee Hospital Rama 2", "type": "Hospital", "lon": 100.3773882, "lat": 13.6005787, "district_id": 0, "row": 665, "col": 128 }, "geometry": { "type": "Point", "coordinates": [ 100.3773882, 13.6005787 ] } },
{ "type": "Feature", "properties": { "name": "Latplakhaophitthayakhom School", "type": "School", "lon": 100.6044251, "lat": 13.8456778, "district_id": 26, "row": 257, "col": 507 }, "geometry": { "type": "Point", "coordinates": [ 100.6044251, 13.8456778 ] } },
{ "type": "Feature", "properties": { "name": "Chulalongkorn University", "type": "University", "lon": 100.5312406, "lat": 13.7385748, "district_id": 30, "row": 435, "col": 385 }, "geometry": { "type": "Point", "coordinates": [ 100.5312406, 13.7385748 ] } },
{ "type": "Feature", "properties": { "name": "Mahidol University (Phaya Thai Campus)", "type": "University", "lon": 100.5289564, "lat": 13.7649995, "district_id": 38, "row": 391, "col": 381 }, "geometry": { "type": "Point", "coordinates": [ 100.5289564, 13.7649995 ] } },
{ "type": "Feature", "properties": { "name": "Ramathibodi Hospital", "type": "Hospital", "lon": 100.5266525, "lat": 13.7674351, "district_id": 38, "row": 387, "col": 377 }, "geometry": { "type": "Point", "coordinates": [ 100.5266525, 13.7674351 ] } },
{ "type": "Feature", "properties": { "name": "Saint Francis Xavier School", "type": "School", "lon": 100.5564242, "lat": 13.91221, "district_id": 0, "row": 146, "col": 427 }, "geometry": { "type": "Point", "coordinates": [ 100.5564242, 13.91221 ] } },
{ "type": "Feature", "properties": { "name": "Dhurakij Pundit University", "type": "University", "lon": 100.5510391, "lat": 13.8706193, "district_id": 24, "row": 215, "col": 418 }, "geometry": { "type": "Point", "coordinates": [ 100.5510391, 13.8706193 ] } },
{ "type": "Feature", "properties": { "name": "โรงเรียนอัสสัมชัญหลักสูตรภาษาอังกฤษ", "type": "School", "lon": 100.350926, "lat": 13.5653795, "district_id": 0, "row": 724, "col": 84 }, "geometry": { "type": "Point", "coordinates": [ 100.350926, 13.5653795 ] } },
{ "type": "Feature", "properties": { "name": "Rangsit University", "type": "University", "lon": 100.5846043, "lat": 13.9666664, "district_id": 0, "row": 55, "col": 474 }, "geometry": { "type": "Point", "coordinates": [ 100.5846043, 13.9666664 ] } },
{ "type": "Feature", "properties": { "name": "Siriraj Hospital", "type": "Hospital", "lon": 100.4854072, "lat": 13.757852, "district_id": 11, "row": 403, "col": 309 }, "geometry": { "type": "Point", "coordinates": [ 100.4854072, 13.757852 ] } },
{ "type": "Feature", "properties": { "name": "Siriraj Piyamaharajkarun Hospital", "type": "Hospital", "lon": 100.486176, "lat": 13.7600275, "district_id": 11, "row": 399, "col": 310 }, "geometry": { "type": "Point", "coordinates": [ 100.486176, 13.7600275 ] } },
{ "type": "Feature", "properties": { "name": "King Mongkut's Institute of Technology Ladkrabang", "type": "University", "lon": 100.7789987, "lat": 13.7279047, "district_id": 25, "row": 453, "col": 798 }, "geometry": { "type": "Point", "coordinates": [ 100.7789987, 13.7279047 ] } },
{ "type": "Feature", "properties": { "name": "Bangkok Prep", "type": "School", "lon": 100.6021081, "lat": 13.7153955, "district_id": 48, "row": 474, "col": 503 }, "geometry": { "type": "Point", "coordinates": [ 100.6021081, 13.7153955 ] } },
{ "type": "Feature", "properties": { "name": "St. Andrews Sathorn International School", "type": "School", "lon": 100.5356541, "lat": 13.7251969, "district_id": 9, "row": 458, "col": 392 }, "geometry": { "type": "Point", "coordinates": [ 100.5356541, 13.7251969 ] } },
{ "type": "Feature", "properties": { "name": "โรงเรียนพระแม่มารี", "type": "School", "lon": 100.5265504, "lat": 13.7037817, "district_id": 42, "row": 493, "col": 377 }, "geometry": { "type": "Point", "coordinates": [ 100.5265504, 13.7037817 ] } },
{ "type": "Feature", "properties": { "name": "Thung Maha Mek Fire and Rescue Station", "type": "Fire station", "lon": 100.5449343, "lat": 13.7132051, "district_id": 50, "row": 477, "col": 408 }, "geometry": { "type": "Point", "coordinates": [ 100.5449343, 13.7132051 ] } },
{ "type": "Feature", "properties": { "name": "Rajinibon School", "type": "School", "lon": 100.5131513, "lat": 13.789497, "district_id": 18, "row": 350, "col": 355 }, "geometry": { "type": "Point", "coordinates": [ 100.5131513, 13.789497 ] } },
{ "type": "Feature", "properties": { "name": "King Mongkut's University of Technology Thonburi (Bang Khun Thian)", "type": "University", "lon": 100.4402951, "lat": 13.5772693, "district_id": 6, "row": 704, "col": 233 }, "geometry": { "type": "Point", "coordinates": [ 100.4402951, 13.5772693 ] } },
{ "type": "Feature", "properties": { "name": "โรงเรียนจำนงค์พิทยา", "type": "School", "lon": 100.5595285, "lat": 13.7649058, "district_id": 16, "row": 391, "col": 432 }, "geometry": { "type": "Point", "coordinates": [ 100.5595285, 13.7649058 ] } },
{ "type": "Feature", "properties": { "name": "Maepra Fatima School", "type": "School", "lon": 100.5560454, "lat": 13.7602519, "district_id": 16, "row": 399, "col": 426 }, "geometry": { "type": "Point", "coordinates": [ 100.5560454, 13.7602519 ] } },
{ "type": "Feature", "properties": { "name": "The Regent's School", "type": "School", "lon": 100.5837533, "lat": 13.7703239, "district_id": 19, "row": 382, "col": 472 }, "geometry": { "type": "Point", "coordinates": [ 100.5837533, 13.7703239 ] } },
{ "type": "Feature", "properties": { "name": "โรงเรียนวัดราชคฤห์", "type": "School", "lon": 100.4796256, "lat": 13.7225465, "district_id": 46, "row": 462, "col": 299 }, "geometry": { "type": "Point", "coordinates": [ 100.4796256, 13.7225465 ] } },
{ "type": "Feature", "properties": { "name": "โรงเรียนวัดเวฬุราชิณ", "type": "School", "lon": 100.4861191, "lat": 13.7260485, "district_id": 46, "row": 456, "col": 310 }, "geometry": { "type": "Point", "coordinates": [ 100.4861191, 13.7260485 ] } },
{ "type": "Feature", "properties": { "name": "University of Thai Chamber of Commerce", "type": "University", "lon": 100.5605535, "lat": 13.7797232, "district_id": 16, "row": 367, "col": 434 }, "geometry": { "type": "Point", "coordinates": [ 100.5605535, 13.7797232 ] } },
{ "type": "Feature", "properties": { "name": "Wat Saket School", "type": "School", "lon": 100.5089955, "lat": 13.7532044, "district_id": 35, "row": 411, "col": 348 }, "geometry": { "type": "Point", "coordinates": [ 100.5089955, 13.7532044 ] } },
{ "type": "Feature", "properties": { "name": "Bangkok Patana School", "type": "School", "lon": 100.621752, "lat": 13.6634758, "district_id": 7, "row": 560, "col": 536 }, "geometry": { "type": "Point", "coordinates": [ 100.621752, 13.6634758 ] } },
{ "type": "Feature", "properties": { "name": "Vajiravudh College", "type": "School", "lon": 100.5180002, "lat": 13.7761677, "district_id": 18, "row": 373, "col": 363 }, "geometry": { "type": "Point", "coordinates": [ 100.5180002, 13.7761677 ] } },
{ "type": "Feature", "properties": { "name": "Rachawinit School", "type": "School", "lon": 100.5081753, "lat": 13.7716644, "district_id": 18, "row": 380, "col": 346 }, "geometry": { "type": "Point", "coordinates": [ 100.5081753, 13.7716644 ] } },
{ "type": "Feature", "properties": { "name": "Suan Dusit University", "type": "University", "lon": 100.5113225, "lat": 13.7771514, "district_id": 18, "row": 371, "col": 352 }, "geometry": { "type": "Point", "coordinates": [ 100.5113225, 13.7771514 ] } },
{ "type": "Feature", "properties": { "name": "Bumrungrad International Hospital", "type": "Hospital", "lon": 100.5525241, "lat": 13.7465403, "district_id": 48, "row": 422, "col": 420 }, "geometry": { "type": "Point", "coordinates": [ 100.5525241, 13.7465403 ] } },
{ "type": "Feature", "properties": { "name": "Srithanya Hospital", "type": "Hospital", "lon": 100.5196861, "lat": 13.8463074, "district_id": 0, "row": 256, "col": 366 }, "geometry": { "type": "Point", "coordinates": [ 100.5196861, 13.8463074 ] } },
{ "type": "Feature", "properties": { "name": "Chulabhorn Royal Academy", "type": "University", "lon": 100.5732336, "lat": 13.881363, "district_id": 24, "row": 197, "col": 455 }, "geometry": { "type": "Point", "coordinates": [ 100.5732336, 13.881363 ] } },
{ "type": "Feature", "properties": { "name": "Chulalongkorn University Demonstration School", "type": "School", "lon": 100.5271831, "lat": 13.736765, "district_id": 30, "row": 438, "col": 378 }, "geometry": { "type": "Point", "coordinates": [ 100.5271831, 13.736765 ] } },
{ "type": "Feature", "properties": { "name": "Synphaet Ramindra Hospital", "type": "Hospital", "lon": 100.6665379, "lat": 13.833689, "district_id": 20, "row": 277, "col": 610 }, "geometry": { "type": "Point", "coordinates": [ 100.6665379, 13.833689 ] } },
{ "type": "Feature", "properties": { "name": "Bodindecha (Sing Singhaseni) 2 School", "type": "School", "lon": 100.6557626, "lat": 13.8144542, "district_id": 13, "row": 309, "col": 592 }, "geometry": { "type": "Point", "coordinates": [ 100.6557626, 13.8144542 ] } },
{ "type": "Feature", "properties": { "name": "Bangkok Christian College", "type": "School", "lon": 100.5226896, "lat": 13.7209439, "district_id": 9, "row": 465, "col": 371 }, "geometry": { "type": "Point", "coordinates": [ 100.5226896, 13.7209439 ] } },
{ "type": "Feature", "properties": { "name": "สำนักแพทย์และอนามัย การท่าเรือฯ", "type": "Hospital", "lon": 100.5661341, "lat": 13.7151475, "district_id": 23, "row": 474, "col": 443 }, "geometry": { "type": "Point", "coordinates": [ 100.5661341, 13.7151475 ] } },
{ "type": "Feature", "properties": { "name": "โรงเรียนชุมชนหมู่บ้านพัฒนา", "type": "School", "lon": 100.5748368, "lat": 13.7109215, "district_id": 23, "row": 481, "col": 458 }, "geometry": { "type": "Point", "coordinates": [ 100.5748368, 13.7109215 ] } },
{ "type": "Feature", "properties": { "name": "โรงเรียนศูนย์รวมน้ำใจ", "type": "School", "lon": 100.5698746, "lat": 13.7130219, "district_id": 23, "row": 478, "col": 449 }, "geometry": { "type": "Point", "coordinates": [ 100.5698746, 13.7130219 ] } },
{ "type": "Feature", "properties": { "name": "Thammasat University Tha Phra Chan", "type": "University", "lon": 100.4906636, "lat": 13.7576194, "district_id": 34, "row": 403, "col": 317 }, "geometry": { "type": "Point", "coordinates": [ 100.4906636, 13.7576194 ] } },
{ "type": "Feature", "properties": { "name": "Bunditpatanasilpa Institute of Fine Arts", "type": "University", "lon": 100.4915173, "lat": 13.7595937, "district_id": 34, "row": 400, "col": 319 }, "geometry": { "type": "Point", "coordinates": [ 100.4915173, 13.7595937 ] } },
{ "type": "Feature", "properties": { "name": "Rajini School", "type": "School", "lon": 100.4937753, "lat": 13.7426386, "district_id": 34, "row": 428, "col": 322 }, "geometry": { "type": "Point", "coordinates": [ 100.4937753, 13.7426386 ] } },
{ "type": "Feature", "properties": { "name": "Railway police division", "type": "Police", "lon": 100.5169352, "lat": 13.7459251, "district_id": 30, "row": 423, "col": 361 }, "geometry": { "type": "Point", "coordinates": [ 100.5169352, 13.7459251 ] } }
]
}
